# Blender 4.2.0
# www.blender.org
mtllib female_head_scaled.mtl
o Mesh_0
v -0.243444 1.691113 9.196555
v -0.253408 1.714427 9.147765
v -0.238743 1.678139 9.186308
v -0.243256 1.677293 9.142501
v -0.221822 1.641289 9.202853
v -0.266946 1.766413 9.152559
v -0.254537 1.717059 9.219398
v -0.238931 1.676353 9.239046
v -0.222104 1.639596 9.257660
v -0.262621 1.740091 9.216391
v -0.261493 1.711794 9.280410
v -0.271740 1.774967 9.198529
v -0.231787 1.650407 9.286897
v -0.210447 1.621077 9.244217
v -0.208849 1.615154 9.273735
v -0.218908 1.623615 9.302126
v -0.210259 1.607258 9.315381
v -0.230189 1.631136 9.328824
v -0.191739 1.587516 9.314253
v -0.217215 1.593063 9.377049
v -0.250024 1.680396 9.298836
v -0.196158 1.599643 9.259352
v -0.199072 1.603967 9.231338
v -0.178672 1.577175 9.313125
v -0.272398 1.701641 9.337566
v -0.184783 1.586952 9.259258
v -0.177450 1.569843 9.349881
v -0.198320 1.584132 9.351950
v -0.167203 1.568244 9.324406
v -0.169083 1.573039 9.286144
v -0.157144 1.559972 9.347626
v -0.172656 1.576141 9.258694
v -0.190517 1.568902 9.385605
v -0.154136 1.544085 9.412209
v -0.142291 1.548503 9.380810
v -0.157615 1.565518 9.298083
v -0.117567 1.538068 9.399894
v -0.140975 1.556399 9.321303
v -0.138719 1.542580 9.401398
v -0.119165 1.549255 9.293007
v -0.153948 1.563450 9.257284
v -0.106380 1.541922 9.365957
v -0.081562 1.539760 9.324969
v -0.164101 1.566458 9.219398
v -0.043771 1.534778 9.345181
v -0.134207 1.551981 9.241961
v -0.079118 1.537786 9.285769
v -0.103278 1.540888 9.250892
v -0.151410 1.555741 9.207742
v -0.132608 1.545495 9.206520
v -0.175664 1.574167 9.208212
v -0.157050 1.545683 9.159046
v -0.187509 1.588268 9.219398
v -0.175288 1.562886 9.167883
v -0.186851 1.580653 9.186590
v -0.197662 1.597105 9.195897
v -0.207721 1.612616 9.194487
v -0.220882 1.608856 9.133852
v -0.235829 1.655766 9.145979
v -0.223420 1.625965 9.150773
v -0.204524 1.587892 9.146543
v -0.187979 1.555459 9.122006
v -0.214019 1.573321 9.101889
v -0.238085 1.648527 9.126707
v -0.237521 1.629726 9.110444
v -0.233667 1.595225 9.089104
v -0.264501 1.672405 9.060808
v -0.254443 1.686788 9.098975
v -0.261117 1.708222 9.084685
v -0.265065 1.701547 9.064850
v -0.261117 1.727212 9.103205
v -0.269108 1.724579 9.049996
v -0.274090 1.703898 9.031571
v -0.272492 1.745543 9.024333
v -0.269108 1.755602 9.056766
v -0.267792 1.769703 9.109034
v -0.272022 1.800162 9.116366
v -0.269578 1.772899 9.065696
v -0.271552 1.787000 9.008539
v -0.270612 1.802230 9.062593
v -0.265347 1.830432 8.992464
v -0.272774 1.829022 9.112982
v -0.271834 1.795367 8.983345
v -0.278414 1.759832 8.973099
v -0.276722 1.713674 9.017941
v -0.275782 1.797247 8.931547
v -0.282739 1.682746 9.013992
v -0.285089 1.751936 8.948187
v -0.289695 1.701171 8.983627
v -0.290635 1.760114 8.916600
v -0.298438 1.683310 8.976765
v -0.285935 1.774215 8.905789
v -0.272116 1.664696 9.041912
v -0.315924 1.683592 8.935590
v -0.294020 1.674191 8.992558
v -0.252656 1.639502 9.079045
v -0.288285 1.665354 9.007881
v -0.317616 1.658210 8.953545
v -0.246922 1.611770 9.076225
v -0.271458 1.634896 9.040596
v -0.252938 1.602275 9.059586
v -0.319308 1.669303 8.940666
v -0.317898 1.681336 8.929197
v -0.321188 1.655108 8.945930
v -0.321000 1.666765 8.934085
v -0.317710 1.644297 8.959091
v -0.322598 1.652381 8.939161
v -0.319966 1.664508 8.928163
v -0.320906 1.641006 8.951289
v -0.315924 1.630572 8.964450
v -0.318838 1.627093 8.956459
v -0.322034 1.638186 8.944144
v -0.321188 1.650031 8.932958
v -0.308215 1.620889 8.978551
v -0.314889 1.613368 8.961535
v -0.319590 1.624085 8.949126
v -0.320342 1.635648 8.937657
v -0.312351 1.616940 8.969714
v -0.316300 1.647963 8.927223
v -0.317616 1.621547 8.942358
v -0.315266 1.633580 8.931735
v -0.315454 1.610266 8.953921
v -0.309531 1.599831 8.966236
v -0.313385 1.607634 8.946964
v -0.307275 1.603497 8.974697
v -0.309813 1.596729 8.958433
v -0.302951 1.583662 8.962664
v -0.298626 1.611958 8.992934
v -0.271834 1.617599 9.035520
v -0.300694 1.590430 8.979115
v -0.292704 1.598891 8.997540
v -0.294866 1.574167 8.974603
v -0.292892 1.577739 8.983157
v -0.277380 1.573885 9.005156
v -0.230847 1.575389 9.074439
v -0.276910 1.548221 8.973192
v -0.276534 1.551041 8.981277
v -0.274842 1.554425 8.989832
v -0.255289 1.555835 9.020103
v -0.226522 1.555741 9.059115
v -0.201516 1.553955 9.095120
v -0.239213 1.532804 9.014368
v -0.210823 1.539948 9.060714
v -0.181963 1.532240 9.087412
v -0.256605 1.531487 8.986354
v -0.211481 1.511182 9.017282
v -0.234607 1.517950 8.998199
v -0.199166 1.494166 9.002241
v -0.169271 1.536376 9.114017
v -0.237709 1.513062 8.982406
v -0.257357 1.528949 8.978456
v -0.138249 1.531770 9.149833
v -0.163443 1.515506 9.078575
v -0.138437 1.515318 9.104991
v -0.167485 1.471699 8.991524
v -0.119729 1.537222 9.195239
v -0.081092 1.525941 9.201255
v -0.076768 1.532710 9.246285
v -0.050164 1.533368 9.292725
v -0.033430 1.528197 9.263489
v -0.093219 1.522839 9.174369
v 0.000036 1.529513 9.286239
v -0.118977 1.517668 9.131313
v -0.051386 1.507892 9.154909
v -0.038507 1.516822 9.196931
v -0.016227 1.520677 9.225227
v 0.000036 1.515976 9.204452
v 0.024572 1.523403 9.237449
v 0.000036 1.532616 9.327508
v 0.041400 1.529231 9.264898
v 0.023256 1.515036 9.195991
v 0.053715 1.521429 9.208024
v 0.000036 1.502721 9.154439
v 0.044126 1.506575 9.154816
v 0.036511 1.497175 9.130185
v 0.100437 1.529795 9.193546
v 0.082857 1.532521 9.234722
v 0.034349 1.532616 9.303160
v 0.086900 1.540418 9.300340
v 0.017898 1.533180 9.355710
v 0.009155 1.531863 9.380716
v 0.067440 1.537410 9.335592
v 0.036417 1.531111 9.394159
v -0.045369 1.531393 9.394817
v 0.096864 1.538726 9.249857
v -0.086263 1.535718 9.386827
v -0.055804 1.525283 9.427720
v -0.089177 1.529325 9.418601
v -0.057872 1.515224 9.458742
v -0.092467 1.520018 9.448308
v -0.009928 1.511840 9.469460
v -0.068965 1.505823 9.479424
v -0.109013 1.521335 9.448308
v -0.105064 1.507139 9.477921
v -0.140129 1.526223 9.448589
v -0.119729 1.487116 9.512703
v -0.130258 1.510148 9.477262
v -0.159025 1.521711 9.467579
v -0.145864 1.491252 9.511575
v -0.164759 1.540794 9.431574
v -0.193055 1.552733 9.433925
v -0.192397 1.539102 9.460435
v -0.206029 1.564108 9.426122
v -0.176040 1.521617 9.477826
v -0.171152 1.446222 9.585464
v -0.228778 1.548785 9.481492
v -0.224078 1.572287 9.436557
v -0.235171 1.591276 9.419166
v -0.243350 1.583286 9.446427
v -0.240529 1.627093 9.366803
v -0.257263 1.602745 9.438061
v -0.251340 1.621265 9.400552
v -0.281799 1.700701 9.363606
v -0.193431 1.522087 9.488919
v -0.189201 1.452145 9.584995
v -0.234137 1.506669 9.540905
v -0.215335 1.463332 9.585183
v -0.259989 1.565612 9.492209
v -0.246452 1.470665 9.602011
v -0.257639 1.511558 9.556134
v -0.196628 1.433907 9.618179
v -0.237427 1.444060 9.635289
v -0.275406 1.492098 9.602857
v -0.292892 1.553485 9.541845
v -0.283961 1.521805 9.571458
v -0.277098 1.603779 9.464195
v -0.321846 1.571253 9.556322
v -0.296464 1.510712 9.603232
v -0.261023 1.470194 9.618837
v -0.281235 1.465682 9.653809
v -0.332939 1.622299 9.514771
v -0.329931 1.545495 9.603232
v -0.260929 1.449795 9.653244
v -0.319308 1.512028 9.636981
v -0.285935 1.460136 9.671858
v -0.350142 1.593815 9.571646
v -0.312069 1.475271 9.691130
v -0.341682 1.537598 9.636888
v -0.273432 1.432215 9.709273
v -0.334443 1.499431 9.691412
v -0.357851 1.569279 9.619590
v -0.363021 1.545119 9.671952
v -0.366406 1.605472 9.587345
v -0.363209 1.626811 9.557357
v -0.388027 1.595601 9.651928
v -0.381353 1.618915 9.603045
v -0.349390 1.633204 9.528590
v -0.399496 1.631982 9.633973
v -0.378157 1.640160 9.572868
v -0.358133 1.648527 9.529436
v -0.372892 1.661970 9.544760
v -0.335571 1.639596 9.502926
v -0.344126 1.654450 9.503866
v -0.351835 1.670431 9.505370
v -0.316206 1.682370 9.447368
v -0.281799 1.632640 9.438155
v -0.299284 1.670713 9.429036
v -0.265911 1.626717 9.420199
v -0.296370 1.724673 9.373289
v -0.301728 1.698821 9.409389
v -0.316488 1.727588 9.419071
v -0.286405 1.736518 9.332114
v -0.278038 1.735860 9.305322
v -0.301352 1.761524 9.351292
v -0.324290 1.769703 9.412303
v -0.331153 1.747423 9.440599
v -0.271176 1.744885 9.260386
v -0.285371 1.771395 9.284170
v -0.288003 1.795743 9.265556
v -0.310095 1.812759 9.343113
v -0.289413 1.821031 9.246755
v -0.275970 1.799315 9.183018
v -0.282927 1.830526 9.203794
v -0.276722 1.837577 9.155191
v -0.283115 1.844721 9.201444
v -0.286781 1.862019 9.224475
v -0.279825 1.857788 9.186872
v -0.300788 1.865215 9.283512
v -0.279167 1.874146 9.196461
v -0.271458 1.864933 9.140620
v -0.265723 1.847353 9.057517
v -0.256699 1.873864 9.043135
v -0.290447 1.877906 9.246097
v -0.267134 1.879316 9.138552
v -0.274748 1.888717 9.194111
v -0.284055 1.891255 9.230680
v -0.266382 1.901596 9.180386
v -0.271834 1.903946 9.203794
v -0.260647 1.891161 9.125955
v -0.264407 1.917389 9.202007
v -0.256417 1.913535 9.167225
v -0.279449 1.904510 9.228047
v -0.295054 1.922278 9.283700
v -0.267980 1.936849 9.236696
v -0.290447 1.938259 9.283888
v -0.301634 1.935721 9.307202
v -0.316206 1.918329 9.342925
v -0.312069 1.954992 9.331362
v -0.255665 1.930268 9.200786
v -0.248332 1.928764 9.177001
v -0.250118 1.956779 9.227201
v -0.274748 1.949258 9.261608
v -0.300130 1.963829 9.309928
v -0.231129 1.963453 9.204639
v -0.220600 1.967871 9.194581
v -0.269202 1.970598 9.266591
v -0.241093 1.978870 9.235474
v -0.293550 1.979340 9.300998
v -0.310001 2.016097 9.323090
v -0.221258 1.986109 9.217612
v -0.267604 1.992313 9.271291
v -0.287721 2.036685 9.296579
v -0.238461 1.993347 9.240739
v -0.247862 2.013465 9.255686
v -0.200200 2.001620 9.207742
v -0.193431 1.992501 9.193077
v -0.208849 2.004534 9.217612
v -0.149154 2.038001 9.187342
v -0.217968 2.023994 9.232748
v -0.248520 2.030104 9.259070
v -0.210353 2.063383 9.234816
v -0.259519 2.070622 9.272795
v -0.227650 2.128155 9.253712
v -0.285465 2.072126 9.299682
v -0.245606 2.119788 9.268471
v -0.302574 2.042419 9.315192
v -0.260647 2.123078 9.286239
v -0.315736 2.032455 9.333336
v -0.299284 2.069588 9.317261
v -0.295242 2.088859 9.318859
v -0.319214 2.050128 9.343771
v -0.326546 2.032455 9.353266
v -0.327769 2.006791 9.353078
v -0.305865 2.088577 9.336533
v -0.285277 2.137367 9.331174
v -0.328709 2.050974 9.363889
v -0.281611 2.118754 9.312749
v -0.337545 2.016097 9.374982
v -0.331341 1.975392 9.364923
v -0.266475 2.147238 9.306638
v -0.208661 2.210223 9.261890
v -0.277756 2.155229 9.332584
v -0.256323 2.172526 9.309270
v -0.316112 1.933277 9.342549
v -0.328803 1.932806 9.379212
v -0.261963 2.179483 9.326662
v -0.281047 2.164536 9.349600
v -0.299096 2.149964 9.375075
v -0.252562 2.206557 9.344994
v -0.204900 2.238050 9.278624
v -0.293362 2.138213 9.348189
v -0.313667 2.133983 9.394629
v -0.312163 2.110575 9.365110
v -0.317710 2.079365 9.354676
v -0.322692 2.102866 9.384758
v -0.341964 2.065545 9.408918
v -0.346288 2.046650 9.410047
v -0.332657 2.095816 9.407227
v -0.326264 2.129565 9.429789
v -0.348356 2.069776 9.436087
v -0.342340 2.116968 9.474629
v -0.321940 2.152503 9.453760
v -0.341306 2.025780 9.386263
v -0.358979 2.056333 9.470211
v -0.347134 2.001150 9.400082
v -0.350236 2.019858 9.412021
v -0.360953 2.026908 9.458179
v -0.353339 2.087449 9.480741
v -0.363585 2.062537 9.503961
v -0.360577 2.122044 9.586781
v -0.343750 2.172526 9.591951
v -0.383327 2.033207 9.607463
v -0.375901 2.090457 9.637169
v -0.376559 2.000022 9.540623
v -0.359449 1.998800 9.445206
v -0.374960 1.973606 9.525488
v -0.350800 1.978588 9.415781
v -0.371012 1.954616 9.506874
v -0.341494 1.976238 9.388895
v -0.353527 1.965427 9.432421
v -0.356441 1.933465 9.465699
v -0.381917 1.956590 9.547862
v -0.341964 1.914381 9.433548
v -0.371576 1.946062 9.506405
v -0.346852 1.891349 9.449059
v -0.341118 1.897648 9.434771
v -0.332657 1.903100 9.407414
v -0.320718 1.841995 9.369435
v -0.336981 1.841901 9.424053
v -0.316582 1.802230 9.372255
v -0.334913 1.802982 9.426874
v -0.348262 1.841431 9.452350
v -0.347510 1.788129 9.461093
v -0.358133 1.904792 9.470869
v -0.355783 1.779010 9.479612
v -0.345160 1.734638 9.472562
v -0.333785 1.696565 9.467015
v -0.365560 1.684532 9.519753
v -0.364244 1.835696 9.482057
v -0.396394 1.762558 9.549742
v -0.372422 1.808716 9.499166
v -0.380037 1.818775 9.505840
v -0.370918 1.842653 9.489765
v -0.393292 1.798939 9.529436
v -0.387745 1.826014 9.510259
v -0.402129 1.773557 9.553596
v -0.419050 1.772335 9.576440
v -0.365466 1.892007 9.480176
v -0.407299 1.754756 9.571363
v -0.417452 1.760960 9.584619
v -0.391036 1.693933 9.561963
v -0.417076 1.748081 9.593832
v -0.385959 1.676447 9.560365
v -0.402505 1.670055 9.603232
v -0.385677 1.656894 9.573620
v -0.406171 1.649467 9.633127
v -0.415948 1.665825 9.646664
v -0.412564 1.628033 9.682293
v -0.429015 1.728716 9.639708
v -0.432963 1.750243 9.627204
v -0.405325 1.609702 9.684643
v -0.388027 1.574543 9.688215
v -0.412940 1.607540 9.720742
v -0.426007 1.754474 9.606052
v -0.431741 1.761148 9.607181
v -0.435125 1.758516 9.617428
v -0.440484 1.755320 9.637263
v -0.440296 1.747799 9.658227
v -0.446594 1.758798 9.637546
v -0.441894 1.762182 9.618367
v -0.431083 1.772523 9.588191
v -0.421776 1.782300 9.568638
v -0.406171 1.799598 9.541187
v -0.435595 1.779104 9.579261
v -0.447440 1.766037 9.609625
v -0.450261 1.762934 9.619590
v -0.425631 1.790385 9.559989
v -0.429767 1.797435 9.550400
v -0.414914 1.802982 9.542033
v -0.400155 1.823193 9.518720
v -0.445466 1.779104 9.579637
v -0.453739 1.769045 9.600506
v -0.482881 1.764439 9.602669
v -0.488428 1.755790 9.625042
v -0.469250 1.782206 9.568168
v -0.482411 1.775814 9.579449
v -0.465396 1.796495 9.546734
v -0.493974 1.759362 9.614796
v -0.493692 1.770455 9.591858
v -0.454397 1.759268 9.638579
v -0.498957 1.750055 9.646100
v -0.482223 1.752406 9.643561
v -0.491530 1.749303 9.654279
v -0.483257 1.750149 9.670918
v -0.451859 1.758140 9.675242
v -0.503093 1.755884 9.626828
v -0.457687 1.757952 9.666123
v -0.458815 1.759268 9.684737
v -0.444338 1.754192 9.656816
v -0.447064 1.754568 9.676653
v -0.453457 1.762182 9.704855
v -0.459097 1.762465 9.704009
v -0.482317 1.752782 9.698556
v -0.491248 1.748457 9.681447
v -0.449979 1.761148 9.718486
v -0.444996 1.748927 9.690189
v -0.437288 1.738775 9.660389
v -0.453645 1.767729 9.724785
v -0.444244 1.741219 9.706923
v -0.441236 1.738963 9.683044
v -0.430613 1.681712 9.688027
v -0.422340 1.645801 9.696018
v -0.436347 1.682746 9.719990
v -0.423186 1.626341 9.736159
v -0.428921 1.645895 9.731553
v -0.426195 1.626623 9.756277
v -0.436159 1.666013 9.744996
v -0.441518 1.686412 9.756653
v -0.434561 1.648057 9.772352
v -0.443680 1.675507 9.812023
v -0.448380 1.703898 9.818040
v -0.439826 1.654168 9.846619
v -0.446312 1.682934 9.841730
v -0.449603 1.768951 9.755807
v -0.430989 1.628315 9.800743
v -0.421776 1.606412 9.782129
v -0.432869 1.629256 9.849909
v -0.425161 1.605848 9.852541
v -0.411153 1.586576 9.763798
v -0.415384 1.585354 9.807794
v -0.399308 1.568902 9.745749
v -0.407017 1.564296 9.832893
v -0.382293 1.555459 9.708239
v -0.392258 1.549255 9.768404
v -0.371858 1.539290 9.709273
v -0.368192 1.517950 9.749885
v -0.357099 1.502815 9.750448
v -0.373080 1.513344 9.792000
v -0.334537 1.475271 9.750543
v -0.339520 1.469724 9.792282
v -0.374584 1.511558 9.813716
v -0.301446 1.441240 9.749697
v -0.315077 1.448385 9.770660
v -0.306711 1.435412 9.791342
v -0.269860 1.415294 9.749132
v -0.320624 1.443214 9.834303
v -0.341118 1.467938 9.813716
v -0.353245 1.480159 9.835619
v -0.396864 1.545119 9.834303
v -0.386241 1.527069 9.835243
v -0.406077 1.562322 9.879145
v -0.364526 1.493978 9.857617
v -0.396864 1.544085 9.856959
v -0.374866 1.509114 9.879615
v -0.353433 1.479877 9.878675
v -0.384079 1.525377 9.901801
v -0.415572 1.582722 9.878393
v -0.407863 1.578961 9.948523
v -0.419708 1.600771 9.926431
v -0.427323 1.622487 9.927371
v -0.414820 1.617316 9.995903
v -0.398838 1.560066 9.947019
v -0.407675 1.597199 9.993176
v -0.399778 1.578115 9.990639
v -0.386147 1.543144 9.966290
v -0.390190 1.579337 10.028241
v -0.402693 1.597011 10.012918
v -0.409555 1.616753 10.015926
v -0.379567 1.526223 9.944386
v -0.386053 1.599455 10.064716
v -0.370260 1.531017 10.002295
v -0.371858 1.509960 9.922482
v -0.359919 1.497175 9.941942
v -0.357851 1.499337 9.961590
v -0.340554 1.472451 9.939780
v -0.344408 1.493508 9.997219
v -0.358885 1.539666 10.051461
v -0.347228 1.512592 10.032189
v -0.372986 1.566834 10.057571
v -0.341024 1.521429 10.061802
v -0.346664 1.550007 10.090569
v -0.357381 1.573885 10.097619
v -0.333691 1.487304 10.013482
v -0.318086 1.463520 9.994963
v -0.310095 1.449889 9.976255
v -0.312821 1.480347 10.045915
v -0.298626 1.451957 10.012824
v -0.285277 1.465400 10.064623
v -0.318744 1.494824 10.060862
v -0.332187 1.536000 10.097995
v -0.319684 1.522651 10.099781
v -0.300788 1.487116 10.077501
v -0.311411 1.525095 10.113601
v -0.334537 1.556870 10.117172
v -0.347416 1.563732 10.104482
v -0.333503 1.576799 10.135880
v -0.317428 1.549161 10.131462
v -0.271928 1.487022 10.113131
v -0.274748 1.467374 10.082202
v -0.286311 1.532240 10.147913
v -0.288097 1.508832 10.121967
v -0.302762 1.553485 10.150734
v -0.260271 1.505071 10.144999
v -0.252092 1.487586 10.133154
v -0.244948 1.459666 10.104012
v -0.267322 1.551981 10.181568
v -0.215993 1.433625 10.092355
v -0.213173 1.468314 10.142931
v -0.231787 1.490688 10.153835
v -0.249084 1.528197 10.176680
v -0.201328 1.492004 10.177338
v -0.200670 1.507797 10.192943
v -0.219660 1.532146 10.201686
v -0.182809 1.442180 10.131650
v -0.169460 1.496423 10.200840
v -0.179424 1.517480 10.214189
v -0.199448 1.542956 10.222931
v -0.238367 1.557058 10.207891
v -0.267322 1.585542 10.205728
v -0.188919 1.559408 10.240793
v -0.168331 1.532898 10.232426
v -0.158085 1.510524 10.219359
v -0.112115 1.518232 10.244365
v -0.112209 1.498021 10.227350
v -0.135335 1.544649 10.255928
v -0.228590 1.592310 10.238161
v -0.145958 1.569279 10.267867
v -0.198978 1.605190 10.263354
v -0.099330 1.537410 10.262415
v -0.099142 1.560254 10.277925
v -0.058342 1.509490 10.249348
v -0.072255 1.556682 10.281498
v -0.111551 1.585636 10.289771
v -0.156392 1.594379 10.278302
v -0.145394 1.615436 10.293814
v -0.072161 1.580653 10.296164
v -0.043959 1.530641 10.267491
v -0.043865 1.578397 10.298984
v -0.029482 1.506857 10.250288
v -0.029388 1.553297 10.284600
v -0.014723 1.529043 10.268337
v 0.000036 1.576987 10.300488
v 0.000036 1.552545 10.285070
v 0.029461 1.529701 10.268055
v 0.000036 1.601899 10.314213
v -0.058060 1.604061 10.311205
v 0.029273 1.602463 10.313461
v 0.043844 1.578397 10.298984
v 0.058227 1.555271 10.282908
v 0.085865 1.582158 10.294283
v -0.014629 1.627281 10.325964
v -0.085699 1.606506 10.307350
v -0.057966 1.629067 10.322956
v -0.123208 1.611488 10.299829
v -0.098766 1.632640 10.316469
v -0.145300 1.639220 10.304718
v -0.177920 1.622487 10.283096
v -0.123020 1.660372 10.320700
v -0.071785 1.655484 10.331228
v -0.029200 1.653415 10.335647
v -0.188919 1.671277 10.298326
v -0.071691 1.681524 10.339877
v -0.014629 1.653039 10.336305
v -0.029106 1.679644 10.344483
v 0.014608 1.653039 10.336305
v 0.000036 1.679268 10.345424
v -0.028918 1.706624 10.351910
v -0.110987 1.684438 10.332074
v 0.043656 1.628315 10.324366
v 0.058039 1.604061 10.311205
v 0.098839 1.608010 10.305094
v -0.134207 1.686882 10.325870
v -0.122738 1.711512 10.336022
v -0.167203 1.691489 10.314683
v -0.057496 1.707470 10.349184
v -0.145205 1.713674 10.329160
v -0.145205 1.739621 10.334518
v -0.071033 1.735484 10.353226
v -0.110423 1.737270 10.345047
v -0.122080 1.765097 10.346175
v -0.043019 1.734544 10.356893
v -0.056744 1.763123 10.360088
v 0.000036 1.733980 10.358960
v -0.178296 1.717811 10.316751
v -0.178390 1.742817 10.321828
v -0.199918 1.696941 10.301146
v -0.200106 1.720819 10.307257
v -0.220788 1.700325 10.290899
v -0.241751 1.726460 10.284788
v -0.240529 1.680960 10.272661
v -0.178390 1.768199 10.325494
v -0.229812 1.656706 10.270217
v -0.260929 1.684250 10.259594
v -0.219284 1.632358 10.265799
v -0.239119 1.637058 10.255458
v -0.219002 1.610548 10.254800
v -0.248050 1.598139 10.228290
v -0.279167 1.645707 10.229700
v -0.287251 1.609608 10.204130
v -0.290353 1.668081 10.229700
v -0.305113 1.597575 10.180628
v -0.307745 1.632640 10.198019
v -0.295148 1.578585 10.177243
v -0.330871 1.603685 10.157784
v -0.349484 1.621641 10.145563
v -0.328239 1.654920 10.187396
v -0.360577 1.639408 10.140111
v -0.360577 1.604625 10.118488
v -0.373738 1.602275 10.093576
v -0.383327 1.638468 10.102037
v -0.391882 1.617881 10.068477
v -0.390378 1.637904 10.087561
v -0.371576 1.658398 10.132684
v -0.394514 1.658022 10.091320
v -0.357005 1.677575 10.161075
v -0.409837 1.637058 10.037924
v -0.414632 1.658304 10.041214
v -0.421024 1.638374 9.998723
v -0.426101 1.660090 10.001731
v -0.418298 1.680114 10.044316
v -0.430237 1.641947 9.953787
v -0.436724 1.648057 9.902459
v -0.439074 1.667141 9.931414
v -0.444432 1.675977 9.875667
v -0.448004 1.698351 9.881871
v -0.438980 1.686224 9.959898
v -0.429767 1.682276 10.004833
v -0.450167 1.719503 9.890050
v -0.452705 1.744697 9.874445
v -0.441330 1.708316 9.963658
v -0.426665 1.703428 10.028148
v -0.451295 1.739621 9.897288
v -0.442458 1.730314 9.967419
v -0.452329 1.780514 9.886384
v -0.448474 1.775908 9.929721
v -0.438228 1.750713 9.992424
v -0.427981 1.726084 10.030873
v -0.422058 1.725237 10.049863
v -0.428075 1.748927 10.033130
v -0.407299 1.701171 10.082108
v -0.415760 1.747423 10.069981
v -0.427135 1.771865 10.034916
v -0.404949 1.679174 10.079005
v -0.382199 1.678704 10.123659
v -0.430707 1.794803 10.016302
v -0.393386 1.722229 10.115763
v -0.408803 1.746483 10.086996
v -0.375807 1.699291 10.140392
v -0.414820 1.770455 10.071767
v -0.419238 1.794521 10.054939
v -0.400531 1.768387 10.104764
v -0.412846 1.793863 10.072895
v -0.416418 1.818117 10.055316
v -0.392728 1.838141 10.107019
v -0.393574 1.744603 10.118113
v -0.385301 1.721477 10.129957
v -0.368474 1.741689 10.159006
v -0.358509 1.698069 10.165116
v -0.359355 1.719127 10.168595
v -0.340366 1.696095 10.187678
v -0.375054 1.787189 10.149606
v -0.341118 1.717059 10.191627
v -0.349296 1.783146 10.187490
v -0.329743 1.674567 10.193225
v -0.311505 1.692147 10.218137
v -0.322128 1.714615 10.212967
v -0.292422 1.710478 10.241827
v -0.331435 1.780796 10.210711
v -0.262433 1.728810 10.271063
v -0.293080 1.732382 10.246340
v -0.312821 1.778728 10.232426
v -0.328803 1.824322 10.212778
v -0.354091 1.828082 10.177150
v -0.273150 1.752500 10.267303
v -0.380977 1.811255 10.136820
v -0.303327 1.755602 10.240229
v -0.283397 1.776002 10.261662
v -0.283021 1.798657 10.263354
v -0.262903 1.774591 10.278020
v -0.242033 1.749679 10.289019
v -0.242033 1.773087 10.292215
v -0.200106 1.769891 10.315529
v -0.252186 1.797247 10.287327
v -0.231411 1.796307 10.300675
v -0.189013 1.794333 10.323144
v -0.209883 1.820091 10.313743
v -0.261963 1.820843 10.280934
v -0.155922 1.793205 10.337245
v -0.239025 1.867941 10.294660
v -0.177732 1.819809 10.329348
v -0.096698 1.792359 10.355858
v -0.132702 1.820279 10.347116
v -0.154794 1.846695 10.338937
v -0.070093 1.791983 10.361311
v -0.108636 1.820749 10.354448
v -0.082784 1.821031 10.360746
v -0.028354 1.791513 10.366293
v -0.081938 1.850174 10.361217
v -0.119917 1.848576 10.351346
v -0.028542 1.762653 10.362815
v -0.027978 1.821031 10.368361
v -0.130822 1.875650 10.346457
v 0.000036 1.791419 10.367233
v 0.028615 1.762653 10.362815
v 0.028803 1.734262 10.358021
v 0.028991 1.706624 10.351910
v 0.057193 1.735014 10.355294
v 0.014608 1.679362 10.345141
v 0.043562 1.653885 10.334613
v 0.057663 1.680772 10.341851
v 0.071858 1.655484 10.331228
v 0.098745 1.632640 10.316469
v 0.071388 1.708128 10.347210
v 0.098463 1.683404 10.334894
v 0.111154 1.659056 10.323614
v 0.098181 1.709632 10.342134
v 0.097804 1.736612 10.348056
v 0.134185 1.686882 10.325870
v 0.134091 1.712546 10.332732
v 0.134373 1.637434 10.307915
v 0.123187 1.611488 10.299829
v 0.156089 1.641194 10.301240
v 0.156089 1.665260 10.310640
v 0.167182 1.691489 10.314683
v 0.199333 1.650219 10.284883
v 0.145654 1.592028 10.281498
v 0.123375 1.587610 10.287232
v 0.188616 1.625025 10.279054
v 0.156747 1.571817 10.264859
v 0.111812 1.562228 10.275670
v 0.198957 1.605190 10.263354
v 0.219262 1.632358 10.265799
v 0.123939 1.542110 10.258278
v 0.146312 1.547375 10.253296
v 0.072422 1.533556 10.265611
v 0.157593 1.529701 10.235247
v 0.124127 1.520865 10.242391
v 0.072422 1.511276 10.248502
v 0.014796 1.506199 10.250476
v 0.058415 1.488056 10.231110
v 0.086148 1.492474 10.229700
v 0.135972 1.504037 10.223871
v 0.029461 1.485048 10.231580
v 0.000036 1.484014 10.231580
v 0.086148 1.473015 10.211369
v 0.058415 1.467938 10.212120
v 0.029461 1.464554 10.212120
v -0.029482 1.485048 10.231580
v 0.000036 1.463332 10.212027
v 0.029461 1.445658 10.192379
v -0.058436 1.488056 10.231110
v -0.044053 1.466058 10.212214
v -0.014723 1.444624 10.192285
v -0.086169 1.473015 10.211369
v -0.072444 1.451957 10.192755
v -0.124430 1.482321 10.208454
v -0.112303 1.461546 10.191721
v -0.147932 1.472451 10.188055
v -0.170024 1.480065 10.184294
v -0.136933 1.438514 10.154024
v -0.099424 1.441804 10.173672
v -0.149060 1.429395 10.135222
v -0.058342 1.432497 10.173389
v -0.058248 1.417644 10.154212
v -0.014723 1.427515 10.172449
v -0.099330 1.427045 10.155151
v -0.112397 1.405423 10.118207
v -0.160999 1.421498 10.116421
v -0.183937 1.419336 10.096491
v -0.195876 1.405235 10.058794
v -0.227086 1.429207 10.073365
v -0.248238 1.431933 10.052777
v -0.269014 1.436916 10.032660
v -0.217968 1.407303 10.038018
v -0.291012 1.433437 9.976255
v -0.270612 1.424319 9.995903
v -0.291764 1.424789 9.937242
v -0.249742 1.417456 10.016209
v -0.185065 1.392638 10.040933
v -0.218250 1.400347 10.019123
v -0.239777 1.405423 9.998065
v -0.196346 1.384365 10.001450
v -0.250400 1.406081 9.977947
v -0.149906 1.387656 10.061896
v -0.271364 1.414260 9.957359
v -0.218344 1.389066 9.980109
v -0.271270 1.406457 9.917124
v -0.228496 1.382391 9.918722
v -0.195970 1.374871 9.961496
v -0.260365 1.396868 9.896818
v -0.291670 1.418396 9.896537
v -0.227462 1.377409 9.877077
v -0.206405 1.372520 9.919945
v -0.258861 1.393296 9.854891
v -0.204524 1.366880 9.857054
v -0.237521 1.381451 9.855549
v -0.257733 1.392920 9.833551
v -0.172938 1.366222 9.962906
v -0.214583 1.371204 9.835243
v -0.183279 1.361427 9.900391
v -0.161751 1.371298 10.003517
v -0.149906 1.373084 10.023635
v -0.137685 1.375999 10.043283
v -0.111739 1.357197 10.004928
v -0.124430 1.355787 9.984903
v -0.148402 1.352685 9.922859
v -0.110799 1.343566 9.923517
v -0.135805 1.347514 9.902177
v -0.084665 1.343942 9.964880
v -0.085323 1.363308 10.043095
v -0.112209 1.376469 10.062366
v -0.057402 1.352967 10.023635
v -0.057684 1.365846 10.061050
v -0.149812 1.396398 10.080604
v -0.112303 1.385023 10.081074
v -0.125088 1.398373 10.099688
v -0.085793 1.398561 10.117549
v -0.072161 1.407303 10.135786
v -0.058060 1.393014 10.116421
v -0.029294 1.400723 10.134282
v -0.043677 1.380981 10.097337
v -0.014629 1.369982 10.078347
v -0.029388 1.413696 10.153366
v 0.000036 1.388220 10.115010
v 0.000036 1.399407 10.133812
v 0.000036 1.412286 10.152896
v 0.043938 1.430241 10.173014
v 0.058227 1.417644 10.154212
v 0.043844 1.402415 10.134752
v 0.072328 1.435224 10.173672
v 0.086148 1.454871 10.192661
v 0.112282 1.445470 10.173389
v 0.112282 1.461546 10.191721
v 0.085959 1.423567 10.154963
v 0.085865 1.410311 10.136256
v 0.112376 1.430805 10.155058
v 0.137194 1.425259 10.135974
v 0.159662 1.460888 10.169159
v 0.124503 1.482321 10.208454
v 0.148005 1.472451 10.188055
v 0.158628 1.492756 10.203095
v 0.179497 1.517480 10.214189
v 0.201401 1.492004 10.177338
v 0.160132 1.446692 10.151861
v 0.178933 1.536188 10.229418
v 0.209862 1.528385 10.204976
v 0.199145 1.562604 10.237221
v 0.219168 1.549913 10.215880
v 0.218886 1.589396 10.242579
v 0.249063 1.528197 10.176680
v 0.248499 1.618351 10.239571
v 0.257900 1.601147 10.222837
v 0.257618 1.564484 10.198866
v 0.269087 1.643545 10.236845
v 0.295127 1.578585 10.177243
v 0.268523 1.523027 10.155528
v 0.287230 1.609608 10.204130
v 0.302835 1.553485 10.150734
v 0.306408 1.614590 10.189652
v 0.231860 1.490688 10.153835
v 0.295315 1.525001 10.131838
v 0.279521 1.503473 10.124882
v 0.317407 1.539196 10.121685
v 0.319193 1.572945 10.149417
v 0.329534 1.555553 10.122719
v 0.320791 1.586858 10.157690
v 0.333482 1.576799 10.135880
v 0.341473 1.621077 10.155528
v 0.317219 1.634614 10.189652
v 0.309134 1.651723 10.205634
v 0.320227 1.673157 10.203002
v 0.291460 1.689044 10.236280
v 0.280273 1.666295 10.237691
v 0.346361 1.657176 10.167373
v 0.311484 1.692147 10.218137
v 0.292400 1.710478 10.241827
v 0.249815 1.660654 10.258655
v 0.330944 1.694967 10.198301
v 0.220767 1.700325 10.290899
v 0.240508 1.680960 10.272661
v 0.262412 1.728810 10.271063
v 0.241730 1.726460 10.284788
v 0.210708 1.722323 10.302086
v 0.252447 1.750619 10.282344
v 0.283376 1.753534 10.258936
v 0.167276 1.716307 10.321170
v 0.273223 1.775249 10.270123
v 0.303211 1.777788 10.242673
v 0.312894 1.734826 10.227068
v 0.341473 1.738492 10.194917
v 0.358488 1.698069 10.165116
v 0.359146 1.762465 10.173672
v 0.330380 1.802606 10.212120
v 0.302647 1.799973 10.244271
v 0.326713 1.845755 10.212967
v 0.262882 1.774591 10.278020
v 0.283000 1.798657 10.263354
v 0.251601 1.820655 10.288361
v 0.290708 1.843875 10.254988
v 0.260908 1.843969 10.281028
v 0.231389 1.796307 10.300675
v 0.220391 1.820185 10.307915
v 0.221237 1.771583 10.304530
v 0.189086 1.794333 10.323144
v 0.178369 1.768199 10.325494
v 0.145184 1.739621 10.334518
v 0.122434 1.738022 10.341757
v 0.122059 1.765097 10.346175
v 0.121494 1.792641 10.349184
v 0.056817 1.763123 10.360088
v 0.083515 1.792171 10.358772
v 0.028333 1.791513 10.366293
v 0.095924 1.820843 10.357738
v 0.028051 1.821031 10.368361
v 0.055783 1.821125 10.365447
v 0.081917 1.850174 10.361217
v 0.120836 1.820467 10.350876
v 0.144244 1.820091 10.342979
v 0.143492 1.847353 10.343262
v 0.177053 1.845755 10.329630
v 0.199333 1.819903 10.319195
v 0.186830 1.870949 10.323802
v 0.228757 1.868411 10.301240
v 0.153833 1.873582 10.337996
v 0.174797 1.897460 10.326715
v 0.225279 1.915791 10.296539
v 0.093950 1.878658 10.357268
v 0.129579 1.903194 10.344108
v 0.194538 1.919833 10.313649
v 0.162294 1.924722 10.328032
v 0.160508 1.950104 10.323520
v 0.103915 1.934405 10.347586
v 0.092728 1.907612 10.354824
v 0.054373 1.880632 10.364977
v 0.041400 1.850926 10.367703
v 0.000036 1.850926 10.369865
v 0.027299 1.881102 10.367891
v 0.053527 1.910621 10.362345
v 0.065748 1.939199 10.355858
v -0.013407 1.911561 10.365823
v 0.013198 1.941643 10.361311
v -0.013689 1.881196 10.368644
v -0.027696 1.850926 10.368925
v -0.040199 1.911091 10.363943
v -0.055052 1.850738 10.366011
v -0.054300 1.880632 10.364977
v -0.080904 1.879504 10.360277
v -0.066803 1.909775 10.360183
v -0.052702 1.940327 10.357926
v -0.117567 1.904792 10.347961
v -0.103936 1.934405 10.347586
v -0.152632 1.900186 10.335835
v 0.000036 1.941737 10.361499
v -0.139753 1.928482 10.336493
v -0.176040 1.871701 10.328690
v -0.208003 1.869539 10.313179
v -0.196158 1.895203 10.316657
v -0.227180 1.892289 10.299454
v -0.171434 1.948036 10.319101
v -0.215147 1.917107 10.302556
v -0.255477 1.912125 10.275764
v -0.126404 1.957248 10.335459
v -0.192491 1.944087 10.309419
v -0.232915 1.937319 10.286199
v -0.179894 1.970128 10.308949
v -0.210353 1.963641 10.293531
v -0.262621 1.932618 10.264482
v -0.249930 1.955650 10.267773
v -0.197756 1.988459 10.292873
v -0.217497 1.983665 10.281780
v -0.156392 1.998988 10.311110
v -0.224172 2.002372 10.269278
v -0.265723 1.971820 10.247937
v -0.192303 2.031609 10.278114
v -0.240059 2.016191 10.250006
v -0.205747 2.064323 10.251040
v -0.255289 2.027472 10.230170
v -0.278226 1.950104 10.244177
v -0.288285 1.983759 10.219172
v -0.242974 2.048718 10.229136
v -0.266758 2.051068 10.203753
v -0.236017 2.096286 10.204318
v -0.288755 2.013653 10.202625
v -0.303421 1.980562 10.202250
v -0.295994 2.033019 10.180440
v -0.284337 1.909023 10.250569
v -0.302198 2.008859 10.188243
v -0.320812 1.964205 10.185610
v -0.286311 2.059905 10.172731
v -0.305771 2.031044 10.166997
v -0.316112 2.011209 10.165116
v -0.330871 2.014123 10.134094
v -0.311223 1.945968 10.207232
v -0.298908 1.927824 10.229136
v -0.331153 1.987989 10.154400
v -0.329367 1.928764 10.187678
v -0.325982 1.908458 10.199805
v -0.295994 1.887307 10.243143
v -0.342904 1.954804 10.152802
v -0.345724 1.982349 10.128830
v -0.358603 1.896613 10.151673
v -0.371858 1.903758 10.122625
v -0.354843 2.004628 10.086056
v -0.369508 1.957343 10.092072
v -0.377311 1.935627 10.089158
v -0.381635 1.858916 10.122719
v -0.359261 1.851584 10.164741
v -0.324290 1.866907 10.212685
v -0.300130 1.844157 10.245117
v -0.281047 1.843875 10.264295
v -0.279449 1.866155 10.263449
v -0.259519 1.866907 10.280182
v -0.406265 1.841525 10.073083
v -0.390096 1.888435 10.089065
v -0.412658 1.842089 10.054751
v -0.424691 1.840209 10.015738
v -0.409649 1.890033 10.030780
v -0.388592 1.949634 10.043941
v -0.411623 1.908929 10.004928
v -0.366124 2.007731 10.047889
v -0.407017 1.930268 9.997689
v -0.346664 2.041855 10.063964
v -0.379849 2.006414 9.994493
v -0.368192 2.033865 9.993082
v -0.405325 1.957719 9.957829
v -0.372140 2.034147 9.967794
v -0.419802 1.915885 9.956608
v -0.427981 1.877624 9.968546
v -0.352493 2.071186 9.978230
v -0.439074 1.834756 9.953881
v -0.424596 1.909681 9.936678
v -0.443868 1.794803 9.953693
v -0.449509 1.796307 9.910919
v -0.435971 1.854404 9.951719
v -0.435219 1.883640 9.903493
v -0.446782 1.831748 9.892306
v -0.451765 1.799973 9.869556
v -0.452517 1.778634 9.821988
v -0.444902 1.847353 9.871718
v -0.449509 1.819057 9.834773
v -0.435313 1.888999 9.844645
v -0.442082 1.860420 9.834680
v -0.443116 1.847071 9.785419
v -0.438604 1.869351 9.784103
v -0.448192 1.814545 9.779215
v -0.429297 1.909492 9.873880
v -0.452141 1.734544 9.843892
v -0.450167 1.795649 9.769626
v -0.450825 1.780232 9.755995
v -0.450637 1.768669 9.738791
v -0.453363 1.776754 9.742740
v -0.451765 1.797435 9.763610
v -0.449415 1.815579 9.773010
v -0.446124 1.836261 9.778275
v -0.453833 1.806460 9.766242
v -0.442082 1.858164 9.779309
v -0.455149 1.797811 9.761166
v -0.456559 1.815579 9.770566
v -0.456183 1.790009 9.755243
v -0.459943 1.797247 9.761447
v -0.457029 1.783146 9.748474
v -0.457781 1.777224 9.740860
v -0.458251 1.772241 9.732493
v -0.462482 1.782206 9.748850
v -0.464268 1.770925 9.733057
v -0.480625 1.757952 9.718298
v -0.489086 1.753064 9.710119
v -0.485326 1.764815 9.739262
v -0.483821 1.770643 9.747910
v -0.482223 1.777506 9.755619
v -0.480343 1.785402 9.762482
v -0.492188 1.784932 9.765019
v -0.494256 1.776942 9.758063
v -0.496136 1.769891 9.750167
v -0.484291 1.793769 9.770190
v -0.481753 1.803640 9.774984
v -0.489838 1.793863 9.770942
v -0.487206 1.803734 9.775642
v -0.479027 1.814075 9.778557
v -0.484291 1.814169 9.779215
v -0.488710 1.814545 9.778462
v -0.481283 1.825074 9.781471
v -0.470566 1.824980 9.779591
v -0.491624 1.804204 9.774984
v -0.494350 1.794521 9.770378
v -0.494914 1.805050 9.772728
v -0.496794 1.785590 9.764549
v -0.497641 1.795649 9.768216
v -0.498863 1.777694 9.757687
v -0.502059 1.779292 9.755713
v -0.500743 1.770831 9.749790
v -0.497829 1.763969 9.741424
v -0.505537 1.766883 9.739637
v -0.493504 1.759080 9.731271
v -0.502435 1.764909 9.741141
v -0.500743 1.755226 9.722058
v -0.496042 1.752124 9.711341
v -0.498017 1.748457 9.691881
v -0.503187 1.750149 9.702128
v -0.505443 1.756354 9.721964
v -0.504973 1.747893 9.683515
v -0.508921 1.750149 9.692916
v -0.508451 1.758610 9.720930
v -0.499333 1.747705 9.664619
v -0.504691 1.752782 9.637263
v -0.505913 1.749021 9.656441
v -0.510426 1.749303 9.674960
v -0.510520 1.752218 9.647792
v -0.509674 1.754474 9.638015
v -0.505819 1.761712 9.616393
v -0.511836 1.752688 9.692634
v -0.513904 1.753628 9.657569
v -0.512870 1.757482 9.638862
v -0.509203 1.764627 9.617521
v -0.513058 1.764439 9.629648
v -0.498957 1.772147 9.592704
v -0.514374 1.761430 9.639613
v -0.498205 1.781172 9.582457
v -0.508169 1.773181 9.607556
v -0.513340 1.768857 9.630589
v -0.515408 1.757576 9.657757
v -0.514844 1.755884 9.674772
v -0.514562 1.760020 9.682386
v -0.511366 1.759080 9.709837
v -0.508827 1.765097 9.728356
v -0.514656 1.768387 9.649485
v -0.504785 1.784086 9.749039
v -0.505725 1.775061 9.745372
v -0.501965 1.788975 9.759285
v -0.496982 1.806178 9.769156
v -0.506759 1.779104 9.727417
v -0.502623 1.793205 9.751013
v -0.490966 1.825356 9.774421
v -0.492188 1.825262 9.770002
v -0.488804 1.825356 9.778087
v -0.477617 1.861925 9.770096
v -0.478933 1.855344 9.776488
v -0.482317 1.835979 9.781377
v -0.482881 1.848482 9.764268
v -0.478087 1.836072 9.782412
v -0.475925 1.856660 9.779120
v -0.466430 1.882042 9.767558
v -0.473105 1.836072 9.782223
v -0.468780 1.867377 9.777711
v -0.469532 1.874710 9.772352
v -0.470190 1.847165 9.782035
v -0.450261 1.847165 9.776488
v -0.465866 1.876402 9.773856
v -0.467182 1.857976 9.780719
v -0.461542 1.877436 9.774514
v -0.459379 1.868505 9.777804
v -0.445748 1.868599 9.774796
v -0.441424 1.887589 9.768780
v -0.462952 1.884205 9.769062
v -0.454397 1.886649 9.770096
v -0.460225 1.890879 9.763515
v -0.447816 1.894827 9.764644
v -0.437664 1.902818 9.758815
v -0.450261 1.900280 9.758627
v -0.455525 1.900750 9.750448
v -0.470566 1.875744 9.761824
v -0.446970 1.909305 9.744808
v -0.451859 1.906390 9.735971
v -0.459849 1.893605 9.747252
v -0.461166 1.884110 9.742364
v -0.455807 1.893699 9.731929
v -0.451859 1.868505 9.717922
v -0.445842 1.901220 9.697334
v -0.448945 1.908365 9.720648
v -0.445654 1.912125 9.737381
v -0.438980 1.917671 9.714067
v -0.433527 1.917765 9.738509
v -0.427605 1.925568 9.723186
v -0.432399 1.909963 9.754209
v -0.429579 1.919927 9.740108
v -0.427511 1.925662 9.714255
v -0.444056 1.910903 9.705513
v -0.437194 1.915791 9.698462
v -0.438980 1.910903 9.690660
v -0.424691 1.923312 9.689626
v -0.423374 1.931208 9.724220
v -0.427699 1.917671 9.751106
v -0.434091 1.903570 9.760131
v -0.438040 1.887871 9.769720
v -0.435407 1.888529 9.772728
v -0.427135 1.914287 9.763610
v -0.437570 1.879128 9.776018
v -0.440108 1.878658 9.773105
v -0.446594 1.847165 9.776676
v -0.448662 1.836354 9.775642
v -0.452329 1.815861 9.770378
v -0.422058 1.930644 9.807323
v -0.411341 1.966367 9.778462
v -0.404291 1.981220 9.806759
v -0.410401 1.961197 9.885914
v -0.408239 1.991279 9.724878
v -0.424220 1.919927 9.910356
v -0.396770 1.990903 9.909227
v -0.385677 2.011209 9.940062
v -0.387463 2.016379 9.843140
v -0.374584 2.034711 9.942600
v -0.354937 2.081997 9.853575
v -0.401001 2.000868 9.767934
v -0.373174 2.053607 9.814467
v -0.319966 2.145640 9.878299
v -0.386429 2.066485 9.717452
v -0.382763 2.045052 9.780625
v -0.369414 2.078142 9.780907
v -0.372422 2.096286 9.738416
v -0.287909 2.213890 9.868428
v -0.364808 2.120352 9.727040
v -0.373550 2.107379 9.699214
v -0.384267 2.076544 9.696112
v -0.352399 2.165194 9.674020
v -0.318368 2.186815 9.798768
v -0.343656 2.180705 9.685865
v -0.383233 2.078331 9.677969
v -0.346852 2.160775 9.723562
v -0.335947 2.179107 9.722152
v -0.354279 2.162091 9.644219
v -0.367158 2.126462 9.653338
v -0.343280 2.187379 9.638109
v -0.337263 2.197438 9.665936
v -0.351835 2.164912 9.626546
v -0.355219 2.148084 9.605959
v -0.328615 2.208249 9.674490
v -0.334725 2.204019 9.637546
v -0.319120 2.227333 9.641682
v -0.340554 2.187473 9.611223
v -0.331623 2.202609 9.602292
v -0.334913 2.188695 9.583490
v -0.333785 2.136239 9.470776
v -0.317804 2.210317 9.561023
v -0.408239 1.986579 9.688027
v -0.404667 1.991843 9.671482
v -0.423374 1.932994 9.670354
v -0.417170 1.954616 9.676934
v -0.423092 1.928106 9.684831
v -0.422904 1.933747 9.656816
v -0.407581 1.973230 9.657099
v -0.421118 1.938353 9.651834
v -0.399214 1.972948 9.625230
v -0.418110 1.938259 9.637639
v -0.391506 1.962513 9.589602
v -0.404949 1.944746 9.612539
v -0.416324 1.928858 9.628614
v -0.421024 1.930174 9.641399
v -0.422622 1.922372 9.655219
v -0.420742 1.922654 9.643656
v -0.421494 1.920021 9.668850
v -0.421306 1.919739 9.653526
v -0.418956 1.919833 9.642340
v -0.417734 1.913065 9.659167
v -0.422998 1.918611 9.676934
v -0.420366 1.907988 9.658697
v -0.413974 1.913817 9.647416
v -0.414350 1.918611 9.636135
v -0.409931 1.912031 9.641682
v -0.412281 1.923782 9.625700
v -0.404197 1.930926 9.610847
v -0.403821 1.926320 9.614607
v -0.409649 1.909117 9.641399
v -0.397710 1.917295 9.619308
v -0.397992 1.937319 9.594301
v -0.396112 1.909587 9.618367
v -0.399966 1.904134 9.623068
v -0.405795 1.899058 9.627298
v -0.393762 1.920115 9.607933
v -0.424691 1.890503 9.641964
v -0.435971 1.891913 9.661893
v -0.421964 1.882700 9.626076
v -0.439262 1.890127 9.669132
v -0.443774 1.878282 9.691976
v -0.426759 1.875556 9.628051
v -0.436535 1.868129 9.661612
v -0.427699 1.867941 9.614043
v -0.432963 1.853934 9.634161
v -0.437476 1.859951 9.659073
v -0.453175 1.861079 9.712281
v -0.443022 1.864181 9.676464
v -0.447064 1.867471 9.693574
v -0.435877 1.850550 9.641964
v -0.450825 1.859856 9.689626
v -0.452047 1.854780 9.679754
v -0.455243 1.854968 9.691318
v -0.459191 1.845473 9.672798
v -0.440484 1.846225 9.645630
v -0.441142 1.843123 9.638955
v -0.446594 1.839739 9.642622
v -0.478463 1.830338 9.676841
v -0.473387 1.831372 9.662457
v -0.437664 1.845755 9.631622
v -0.445654 1.840021 9.629930
v -0.434467 1.850738 9.627298
v -0.450167 1.837201 9.633973
v -0.444902 1.842935 9.622974
v -0.453739 1.835603 9.639990
v -0.482505 1.825544 9.647604
v -0.476489 1.830244 9.633409
v -0.467652 1.834568 9.628614
v -0.489462 1.821501 9.638015
v -0.478087 1.834192 9.612915
v -0.463328 1.843875 9.610659
v -0.438322 1.848294 9.621094
v -0.442082 1.869915 9.589695
v -0.408521 1.898964 9.587157
v -0.441330 1.876966 9.579730
v -0.461824 1.858728 9.576722
v -0.424314 1.898024 9.573056
v -0.440296 1.886179 9.563749
v -0.457593 1.865403 9.564407
v -0.483539 1.831278 9.592609
v -0.415196 1.920585 9.551246
v -0.417640 1.919457 9.532821
v -0.400060 1.932618 9.564878
v -0.419802 1.914193 9.513925
v -0.409461 1.927448 9.537239
v -0.410213 1.924628 9.517967
v -0.394890 1.937413 9.540999
v -0.403445 1.924440 9.570988
v -0.397616 1.934217 9.571082
v -0.398744 1.904040 9.592704
v -0.395548 1.939011 9.567322
v -0.400155 1.925568 9.575594
v -0.395924 1.939199 9.578508
v -0.396958 1.930550 9.579449
v -0.395548 1.926602 9.585841
v -0.393010 1.913159 9.596370
v -0.396300 1.934593 9.585747
v -0.394326 1.926414 9.591388
v -0.394514 1.924816 9.602669
v -0.393480 1.944087 9.570612
v -0.386147 1.946908 9.546827
v -0.392822 1.922090 9.596745
v -0.392070 1.917107 9.601916
v -0.386523 1.941173 9.532914
v -0.392728 1.916167 9.607463
v -0.393386 1.907894 9.601353
v -0.394608 1.906296 9.612069
v -0.395360 1.902818 9.606240
v -0.398462 1.901032 9.616675
v -0.398274 1.898870 9.606147
v -0.404291 1.893981 9.615077
v -0.418580 1.883358 9.618274
v -0.416418 1.883640 9.605582
v -0.409649 1.891349 9.597122
v -0.225112 1.945873 9.149833
v -0.204524 1.958941 9.133758
v -0.198038 1.958941 9.100573
v -0.226334 1.937789 9.117495
v -0.175570 1.969470 9.052723
v -0.210541 1.943523 9.050185
v -0.219378 1.933465 9.041724
v -0.235829 1.935533 9.152184
v -0.245042 1.914287 9.111290
v -0.225206 1.952924 9.173053
v -0.199636 1.974264 9.173335
v -0.143419 2.011021 9.160550
v -0.145676 2.001432 9.146261
v -0.101774 2.040257 9.149081
v -0.091621 2.052478 9.152465
v -0.070845 2.054076 9.136014
v -0.150188 1.991091 9.120220
v -0.129036 1.997296 9.064944
v -0.106568 2.017319 9.100761
v -0.093689 2.030199 9.116554
v -0.104312 2.008389 9.050091
v -0.090587 2.021926 9.078575
v -0.077050 2.039317 9.113734
v -0.065205 2.048060 9.120315
v -0.059282 2.043172 9.102923
v -0.053266 2.061315 9.132817
v -0.046403 2.046744 9.101889
v -0.061069 2.021550 9.024709
v -0.040763 2.029917 9.034579
v -0.087203 1.997766 8.971030
v -0.056462 1.997296 8.934932
v -0.020363 2.031044 9.024521
v -0.118601 1.968999 8.891500
v -0.099988 1.972478 8.877681
v -0.070939 1.979998 8.875237
v -0.088519 1.972572 8.865647
v -0.038319 1.984605 8.874484
v -0.059000 1.979058 8.863768
v -0.023560 1.982349 8.863485
v -0.014723 2.003030 8.936906
v -0.031268 1.978306 8.853427
v -0.013783 2.025780 9.003933
v 0.000036 2.032361 9.024991
v 0.007933 1.982630 8.863768
v 0.014514 2.006979 8.948845
v 0.021094 2.018071 8.982217
v 0.049861 1.998612 8.935025
v 0.000036 2.046744 9.083652
v -0.013219 2.052102 9.100949
v 0.013198 2.046180 9.083557
v 0.020530 2.028130 9.014180
v -0.013407 2.059811 9.116366
v 0.013292 2.055675 9.108940
v 0.000036 2.065075 9.122947
v -0.020551 2.068742 9.129246
v -0.040763 2.070340 9.136578
v 0.039896 2.048154 9.101513
v 0.046570 2.040821 9.084027
v 0.040084 2.055675 9.117588
v 0.065184 2.048060 9.120315
v 0.047698 2.025498 9.024333
v 0.071858 2.035557 9.095215
v 0.033973 2.066485 9.130280
v 0.059449 2.064229 9.139868
v 0.041400 2.082279 9.145133
v 0.076371 2.056239 9.143440
v 0.000036 2.070152 9.128776
v 0.081917 2.044018 9.130938
v 0.065748 2.073348 9.150961
v 0.097146 2.038753 9.141373
v 0.101565 2.045710 9.154909
v 0.054749 2.091680 9.154158
v 0.093668 2.030199 9.116554
v 0.205913 1.980750 9.193265
v 0.153269 1.996732 9.148423
v 0.101659 2.058119 9.164216
v 0.191812 1.999176 9.197965
v 0.129673 2.060093 9.182642
v 0.201119 1.969470 9.164310
v 0.148569 1.994005 9.129339
v 0.126947 2.001338 9.085250
v 0.205631 1.956402 9.123417
v 0.231107 1.963453 9.204639
v 0.211366 1.990151 9.209998
v 0.208828 2.004534 9.217612
v 0.227911 2.004346 9.234910
v 0.241072 1.978870 9.235474
v 0.226501 1.957624 9.186872
v 0.208452 2.028036 9.226449
v 0.173293 2.046556 9.207084
v 0.119144 2.094312 9.184428
v 0.191624 2.063477 9.222689
v 0.238440 2.033583 9.251173
v 0.257806 2.002560 9.263112
v 0.098087 2.083595 9.171361
v 0.072986 2.107379 9.164686
v 0.103069 2.134829 9.180386
v 0.042528 2.119130 9.154816
v 0.035101 2.090551 9.146919
v 0.014138 2.087261 9.141654
v 0.175173 2.082749 9.215357
v -0.007014 2.081433 9.137988
v 0.007181 2.094312 9.143910
v -0.007108 2.087731 9.141278
v -0.034464 2.077766 9.140150
v -0.028072 2.085287 9.142970
v -0.034746 2.083971 9.143910
v -0.035404 2.097414 9.149269
v -0.060317 2.082373 9.153029
v -0.007202 2.101268 9.145885
v -0.035781 2.112455 9.152184
v 0.007275 2.108507 9.147201
v -0.059658 2.069870 9.145039
v -0.091903 2.064887 9.161584
v -0.093219 2.086979 9.169857
v -0.130070 2.068178 9.185180
v -0.093501 2.103900 9.172959
v -0.137027 2.080681 9.192230
v -0.159307 2.093184 9.207272
v -0.160529 2.132667 9.209904
v -0.201516 2.134453 9.234440
v -0.097826 2.138589 9.178036
v -0.168049 2.157767 9.213571
v -0.087109 2.166416 9.172583
v -0.059188 2.160493 9.161866
v -0.035310 2.138777 9.153687
v -0.052044 2.195370 9.157448
v -0.014629 2.123924 9.149175
v 0.014608 2.123924 9.149175
v 0.028897 2.122044 9.151338
v 0.006711 2.193678 9.148423
v 0.065090 2.157861 9.164123
v 0.070354 2.176099 9.165251
v 0.103257 2.165946 9.179728
v 0.033033 2.201199 9.151901
v 0.110120 2.229777 9.175404
v 0.146030 2.154195 9.201349
v 0.184856 2.116310 9.223347
v 0.175455 2.161527 9.218270
v 0.211084 2.119694 9.239892
v 0.239568 2.096286 9.258882
v 0.181941 2.174030 9.223536
v 0.121024 2.240306 9.180668
v 0.132399 2.246980 9.188470
v 0.106171 2.265218 9.171831
v 0.247089 2.110669 9.267718
v 0.259686 2.052854 9.271009
v 0.270685 2.111703 9.294323
v 0.276043 2.083407 9.291691
v 0.278581 2.056145 9.289152
v 0.229321 2.158613 9.263677
v 0.187864 2.185123 9.229739
v 0.299263 2.069588 9.317261
v 0.190590 2.211164 9.238576
v 0.133057 2.263526 9.190538
v 0.242764 2.160587 9.280880
v 0.139920 2.279037 9.200786
v 0.117264 2.272645 9.179257
v 0.110496 2.304889 9.180761
v 0.097522 2.291916 9.168917
v 0.126383 2.302445 9.195051
v 0.132587 2.307521 9.205862
v 0.119050 2.322938 9.198529
v 0.156653 2.271892 9.218740
v 0.142176 2.300753 9.215826
v 0.215502 2.205993 9.269505
v 0.192376 2.252527 9.267625
v 0.120366 2.335066 9.213476
v 0.124879 2.333280 9.220902
v 0.110402 2.341176 9.204357
v 0.103351 2.332057 9.187812
v 0.094044 2.311752 9.170985
v 0.092634 2.346065 9.188940
v 0.078721 2.344184 9.176250
v 0.083421 2.327545 9.170045
v 0.080601 2.305077 9.162054
v 0.085019 2.283173 9.161866
v 0.094796 2.254313 9.166567
v 0.064902 2.262492 9.155191
v 0.059637 2.298309 9.153312
v 0.067722 2.313068 9.158011
v 0.045348 2.270764 9.149551
v 0.019402 2.252433 9.146261
v 0.032469 2.296993 9.147295
v 0.054843 2.328015 9.157166
v 0.046664 2.313350 9.151619
v 0.033503 2.326229 9.151901
v 0.048638 2.338544 9.159140
v 0.064338 2.346065 9.169010
v 0.027487 2.343996 9.157448
v 0.042246 2.348039 9.162054
v 0.057945 2.355371 9.172395
v 0.013668 2.345783 9.157072
v 0.006617 2.329519 9.150679
v 0.013009 2.310247 9.146730
v 0.006429 2.300189 9.145414
v 0.044032 2.365994 9.176062
v 0.006429 2.253561 9.145321
v -0.012937 2.299813 9.145603
v -0.012843 2.277251 9.144944
v -0.013313 2.204489 9.148611
v -0.038789 2.272738 9.148141
v -0.032302 2.285900 9.146919
v -0.019705 2.319366 9.148799
v -0.052890 2.301223 9.151619
v -0.058154 2.253655 9.153875
v -0.039823 2.315418 9.150585
v -0.026662 2.327545 9.151338
v -0.054864 2.328015 9.157166
v -0.083254 2.251587 9.162148
v -0.066333 2.294924 9.155191
v -0.120858 2.219718 9.181890
v -0.078460 2.277345 9.159140
v -0.105628 2.255535 9.171549
v -0.121046 2.240306 9.180668
v -0.085699 2.292292 9.162807
v -0.173972 2.180423 9.217989
v -0.102620 2.287310 9.171361
v -0.117285 2.272645 9.179257
v -0.195876 2.179013 9.235944
v -0.074324 2.309213 9.159892
v -0.207063 2.192174 9.251267
v -0.139377 2.272268 9.198153
v -0.140505 2.285336 9.203888
v -0.162033 2.271140 9.226543
v -0.117285 2.312504 9.190068
v -0.137121 2.301975 9.208494
v -0.133643 2.315982 9.215168
v -0.124524 2.289848 9.188470
v -0.109389 2.297933 9.177941
v -0.106662 2.315982 9.181796
v -0.089365 2.323127 9.172019
v -0.124336 2.322469 9.205485
v -0.069435 2.328767 9.163088
v -0.091245 2.335536 9.179633
v -0.109389 2.332433 9.194393
v -0.115029 2.332339 9.201161
v -0.077896 2.338262 9.171925
v -0.056462 2.342868 9.163746
v -0.034558 2.342586 9.157824
v -0.098484 2.341646 9.190633
v -0.079400 2.349543 9.180949
v -0.057214 2.349449 9.167789
v -0.042925 2.354619 9.166285
v -0.065675 2.357346 9.178317
v -0.086921 2.354807 9.192607
v -0.099518 2.353867 9.206426
v -0.080622 2.362892 9.196836
v -0.043959 2.365994 9.176062
v -0.059470 2.369660 9.188282
v -0.074042 2.373139 9.207366
v -0.044993 2.378591 9.192983
v -0.110517 2.344748 9.209716
v -0.129318 2.328109 9.223065
v -0.104782 2.355277 9.219305
v -0.080246 2.374173 9.220244
v -0.157333 2.299813 9.255874
v -0.118789 2.345594 9.235380
v -0.128472 2.333467 9.233688
v -0.130070 2.334502 9.251173
v -0.214301 2.245100 9.315662
v -0.098108 2.363926 9.229551
v -0.106098 2.358943 9.248918
v -0.079212 2.377087 9.232183
v -0.159871 2.300753 9.278906
v -0.094347 2.367780 9.252208
v -0.114465 2.350859 9.256720
v -0.138437 2.322563 9.281726
v -0.107038 2.355841 9.265651
v -0.081844 2.375113 9.255968
v -0.142949 2.317204 9.293759
v -0.066427 2.382633 9.224569
v -0.064641 2.384702 9.242525
v -0.090493 2.367028 9.267907
v -0.107696 2.345876 9.290375
v -0.078178 2.372763 9.271479
v -0.072161 2.365054 9.293947
v -0.069529 2.381412 9.254558
v -0.053078 2.381693 9.274300
v -0.041515 2.388368 9.263394
v -0.043771 2.391564 9.241020
v -0.033148 2.384702 9.278153
v -0.014159 2.393726 9.256907
v -0.012655 2.379813 9.295827
v -0.043113 2.373421 9.300715
v -0.070657 2.362986 9.306732
v -0.044617 2.391094 9.229081
v -0.014817 2.396453 9.234064
v -0.045181 2.388838 9.216861
v -0.022619 2.394478 9.222219
v -0.052608 2.384702 9.211314
v -0.030234 2.390342 9.210280
v 0.000036 2.394666 9.216015
v -0.059940 2.376805 9.199845
v -0.045275 2.384608 9.204827
v -0.015099 2.387240 9.198247
v -0.022149 2.375301 9.180949
v -0.021585 2.365148 9.170233
v -0.007390 2.376523 9.180949
v 0.022316 2.379531 9.186590
v -0.020927 2.352363 9.161114
v 0.007181 2.366370 9.170233
v 0.014702 2.376053 9.180949
v 0.029179 2.369473 9.175497
v -0.020269 2.337040 9.153875
v 0.028427 2.358004 9.165627
v 0.037264 2.376805 9.186872
v 0.052117 2.372481 9.187624
v 0.030119 2.385266 9.198435
v 0.066218 2.362140 9.183582
v 0.052587 2.379531 9.199281
v 0.007557 2.390436 9.204169
v 0.022598 2.394478 9.222219
v 0.045254 2.386958 9.210844
v 0.067064 2.376617 9.206520
v 0.074021 2.370131 9.201537
v 0.066782 2.381035 9.218553
v 0.079943 2.354525 9.185932
v 0.093574 2.358191 9.205015
v 0.087182 2.365430 9.209528
v 0.099403 2.357063 9.212160
v 0.098087 2.363926 9.229551
v 0.113974 2.350389 9.233782
v 0.101941 2.362328 9.242148
v 0.125819 2.339296 9.249387
v 0.079191 2.377087 9.232183
v 0.057851 2.387334 9.241961
v 0.083797 2.374925 9.244781
v 0.103633 2.359884 9.259541
v 0.080695 2.374643 9.261326
v 0.114444 2.350859 9.256720
v 0.105419 2.355653 9.270539
v 0.145748 2.315700 9.275333
v 0.127229 2.331775 9.286802
v 0.091036 2.360260 9.282572
v 0.100907 2.348321 9.297989
v 0.157029 2.305265 9.306355
v 0.116700 2.337228 9.306168
v 0.060201 2.367686 9.301656
v 0.076841 2.371447 9.276179
v 0.054749 2.384702 9.264240
v 0.053057 2.381693 9.274300
v 0.049296 2.372763 9.296673
v 0.039614 2.383386 9.278341
v 0.049673 2.388744 9.252959
v 0.055689 2.372011 9.318201
v 0.027393 2.389308 9.268001
v 0.029367 2.394572 9.240362
v 0.054561 2.369473 9.305604
v 0.031059 2.375865 9.304758
v 0.006241 2.378685 9.304476
v 0.000036 2.389496 9.272607
v 0.012821 2.381412 9.291503
v 0.032281 2.380941 9.321209
v 0.025231 2.378215 9.313218
v -0.012561 2.378685 9.308894
v -0.020269 2.388462 9.272795
v 0.007087 2.394103 9.256814
v -0.043207 2.373421 9.309364
v -0.006450 2.381881 9.317167
v -0.037943 2.377369 9.317543
v 0.022034 2.395607 9.240081
v 0.006523 2.384420 9.321021
v 0.000036 2.396358 9.245626
v 0.000036 2.397017 9.233970
v 0.022410 2.395325 9.228235
v 0.044220 2.391564 9.235098
v 0.052211 2.388086 9.223441
v 0.014326 2.397205 9.335968
v 0.035289 2.392787 9.336157
v 0.051553 2.377839 9.325627
v 0.043938 2.395700 9.344336
v 0.022410 2.402093 9.343959
v 0.052493 2.395607 9.353266
v 0.000036 2.403973 9.344053
v 0.030307 2.402657 9.348284
v 0.007745 2.407546 9.352702
v -0.022431 2.402093 9.343959
v -0.032302 2.380941 9.321209
v -0.015287 2.405383 9.348284
v -0.036909 2.398333 9.344147
v -0.030798 2.404255 9.352796
v -0.007860 2.408391 9.357308
v -0.051668 2.394384 9.348847
v -0.058436 2.377651 9.329763
v -0.066615 2.367592 9.318953
v -0.084006 2.363926 9.332397
v -0.090399 2.353303 9.304852
v -0.102996 2.346910 9.315569
v -0.117003 2.339202 9.331174
v -0.110047 2.346252 9.345275
v -0.150564 2.311940 9.328166
v -0.065205 2.387898 9.353830
v -0.071503 2.383950 9.358530
v -0.059752 2.392410 9.358060
v -0.038977 2.402845 9.362290
v -0.066521 2.387428 9.367085
v -0.081844 2.374737 9.363231
v -0.121798 2.333091 9.357214
v -0.031080 2.405101 9.357402
v -0.053454 2.396358 9.362478
v -0.031362 2.403691 9.371503
v -0.023654 2.406511 9.366709
v 0.000036 2.408768 9.361820
v -0.066427 2.386112 9.371409
v -0.015757 2.406417 9.371127
v 0.007933 2.406981 9.370939
v -0.053266 2.392974 9.376016
v 0.023632 2.406511 9.366709
v 0.015548 2.402845 9.379306
v -0.015381 2.400777 9.382690
v -0.030892 2.400025 9.379964
v -0.052232 2.388838 9.383254
v -0.029200 2.391376 9.391339
v 0.000036 2.396453 9.389929
v 0.030589 2.397863 9.383348
v 0.022034 2.393445 9.390963
v 0.038486 2.397675 9.380152
v 0.036229 2.388838 9.391527
v 0.014702 2.403221 9.397449
v 0.000036 2.404913 9.396509
v 0.039050 2.401247 9.371692
v 0.031153 2.405101 9.357402
v 0.053527 2.396358 9.362478
v 0.053339 2.392974 9.376016
v 0.052305 2.388838 9.383254
v 0.066500 2.386206 9.371409
v 0.049673 2.382728 9.391339
v 0.066218 2.384514 9.375452
v 0.064996 2.380377 9.382315
v 0.061894 2.374831 9.390399
v 0.065842 2.388274 9.358248
v 0.081917 2.373797 9.367085
v 0.089532 2.367498 9.360034
v 0.101659 2.352269 9.368777
v 0.093104 2.348415 9.384289
v 0.068944 2.381975 9.345840
v 0.076089 2.379531 9.354676
v 0.087558 2.360260 9.329012
v 0.103539 2.350671 9.335780
v 0.115948 2.340800 9.343019
v 0.120272 2.336664 9.332208
v 0.138040 2.322186 9.330234
v 0.124033 2.330459 9.358154
v 0.172447 2.293044 9.318483
v 0.119520 2.326793 9.373759
v 0.111718 2.323973 9.383724
v 0.133245 2.311752 9.374324
v 0.093386 2.348039 9.385698
v 0.119332 2.317486 9.380528
v 0.136818 2.320494 9.351574
v 0.118768 2.311470 9.384382
v 0.144150 2.316452 9.341797
v 0.144432 2.308085 9.370281
v 0.131647 2.307992 9.379212
v 0.128357 2.296146 9.385135
v 0.135032 2.301693 9.382784
v 0.166054 2.300471 9.339916
v 0.146312 2.305829 9.376391
v 0.156371 2.305923 9.355522
v 0.137382 2.302633 9.381656
v 0.127511 2.302633 9.384665
v 0.126289 2.314948 9.385886
v 0.146971 2.306111 9.377802
v 0.137664 2.310436 9.384194
v 0.146595 2.308650 9.381374
v 0.133809 2.318144 9.389271
v 0.152799 2.306487 9.375733
v 0.151295 2.311658 9.385793
v 0.157405 2.311000 9.387860
v 0.161260 2.304231 9.367837
v 0.170942 2.299813 9.363606
v 0.166806 2.309026 9.399987
v 0.180155 2.292574 9.353266
v 0.127605 2.324161 9.392091
v 0.106641 2.342398 9.390305
v 0.131083 2.330459 9.407414
v 0.097898 2.351611 9.392185
v 0.119990 2.334126 9.396979
v 0.123469 2.337510 9.417285
v 0.096300 2.358567 9.402150
v 0.056347 2.386112 9.399141
v 0.069508 2.382915 9.408636
v 0.043374 2.398521 9.406662
v 0.043562 2.402845 9.415593
v 0.029273 2.404725 9.406098
v 0.014890 2.413844 9.414183
v 0.057099 2.395419 9.419541
v 0.029555 2.410836 9.420387
v 0.050425 2.400871 9.429976
v 0.069320 2.385548 9.422174
v 0.099873 2.356405 9.421140
v 0.036793 2.408580 9.425652
v 0.022316 2.413750 9.425181
v 0.067910 2.384514 9.436087
v 0.036135 2.407075 9.440505
v 0.048920 2.398051 9.443983
v 0.065748 2.379061 9.459682
v 0.040554 2.397675 9.457333
v 0.029461 2.411024 9.435899
v 0.027111 2.402187 9.461844
v 0.007463 2.414220 9.434958
v 0.098933 2.353491 9.460528
v 0.000036 2.415630 9.429506
v 0.007463 2.416006 9.418977
v -0.015005 2.415254 9.424711
v 0.000036 2.413656 9.408448
v 0.020718 2.404537 9.457896
v 0.000036 2.411118 9.403842
v -0.007390 2.413186 9.408731
v -0.014723 2.409238 9.404688
v -0.022149 2.409896 9.409859
v -0.029576 2.410836 9.420387
v -0.022243 2.412716 9.435616
v -0.029670 2.411588 9.430822
v -0.013877 2.405007 9.457708
v -0.043395 2.398521 9.406662
v -0.036627 2.406323 9.415593
v -0.057026 2.395419 9.419541
v -0.056932 2.392692 9.410422
v -0.056368 2.386112 9.399141
v -0.049694 2.382633 9.391339
v -0.085605 2.365148 9.397825
v -0.081092 2.372669 9.406192
v -0.096227 2.344936 9.385323
v -0.061821 2.374737 9.390399
v -0.071315 2.377839 9.378553
v -0.059470 2.386958 9.379588
v -0.089741 2.365806 9.367461
v -0.092467 2.359132 9.374042
v -0.095945 2.346159 9.382596
v -0.123114 2.326135 9.368965
v -0.146804 2.314008 9.343395
v -0.110047 2.326605 9.383724
v -0.151974 2.308085 9.356744
v -0.166357 2.300471 9.345087
v -0.125370 2.319930 9.373289
v -0.119447 2.324067 9.387202
v -0.124430 2.300753 9.385323
v -0.138155 2.311376 9.369999
v -0.152632 2.306299 9.374700
v -0.133173 2.309026 9.377332
v -0.143983 2.305265 9.378178
v -0.139565 2.303573 9.380622
v -0.133549 2.300565 9.383442
v -0.128942 2.296240 9.384947
v -0.129976 2.306487 9.384194
v -0.149718 2.308085 9.380058
v -0.124524 2.314102 9.385510
v -0.136933 2.312222 9.385323
v -0.130634 2.319554 9.389459
v -0.125464 2.329519 9.396885
v -0.132608 2.325571 9.398108
v -0.101210 2.348321 9.391433
v -0.103372 2.350107 9.396697
v -0.111269 2.345783 9.408166
v -0.069341 2.385548 9.422174
v -0.124524 2.337228 9.420857
v -0.050352 2.400871 9.429976
v -0.104876 2.351141 9.436650
v -0.043677 2.405101 9.430540
v -0.056462 2.395700 9.433925
v -0.043019 2.403597 9.440129
v -0.094723 2.359226 9.436650
v -0.065957 2.380001 9.454794
v -0.027414 2.403315 9.457896
v -0.040575 2.397675 9.457333
v -0.025252 2.400025 9.475476
v -0.017637 2.400495 9.482996
v -0.027696 2.397769 9.488449
v 0.018086 2.400683 9.480553
v -0.038601 2.389496 9.501234
v 0.004831 2.402469 9.496252
v 0.024666 2.399837 9.478296
v -0.012843 2.403973 9.502362
v -0.016979 2.403127 9.507532
v 0.014796 2.401435 9.495782
v 0.037452 2.395042 9.475852
v 0.046946 2.387898 9.483373
v 0.037358 2.390060 9.504807
v 0.022692 2.398991 9.505277
v 0.051647 2.381223 9.496816
v 0.057569 2.376993 9.496346
v 0.066312 2.366182 9.508002
v 0.086806 2.353585 9.504807
v 0.079191 2.354807 9.512797
v 0.099497 2.348039 9.499636
v 0.077687 2.350859 9.526616
v 0.060577 2.372575 9.510917
v 0.124785 2.336382 9.449718
v 0.079755 2.349167 9.530376
v 0.129955 2.333938 9.435711
v 0.179215 2.303009 9.436180
v 0.106171 2.344842 9.500576
v 0.150543 2.321246 9.450846
v 0.128827 2.335066 9.489013
v 0.151859 2.321622 9.462409
v 0.129015 2.339014 9.514771
v 0.167276 2.318802 9.489201
v 0.184574 2.312504 9.507721
v 0.149227 2.333280 9.523702
v 0.164926 2.327451 9.536205
v 0.134844 2.341270 9.539683
v 0.099027 2.346065 9.519941
v 0.120836 2.346065 9.543914
v 0.084643 2.347851 9.532068
v 0.077593 2.351141 9.537897
v 0.085301 2.350765 9.547297
v 0.093010 2.354807 9.570235
v 0.120084 2.347381 9.564971
v 0.079379 2.354055 9.550682
v 0.097146 2.352833 9.595617
v 0.074585 2.353679 9.530376
v 0.076747 2.356593 9.552093
v 0.067064 2.367404 9.517967
v 0.072704 2.358379 9.528214
v 0.080225 2.360072 9.579449
v 0.074115 2.360542 9.542221
v 0.069226 2.385924 9.529436
v 0.072704 2.375113 9.545700
v 0.072610 2.363644 9.554537
v 0.071294 2.364302 9.566099
v 0.067722 2.367216 9.595617
v 0.064338 2.372575 9.575312
v 0.071858 2.383480 9.536111
v 0.069696 2.393445 9.544853
v 0.067816 2.391846 9.555006
v 0.064996 2.405571 9.545794
v 0.063586 2.406041 9.536863
v 0.060577 2.406041 9.532068
v 0.064338 2.378027 9.568168
v 0.063210 2.404443 9.555476
v 0.055219 2.422399 9.543349
v 0.052587 2.392034 9.580200
v 0.049579 2.427945 9.557920
v 0.047698 2.418638 9.572304
v 0.044126 2.398615 9.594020
v 0.040084 2.439132 9.535547
v 0.038486 2.451071 9.552280
v 0.048638 2.386582 9.598438
v 0.037734 2.447405 9.540529
v 0.045348 2.433022 9.564407
v 0.032657 2.462070 9.554067
v 0.036417 2.457088 9.567039
v 0.037734 2.449097 9.576159
v 0.033503 2.451259 9.585653
v 0.026829 2.433774 9.612257
v 0.032751 2.460754 9.575594
v 0.027299 2.421082 9.623914
v 0.025795 2.471565 9.569766
v 0.028709 2.464326 9.580107
v 0.026641 2.459250 9.590353
v 0.019308 2.419955 9.642998
v 0.025701 2.471941 9.560459
v 0.018368 2.463856 9.594866
v 0.021094 2.474291 9.573902
v 0.021188 2.475419 9.559612
v 0.024666 2.469215 9.548050
v 0.027299 2.459344 9.536487
v 0.023068 2.460378 9.532538
v 0.016018 2.477299 9.554348
v 0.016394 2.478240 9.563467
v 0.015924 2.475513 9.578133
v 0.011035 2.479837 9.558108
v 0.015642 2.474761 9.546076
v 0.005583 2.480026 9.571834
v 0.009625 2.468556 9.593643
v 0.010753 2.477487 9.577475
v 0.010283 2.426253 9.643186
v 0.000036 2.480402 9.571646
v 0.000036 2.481436 9.561963
v 0.005489 2.480026 9.553126
v -0.005604 2.481153 9.562245
v -0.005510 2.480026 9.553126
v 0.000036 2.477769 9.544572
v 0.005207 2.473821 9.537427
v 0.015172 2.471189 9.538743
v 0.010001 2.468556 9.531693
v -0.005040 2.469497 9.531222
v -0.010398 2.474761 9.541470
v 0.018368 2.458122 9.526898
v -0.020927 2.474761 9.555195
v 0.004925 2.464702 9.526052
v 0.017616 2.452669 9.523890
v 0.008779 2.452575 9.519848
v 0.000036 2.456618 9.520129
v 0.014796 2.444115 9.520224
v 0.027769 2.441764 9.528685
v 0.040930 2.430483 9.533667
v 0.030213 2.435466 9.531128
v 0.052211 2.414032 9.531693
v 0.020060 2.435560 9.525300
v 0.003703 2.445055 9.515900
v 0.002387 2.417322 9.508097
v -0.002314 2.419861 9.508943
v -0.003724 2.445055 9.515900
v -0.014065 2.459908 9.525582
v -0.017637 2.452669 9.523890
v -0.004852 2.464702 9.526052
v -0.014817 2.467052 9.532633
v -0.023089 2.460378 9.532538
v -0.024312 2.467804 9.544384
v -0.032960 2.462634 9.558015
v -0.031926 2.460096 9.546922
v -0.029670 2.450413 9.531693
v -0.047908 2.432082 9.540529
v -0.044147 2.439790 9.553690
v -0.046873 2.430202 9.536769
v -0.056744 2.416100 9.536016
v -0.025910 2.471941 9.565065
v -0.037003 2.432740 9.532821
v -0.061915 2.411588 9.543067
v -0.036345 2.457088 9.567039
v -0.058436 2.417134 9.549084
v -0.033242 2.461882 9.570988
v -0.045275 2.433022 9.564407
v -0.067461 2.399931 9.542128
v -0.063231 2.404443 9.555476
v -0.035592 2.455113 9.575970
v -0.045557 2.424937 9.572210
v -0.069435 2.392880 9.548238
v -0.026662 2.459250 9.590353
v -0.033524 2.451259 9.585653
v -0.023654 2.433962 9.618367
v -0.024876 2.468933 9.579542
v -0.018389 2.463856 9.594866
v -0.020645 2.472693 9.578884
v -0.014535 2.439320 9.624478
v -0.012843 2.457464 9.605865
v -0.010022 2.472317 9.588097
v 0.000036 2.455584 9.611317
v -0.021397 2.475607 9.564219
v -0.011056 2.478992 9.572398
v -0.015381 2.473257 9.583397
v 0.000036 2.428415 9.642998
v -0.010304 2.426253 9.643186
v 0.002857 2.383762 9.710965
v -0.019611 2.424185 9.636888
v -0.008706 2.382822 9.710965
v 0.014890 2.383950 9.705606
v -0.016133 2.410836 9.661141
v -0.008424 2.374925 9.726570
v 0.008497 2.374925 9.726570
v 0.023444 2.373327 9.715571
v 0.030119 2.385548 9.681259
v -0.029388 2.400307 9.653244
v 0.027017 2.403691 9.653902
v 0.042810 2.382351 9.649296
v 0.055407 2.376617 9.602386
v 0.060859 2.363738 9.649296
v 0.076183 2.357721 9.628051
v 0.088122 2.355653 9.603796
v 0.074021 2.353209 9.650236
v 0.047886 2.358850 9.691223
v 0.079661 2.340800 9.668756
v 0.026547 2.368814 9.720366
v 0.062364 2.349449 9.680507
v 0.113692 2.328579 9.651270
v 0.113974 2.320024 9.664995
v 0.093856 2.312880 9.691035
v 0.078815 2.316734 9.703162
v 0.121776 2.334784 9.627486
v 0.158909 2.309777 9.645818
v 0.050895 2.347475 9.705419
v 0.168310 2.320212 9.609907
v 0.144808 2.332903 9.601822
v 0.169814 2.306769 9.642715
v 0.134373 2.341458 9.578226
v 0.185702 2.313914 9.603890
v 0.153645 2.334126 9.567791
v 0.199897 2.310247 9.570988
v 0.225655 2.294642 9.551340
v 0.226125 2.298214 9.593455
v 0.257712 2.281387 9.589695
v 0.234962 2.291728 9.621376
v 0.258558 2.281575 9.606523
v 0.264856 2.275277 9.580482
v 0.227441 2.292950 9.628144
v 0.206101 2.292386 9.646288
v 0.261754 2.270388 9.648732
v 0.258276 2.280541 9.621752
v 0.282718 2.264466 9.608872
v 0.279709 2.263432 9.639613
v 0.258182 2.266252 9.659261
v 0.281026 2.264090 9.632657
v 0.283282 2.256193 9.654372
v 0.293811 2.252151 9.644032
v 0.297759 2.240776 9.667910
v 0.296537 2.252151 9.629272
v 0.297289 2.251775 9.621188
v 0.319099 2.224324 9.660483
v 0.319193 2.227333 9.641682
v 0.304339 2.244442 9.614984
v 0.289768 2.256381 9.592234
v 0.330662 2.210693 9.632845
v 0.310356 2.234759 9.598720
v 0.281120 2.262304 9.581235
v 0.296255 2.247921 9.584055
v 0.253669 2.279507 9.562057
v 0.276137 2.258073 9.549930
v 0.230449 2.289284 9.539025
v 0.238910 2.270764 9.493996
v 0.289674 2.240400 9.540435
v 0.209674 2.297838 9.515805
v 0.258088 2.256851 9.502080
v 0.214938 2.272926 9.423584
v 0.305562 2.226675 9.555664
v 0.313458 2.220940 9.569672
v 0.239004 2.250177 9.424523
v 0.284974 2.211633 9.457333
v 0.181565 2.298685 9.407602
v 0.189650 2.290694 9.392373
v 0.188240 2.289284 9.369623
v 0.199803 2.277909 9.368119
v 0.213528 2.261646 9.361727
v 0.253951 2.220940 9.383536
v 0.210144 2.255159 9.326568
v 0.199709 2.269354 9.332397
v 0.177335 2.286088 9.303348
v 0.176959 2.282139 9.282102
v 0.164174 2.287968 9.250515
v 0.161636 2.298403 9.274958
v 0.152987 2.304983 9.252959
v 0.256678 2.200447 9.344429
v 0.246995 2.217838 9.353360
v 0.284974 2.184841 9.393313
v 0.307066 2.165946 9.426310
v 0.289956 2.167074 9.375263
v 0.233928 2.209189 9.306074
v 0.261754 2.186815 9.335404
v 0.288640 2.156827 9.357590
v 0.263164 2.155981 9.307484
v 0.272565 2.129095 9.304946
v 0.287136 2.118284 9.321303
v 0.273881 2.163690 9.333242
v 0.297195 2.128719 9.347626
v 0.295315 2.088859 9.318859
v 0.307536 2.098918 9.346215
v 0.306408 2.142068 9.384477
v 0.318911 2.113019 9.384665
v 0.326243 2.129565 9.429789
v 0.322671 2.091398 9.374605
v 0.322389 2.059717 9.353924
v 0.336020 2.085569 9.407790
v 0.328499 2.071092 9.374512
v 0.338464 2.063853 9.396791
v 0.330286 2.041761 9.363794
v 0.321355 2.032267 9.343113
v 0.348335 2.081997 9.449718
v 0.347959 2.037625 9.410705
v 0.322013 2.152503 9.453760
v 0.323423 2.202139 9.564125
v 0.333764 2.136239 9.470776
v 0.343917 2.104558 9.461563
v 0.349839 2.148366 9.574184
v 0.343729 2.172526 9.591951
v 0.326713 2.210223 9.598344
v 0.336208 2.195088 9.606617
v 0.347771 2.176475 9.632845
v 0.355480 2.152691 9.619120
v 0.367889 2.114994 9.624760
v 0.341849 2.190858 9.648262
v 0.352565 2.166792 9.656065
v 0.334422 2.203267 9.660295
v 0.343635 2.180705 9.685865
v 0.331696 2.205899 9.667816
v 0.335550 2.189166 9.698933
v 0.327277 2.205711 9.685771
v 0.316278 2.221598 9.676841
v 0.330756 2.184841 9.725066
v 0.317407 2.202609 9.713597
v 0.294187 2.222632 9.704197
v 0.311484 2.201575 9.730895
v 0.294281 2.214266 9.722341
v 0.260908 2.237862 9.704667
v 0.272377 2.224607 9.721683
v 0.280744 2.219248 9.733245
v 0.258370 2.231281 9.720366
v 0.260344 2.228555 9.726852
v 0.308476 2.202891 9.742082
v 0.309040 2.204395 9.763891
v 0.319193 2.192644 9.750167
v 0.301425 2.211540 9.759850
v 0.332354 2.175440 9.751576
v 0.312706 2.200917 9.776300
v 0.316372 2.192456 9.794914
v 0.320133 2.180987 9.802623
v 0.299639 2.221222 9.814186
v 0.285726 2.245946 9.816442
v 0.289016 2.208343 9.873693
v 0.278487 2.252057 9.842576
v 0.259310 2.281857 9.841448
v 0.267206 2.272174 9.823681
v 0.281120 2.251493 9.806289
v 0.259122 2.281011 9.820766
v 0.263258 2.265406 9.791059
v 0.267018 2.268320 9.850472
v 0.253011 2.252527 9.913646
v 0.245867 2.296993 9.839098
v 0.241542 2.299437 9.826501
v 0.239192 2.295394 9.807605
v 0.228945 2.310153 9.828193
v 0.242576 2.299249 9.853481
v 0.227911 2.312974 9.848593
v 0.218886 2.319366 9.842012
v 0.250003 2.286746 9.864198
v 0.222553 2.314948 9.862506
v 0.236936 2.302915 9.861095
v 0.250473 2.266346 9.893717
v 0.215596 2.298214 9.910261
v 0.222929 2.305547 9.881966
v 0.196325 2.320776 9.890896
v 0.175173 2.332527 9.892212
v 0.217194 2.291070 9.925867
v 0.233740 2.271892 9.929533
v 0.189838 2.295582 9.991485
v 0.224339 2.269918 9.970614
v 0.242388 2.259295 9.934986
v 0.223869 2.255065 10.017430
v 0.251883 2.221410 10.017900
v 0.273505 2.199883 9.992331
v 0.287606 2.201010 9.897476
v 0.300485 2.160117 9.985656
v 0.307912 2.169518 9.875479
v 0.302365 2.171680 9.910261
v 0.379264 2.044770 9.800366
v 0.351531 2.089799 9.847182
v 0.364504 2.110951 9.748098
v 0.342319 2.099764 9.923705
v 0.356138 2.144700 9.714350
v 0.366761 2.121950 9.709273
v 0.384058 2.054641 9.757217
v 0.390639 2.017977 9.798487
v 0.383964 2.074852 9.713973
v 0.379076 2.092902 9.688873
v 0.403706 2.001244 9.744056
v 0.388664 2.017226 9.820672
v 0.400321 1.989117 9.821612
v 0.380862 2.023618 9.928875
v 0.401450 1.981785 9.893340
v 0.372119 2.034147 9.967794
v 0.396373 1.987519 9.935832
v 0.419687 1.934499 9.902647
v 0.398723 1.967119 9.976067
v 0.415551 1.933182 9.948429
v 0.340344 2.094406 9.976067
v 0.368171 2.033865 9.993082
v 0.339122 2.086133 10.009910
v 0.309980 2.133419 10.020720
v 0.332918 2.088765 10.031061
v 0.362624 2.034523 10.018088
v 0.281872 2.175723 10.027207
v 0.295127 2.147238 10.045727
v 0.307536 2.116968 10.064434
v 0.336396 2.067614 10.057571
v 0.309604 2.097790 10.089065
v 0.267206 2.187661 10.049769
v 0.270967 2.169988 10.074306
v 0.251789 2.198284 10.071672
v 0.239098 2.224231 10.050991
v 0.264762 2.161151 10.103354
v 0.244457 2.198472 10.088594
v 0.220955 2.241246 10.058794
v 0.215126 2.232597 10.088312
v 0.205537 2.271046 10.023917
v 0.203845 2.248672 10.078912
v 0.219262 2.204113 10.126103
v 0.182223 2.270482 10.071767
v 0.182035 2.297180 10.005021
v 0.168028 2.313068 9.985092
v 0.156277 2.303197 10.036514
v 0.141706 2.334596 9.957924
v 0.122059 2.352363 9.904433
v 0.176865 2.250647 10.114540
v 0.198487 2.228461 10.121215
v 0.199803 2.218214 10.133718
v 0.154867 2.270764 10.106456
v 0.210708 2.200634 10.142085
v 0.169344 2.235793 10.143213
v 0.202717 2.183243 10.168595
v 0.181941 2.207215 10.164458
v 0.221895 2.170364 10.160417
v 0.164268 2.190200 10.193225
v 0.161730 2.217180 10.170475
v 0.148757 2.245476 10.148478
v 0.122434 2.220000 10.192285
v 0.125443 2.274901 10.126386
v 0.154303 2.194524 10.196233
v 0.128263 2.253843 10.152896
v 0.099027 2.252433 10.171415
v 0.097616 2.264184 10.158442
v 0.091694 2.229401 10.198019
v 0.103445 2.212667 10.208172
v 0.096112 2.186157 10.232896
v 0.084079 2.203925 10.223025
v 0.071012 2.234007 10.200651
v 0.052399 2.209753 10.226222
v 0.085113 2.288062 10.132778
v 0.068662 2.259389 10.175551
v 0.066406 2.282139 10.148759
v 0.040366 2.237485 10.203378
v 0.038862 2.262492 10.177996
v 0.075995 2.176475 10.246716
v 0.037452 2.285147 10.150827
v 0.009813 2.250647 10.192567
v 0.031341 2.211540 10.227726
v 0.043374 2.182867 10.248878
v 0.036887 2.295300 10.136726
v 0.055125 2.302633 10.121309
v 0.009249 2.285805 10.151956
v -0.009458 2.274713 10.165962
v -0.029012 2.262868 10.178654
v -0.037473 2.285147 10.150827
v 0.000036 2.237956 10.205352
v 0.010659 2.198566 10.239665
v -0.041139 2.224418 10.215410
v -0.031362 2.211540 10.227726
v -0.049600 2.249519 10.190123
v -0.058624 2.260799 10.176492
v -0.071033 2.234007 10.200651
v -0.054206 2.181175 10.248314
v -0.010774 2.185123 10.250099
v -0.062949 2.208249 10.225375
v -0.078742 2.257509 10.174423
v -0.093125 2.215582 10.209958
v -0.077520 2.269260 10.161263
v -0.109201 2.249237 10.169629
v -0.113807 2.209471 10.206198
v -0.065111 2.179013 10.247656
v -0.067273 2.147238 10.269089
v -0.022713 2.138777 10.281028
v -0.011150 2.156075 10.270405
v 0.011787 2.101080 10.303778
v 0.022316 2.155323 10.270405
v -0.086827 2.173654 10.245493
v -0.096039 2.186157 10.232896
v -0.089647 2.140752 10.267209
v -0.130916 2.143572 10.248502
v 0.044784 2.152315 10.270029
v 0.034725 2.118942 10.292027
v 0.066218 2.163502 10.258372
v 0.069508 2.111139 10.290710
v 0.108239 2.167262 10.242203
v 0.125631 2.191328 10.215410
v 0.122341 2.129941 10.261662
v 0.147535 2.168578 10.221146
v 0.091036 2.122984 10.277925
v 0.070730 2.091115 10.301522
v 0.116982 2.076450 10.294941
v 0.143116 2.122514 10.256210
v 0.178463 2.140658 10.221521
v 0.147347 2.085287 10.276516
v 0.095642 2.062537 10.309042
v 0.163140 2.115088 10.249441
v 0.130143 2.051350 10.301804
v 0.203563 2.170082 10.179124
v 0.217570 2.106721 10.214094
v 0.213058 2.164160 10.175081
v 0.234492 2.110763 10.195293
v 0.200931 2.099576 10.232802
v 0.237876 2.081151 10.212967
v 0.212494 2.078424 10.237126
v 0.184574 2.089893 10.251227
v 0.227441 2.038471 10.248595
v 0.170096 2.058401 10.278490
v 0.221049 2.022584 10.262038
v 0.199145 2.048624 10.264765
v 0.175079 2.016097 10.295318
v 0.204879 2.007731 10.280652
v 0.207700 1.986015 10.287515
v 0.255267 2.027472 10.230170
v 0.243422 1.996732 10.256680
v 0.230167 1.959599 10.281404
v 0.255831 2.070716 10.202062
v 0.271343 1.988553 10.235152
v 0.256302 1.974170 10.255458
v 0.250567 2.123924 10.166903
v 0.285444 2.028130 10.197550
v 0.284598 2.000680 10.214752
v 0.303493 1.980562 10.202250
v 0.281402 1.929798 10.247656
v 0.295503 1.947284 10.226315
v 0.262600 1.932618 10.264482
v 0.275009 1.909963 10.259501
v 0.255455 1.912125 10.275764
v 0.269557 1.866531 10.272098
v 0.304810 1.887119 10.233084
v 0.321543 1.887589 10.211839
v 0.158534 1.974922 10.317785
v 0.345797 1.826672 10.189465
v 0.329346 1.928764 10.187678
v 0.126383 1.957248 10.335459
v 0.145466 2.001996 10.314965
v 0.086900 2.018071 10.329724
v 0.120742 2.032455 10.313555
v 0.061141 2.048906 10.323520
v 0.089908 1.964393 10.345047
v 0.074585 2.020986 10.331604
v 0.064620 1.968247 10.349748
v 0.075995 1.994287 10.340159
v 0.049861 2.025498 10.334613
v 0.050801 1.998142 10.343731
v 0.038862 1.970598 10.353038
v 0.012915 1.971538 10.354731
v 0.012727 2.000586 10.346552
v -0.012749 2.000586 10.346552
v 0.000036 2.028600 10.337151
v 0.036699 2.052948 10.325494
v -0.025910 1.971256 10.354073
v -0.051762 1.969658 10.351628
v -0.063419 1.996450 10.342134
v -0.077332 1.966461 10.347586
v -0.076016 1.994287 10.340159
v -0.049788 2.025498 10.334613
v -0.024970 2.027942 10.336493
v -0.110987 2.011773 10.324741
v -0.086921 2.018071 10.329724
v 0.000036 2.054923 10.326622
v -0.132138 2.028883 10.310547
v -0.048848 2.051256 10.324648
v -0.024406 2.054076 10.326152
v -0.048001 2.074946 10.313931
v -0.095663 2.062537 10.309042
v 0.035947 2.076826 10.314589
v 0.000036 2.079082 10.315341
v -0.034746 2.118942 10.292027
v -0.058906 2.094218 10.302368
v -0.103936 2.100328 10.286857
v -0.124148 2.111797 10.272191
v -0.130070 2.051350 10.301804
v -0.147368 2.085287 10.276516
v -0.162315 2.040915 10.291368
v -0.177450 2.074758 10.265047
v -0.172750 2.111327 10.245682
v -0.198978 2.116028 10.223213
v -0.168895 2.144794 10.225187
v -0.149342 2.152691 10.231956
v -0.204430 2.156357 10.189371
v -0.125652 2.191328 10.215410
v -0.174254 2.185687 10.190029
v -0.142761 2.212574 10.187585
v -0.138437 2.249895 10.150734
v -0.126780 2.264748 10.139829
v -0.160341 2.229401 10.158442
v -0.157709 2.251493 10.133060
v -0.176886 2.250647 10.114540
v -0.190893 2.213514 10.149323
v -0.154794 2.270764 10.106456
v -0.202738 2.183243 10.168595
v -0.198508 2.228461 10.121215
v -0.210635 2.200634 10.142085
v -0.222574 2.157767 10.170851
v -0.195594 2.247168 10.095363
v -0.230565 2.174876 10.145187
v -0.219284 2.204113 10.126103
v -0.203772 2.248672 10.078912
v -0.182245 2.270482 10.071767
v -0.240999 2.143760 10.161826
v -0.251340 2.111421 10.176304
v -0.258767 2.128061 10.152143
v -0.248802 2.158895 10.135974
v -0.283773 2.121668 10.116326
v -0.237991 2.188132 10.117549
v -0.256981 2.160587 10.119899
v -0.236769 2.197908 10.105422
v -0.254819 2.180141 10.096303
v -0.273526 2.151374 10.098372
v -0.251716 2.198284 10.071672
v -0.222856 2.233161 10.071672
v -0.207627 2.264184 10.036514
v -0.279637 2.159741 10.069135
v -0.298626 2.128719 10.070356
v -0.267228 2.187661 10.049769
v -0.232633 2.246510 10.013952
v -0.254254 2.213702 10.030027
v -0.268356 2.202139 10.008688
v -0.244102 2.254501 9.943353
v -0.264877 2.228273 9.932354
v -0.292422 2.171116 9.992143
v -0.306993 2.142538 10.008688
v -0.301164 2.165382 9.957735
v -0.259425 2.244160 9.910356
v -0.323820 2.101832 10.038582
v -0.287627 2.201010 9.897476
v -0.336323 2.104371 9.964598
v -0.323914 2.118848 9.993647
v -0.341964 2.075322 10.022882
v -0.309625 2.097790 10.089065
v -0.327581 2.052572 10.102508
v -0.301164 2.080963 10.127983
v -0.253972 1.906578 9.134510
v -0.250494 1.879786 9.008727
v -0.252468 1.855626 8.911054
v -0.245324 1.874710 8.932769
v -0.221164 1.913253 8.949879
v -0.234607 1.878000 8.894226
v -0.204148 1.929516 8.944708
v -0.228590 1.895015 8.914907
v -0.259519 1.838705 8.902875
v -0.266663 1.823758 8.905695
v -0.249648 1.849892 8.889902
v -0.266946 1.823475 8.967552
v -0.273244 1.808246 8.908422
v -0.272868 1.805896 8.899397
v -0.284713 1.772053 8.898739
v -0.262997 1.818493 8.887927
v -0.308121 1.709350 8.914437
v -0.287251 1.753910 8.896670
v -0.317052 1.679268 8.923463
v -0.309061 1.692147 8.913591
v -0.315360 1.662440 8.922616
v -0.308215 1.646083 8.922146
v -0.301916 1.690078 8.908892
v -0.304267 1.617881 8.930795
v -0.297122 1.644673 8.917822
v -0.312539 1.619479 8.936248
v -0.294772 1.590900 8.939068
v -0.295900 1.579337 8.948656
v -0.289225 1.603027 8.930325
v -0.281329 1.565612 8.946589
v -0.300788 1.581124 8.955331
v -0.280295 1.555271 8.955895
v -0.275500 1.545965 8.965766
v -0.256793 1.527069 8.971125
v -0.263279 1.534778 8.962006
v -0.266005 1.543426 8.953263
v -0.264877 1.552921 8.945272
v -0.237897 1.511652 8.975355
v -0.237051 1.511088 8.968962
v -0.250682 1.525377 8.958998
v -0.211105 1.493602 8.979774
v -0.203114 1.488902 8.974603
v -0.235171 1.511182 8.963510
v -0.188073 1.480441 8.982969
v -0.218814 1.499807 8.966330
v -0.169930 1.472545 8.973850
v -0.168519 1.470852 8.985226
v -0.239025 1.517668 8.957117
v -0.251434 1.532804 8.951665
v -0.233479 1.516822 8.954203
v -0.247674 1.540606 8.945178
v -0.271082 1.588738 8.930513
v -0.217685 1.501875 8.961160
v -0.176134 1.476869 8.968962
v -0.216839 1.505259 8.956741
v -0.217121 1.516728 8.949314
v -0.178484 1.491346 8.956647
v -0.168425 1.478467 8.964168
v -0.239777 1.549161 8.939631
v -0.283303 1.643451 8.914344
v -0.248896 1.656142 8.906259
v -0.281517 1.672123 8.905883
v -0.229060 1.559220 8.934649
v -0.177544 1.538726 8.938692
v -0.181304 1.503943 8.951007
v -0.174724 1.583474 8.925155
v -0.088895 1.520395 8.942076
v -0.091997 1.476963 8.958998
v -0.024500 1.447538 8.971500
v -0.040293 1.501217 8.949314
v -0.056556 1.465682 8.963322
v -0.028730 1.461358 8.963227
v -0.046497 1.535812 8.938598
v -0.016133 1.628127 8.912087
v -0.163913 1.816237 8.857375
v -0.143983 1.844251 8.849102
v -0.174348 1.844627 8.850230
v -0.206969 1.803828 8.863110
v -0.142291 1.881196 8.840077
v -0.168613 1.879974 8.842710
v -0.036345 1.844815 8.848821
v -0.219848 1.805332 8.864614
v 0.044220 1.725707 8.883603
v -0.043583 1.892477 8.836129
v 0.086712 1.599925 8.920266
v 0.042998 1.830150 8.853050
v 0.103821 1.887025 8.837728
v -0.056744 1.907142 8.833027
v 0.073456 1.847260 8.848163
v 0.057193 1.921056 8.830958
v 0.148475 1.857318 8.845718
v 0.122434 1.713298 8.887176
v 0.142364 1.881196 8.840077
v 0.187582 1.817177 8.858127
v 0.171789 1.742817 8.878621
v 0.081823 1.536846 8.937940
v 0.228381 1.684532 8.896858
v 0.168592 1.879974 8.842710
v 0.091600 1.504601 8.948092
v 0.216818 1.571347 8.929949
v 0.186360 1.522839 8.944144
v 0.263164 1.614778 8.920078
v 0.260062 1.700419 8.894979
v 0.020812 1.472921 8.958245
v 0.023444 1.453555 8.967176
v 0.219827 1.805332 8.864614
v 0.181283 1.503943 8.951007
v 0.245115 1.561382 8.935871
v 0.218228 1.524813 8.945836
v 0.178463 1.491346 8.956647
v 0.231107 1.528573 8.946494
v 0.265608 1.575765 8.934367
v 0.216818 1.505259 8.956741
v 0.163046 1.478279 8.963510
v 0.173011 1.478655 8.965108
v 0.233458 1.516822 8.954203
v 0.242294 1.531205 8.948280
v 0.251413 1.532804 8.951665
v 0.278299 1.576893 8.938128
v 0.217664 1.501875 8.961160
v 0.243046 1.517856 8.961442
v 0.218792 1.499807 8.966330
v 0.176113 1.476869 8.968962
v 0.258370 1.533838 8.956271
v 0.228193 1.504695 8.970654
v 0.188428 1.480535 8.976859
v 0.170002 1.472545 8.973850
v 0.245773 1.518138 8.966894
v 0.219733 1.499055 8.978551
v 0.247277 1.518984 8.973380
v 0.263258 1.534778 8.962006
v 0.281308 1.565612 8.946589
v 0.266172 1.536094 8.968586
v 0.280273 1.555271 8.955895
v 0.294751 1.590900 8.939068
v 0.302553 1.592310 8.944708
v 0.284504 1.556870 8.962569
v 0.267206 1.538162 8.976013
v 0.244645 1.525847 8.996600
v 0.293247 1.616658 8.926188
v 0.304339 1.617881 8.930795
v 0.279427 1.615624 8.922616
v 0.297101 1.644673 8.917822
v 0.281496 1.672123 8.905883
v 0.259592 1.747047 8.884167
v 0.287700 1.703240 8.900524
v 0.307536 1.660560 8.917728
v 0.297477 1.705214 8.904567
v 0.312518 1.619479 8.936248
v 0.312894 1.677199 8.918104
v 0.271249 1.749115 8.887458
v 0.280556 1.751466 8.891594
v 0.299169 1.722699 8.904943
v 0.273505 1.785214 8.888585
v 0.223869 1.821689 8.862827
v 0.266642 1.782488 8.883227
v 0.234022 1.824228 8.866400
v 0.199427 1.860797 8.852016
v 0.216818 1.851020 8.858974
v 0.242764 1.827048 8.871100
v 0.249721 1.830056 8.877116
v 0.187676 1.891913 8.849196
v 0.262976 1.818493 8.887927
v 0.208076 1.876684 8.857939
v 0.231954 1.856848 8.870160
v 0.214374 1.879692 8.864238
v 0.254891 1.833064 8.884449
v 0.219356 1.882794 8.871946
v 0.237312 1.859951 8.877774
v 0.265702 1.821219 8.896200
v 0.249627 1.849892 8.889902
v 0.223117 1.885991 8.881065
v 0.259498 1.838705 8.902875
v 0.234586 1.878000 8.894226
v 0.205725 1.904510 8.876365
v 0.216912 1.898870 8.889055
v 0.202529 1.901220 8.867340
v 0.190872 1.905262 8.857939
v 0.186548 1.915509 8.863485
v 0.180155 1.907800 8.850795
v 0.176019 1.917295 8.854649
v 0.166336 1.916825 8.847786
v 0.164362 1.911091 8.844026
v 0.156089 1.935345 8.857281
v 0.154115 1.929892 8.850325
v 0.124973 1.934687 8.840923
v 0.128263 1.948506 8.852769
v 0.170848 1.896425 8.842804
v 0.163704 1.897366 8.841018
v 0.129673 1.923970 8.838386
v 0.115102 1.908270 8.835001
v 0.105043 1.921902 8.833967
v 0.100907 1.933653 8.834908
v 0.057757 1.933841 8.830300
v 0.058227 1.945122 8.831429
v 0.076089 1.950856 8.835471
v 0.030777 1.948976 8.830395
v 0.030965 1.958847 8.833309
v -0.044711 1.935815 8.829737
v -0.068777 1.919081 8.831523
v -0.115029 1.908270 8.835001
v -0.163725 1.897366 8.841018
v -0.121986 1.916825 8.835753
v -0.170870 1.896425 8.842804
v -0.164383 1.911091 8.844026
v -0.106192 1.931960 8.835471
v -0.176980 1.904040 8.847128
v -0.159213 1.920398 8.846376
v -0.096886 1.944651 8.837445
v -0.058248 1.945122 8.831429
v -0.038037 1.948318 8.830583
v -0.064735 1.953676 8.834625
v -0.030986 1.958847 8.833309
v -0.031174 1.967025 8.838198
v -0.076674 1.959223 8.840172
v -0.059000 1.963359 8.838949
v -0.114559 1.947002 8.844308
v -0.146992 1.933371 8.849102
v -0.098860 1.959787 8.848726
v -0.071315 1.967589 8.846188
v -0.168707 1.921996 8.853145
v -0.134865 1.945686 8.853803
v -0.163537 1.931208 8.858691
v -0.183467 1.911749 8.856341
v -0.088331 1.968435 8.855871
v -0.110893 1.961103 8.858503
v -0.143137 1.947284 8.863485
v -0.165323 1.935439 8.867434
v -0.130540 1.957624 8.871194
v -0.059188 1.975204 8.853897
v -0.045839 1.972102 8.845060
v 0.000036 1.974076 8.845060
v 0.031247 1.978306 8.853427
v 0.031247 1.973418 8.844872
v 0.031153 1.967025 8.838198
v 0.059167 1.970128 8.845530
v 0.058979 1.963359 8.838949
v 0.038486 1.981503 8.863392
v 0.052587 1.976238 8.853708
v 0.058979 1.979058 8.863768
v 0.092634 1.954616 8.841581
v 0.120460 1.944651 8.845154
v 0.093386 1.961479 8.848163
v 0.077123 1.971444 8.854931
v 0.105137 1.963171 8.857751
v 0.143210 1.947284 8.863485
v 0.099873 1.969187 8.866870
v 0.094232 1.974170 8.877116
v 0.117640 1.962983 8.869220
v 0.069508 1.991279 8.922898
v 0.093574 1.992783 8.959844
v 0.118956 1.971538 8.903251
v 0.110496 2.005380 9.051031
v 0.112188 1.991091 8.984850
v 0.147347 1.964863 8.931641
v 0.161542 1.971350 9.004591
v 0.170566 1.952830 8.936341
v 0.138792 1.960727 8.894790
v 0.152611 1.950762 8.885765
v 0.176019 1.937131 8.890371
v 0.184574 1.962701 9.043793
v 0.185796 1.957155 9.010420
v 0.210990 1.939669 9.028563
v 0.187018 1.947660 8.964168
v 0.186172 1.937225 8.915942
v 0.203845 1.926884 8.932393
v 0.199521 1.915415 8.884731
v 0.211178 1.913629 8.910113
v 0.212682 1.921902 8.947247
v 0.181001 1.925192 8.870630
v 0.157781 1.939763 8.866024
v 0.229133 1.897930 8.927317
v 0.237030 1.884017 8.917540
v 0.227817 1.926132 9.054697
v 0.226407 1.937789 9.117495
v 0.244645 1.910151 9.090420
v 0.225091 1.945873 9.149833
v 0.213528 1.958001 9.158011
v 0.235808 1.935533 9.152184
v 0.255361 1.911279 9.156132
v 0.243611 1.895203 9.017188
v 0.252729 1.858540 8.922898
v 0.253011 1.902066 9.113452
v 0.261190 1.854592 9.024239
v 0.257430 1.878376 9.063722
v 0.259874 1.841431 8.913686
v 0.273223 1.808246 8.908422
v 0.261378 1.893323 9.136578
v 0.269557 1.860703 9.119562
v 0.266360 1.901596 9.180386
v 0.272847 1.805896 8.899397
v 0.284692 1.772053 8.898739
v 0.292024 1.758234 8.909080
v 0.308100 1.709350 8.914437
v 0.317125 1.679268 8.923463
v 0.317877 1.681336 8.929197
v 0.319945 1.664508 8.928163
v 0.316372 1.647963 8.927223
v 0.321167 1.650031 8.932958
v 0.320321 1.635648 8.937657
v 0.317689 1.621547 8.942358
v 0.313364 1.607634 8.946964
v 0.319569 1.624085 8.949126
v 0.322013 1.638186 8.944144
v 0.322577 1.652381 8.939161
v 0.321073 1.666765 8.934085
v 0.320979 1.641006 8.951289
v 0.315432 1.610266 8.953921
v 0.318817 1.627093 8.956459
v 0.314962 1.613368 8.961535
v 0.309792 1.596729 8.958433
v 0.321167 1.655108 8.945930
v 0.317689 1.644297 8.959091
v 0.319287 1.669303 8.940666
v 0.317595 1.658210 8.953545
v 0.315902 1.630572 8.964450
v 0.293435 1.647681 9.002522
v 0.315902 1.683592 8.935590
v 0.289768 1.701171 8.983627
v 0.296067 1.744133 8.919514
v 0.284598 1.764721 8.935120
v 0.277829 1.794615 8.920736
v 0.282812 1.682746 9.013992
v 0.280273 1.709632 9.006753
v 0.275385 1.787753 8.957587
v 0.273787 1.800444 8.943486
v 0.262036 1.842371 8.978456
v 0.271813 1.795367 8.983345
v 0.272471 1.783334 8.996788
v 0.265044 1.833628 9.004027
v 0.268429 1.832312 9.059303
v 0.271437 1.843781 9.111196
v 0.273693 1.717435 9.028845
v 0.270591 1.694403 9.044827
v 0.269087 1.755602 9.056766
v 0.270497 1.796683 9.041630
v 0.270873 1.822159 9.081772
v 0.269463 1.778352 9.086566
v 0.271249 1.721101 9.039562
v 0.265044 1.701547 9.064850
v 0.264856 1.734262 9.080925
v 0.258934 1.663662 9.073123
v 0.275479 1.809092 9.158669
v 0.261096 1.708222 9.084685
v 0.263352 1.751090 9.143347
v 0.254797 1.705496 9.116930
v 0.268523 1.774779 9.129904
v 0.265514 1.758234 9.176155
v 0.245209 1.670525 9.122664
v 0.253857 1.719691 9.169292
v 0.242482 1.686130 9.173711
v 0.254515 1.717059 9.219398
v 0.279615 1.802982 9.207930
v 0.272753 1.766037 9.227296
v 0.283000 1.830526 9.203794
v 0.297477 1.823946 9.283512
v 0.283094 1.844721 9.201444
v 0.293341 1.849704 9.253429
v 0.278111 1.856096 9.175309
v 0.284410 1.876496 9.221373
v 0.275291 1.870855 9.173241
v 0.268147 1.881478 9.149269
v 0.274821 1.888717 9.194111
v 0.275479 1.904416 9.215920
v 0.283658 1.904416 9.239986
v 0.264386 1.917389 9.202007
v 0.293623 1.878376 9.257848
v 0.279239 1.925756 9.248729
v 0.291836 1.903852 9.263206
v 0.246055 1.942677 9.200221
v 0.261284 1.929516 9.212913
v 0.250191 1.956779 9.227201
v 0.270591 1.943617 9.248918
v 0.284222 1.939763 9.272231
v 0.287418 1.952642 9.285769
v 0.285914 1.966649 9.288401
v 0.302835 1.928294 9.307014
v 0.300109 1.956872 9.309176
v 0.306314 1.941831 9.319235
v 0.316184 1.918329 9.342925
v 0.306502 1.962795 9.320739
v 0.321167 1.939951 9.354394
v 0.277265 1.975486 9.278906
v 0.293905 1.986673 9.301749
v 0.276983 1.990151 9.281444
v 0.295785 2.034993 9.305604
v 0.309980 2.024464 9.323465
v 0.294939 2.052384 9.306920
v 0.322201 2.015251 9.342737
v 0.337618 2.016097 9.374982
v 0.321919 1.998800 9.342549
v 0.316937 1.947378 9.342549
v 0.332072 1.982913 9.364641
v 0.342507 1.991843 9.387955
v 0.346831 2.009611 9.399518
v 0.355292 2.004628 9.428190
v 0.340626 1.968717 9.389459
v 0.327747 1.925662 9.379588
v 0.348899 1.963641 9.417192
v 0.351249 1.986391 9.415029
v 0.363188 2.001620 9.462409
v 0.365445 1.951232 9.487133
v 0.360932 2.026908 9.458179
v 0.353036 2.050974 9.438249
v 0.359146 2.068460 9.484877
v 0.366667 2.033113 9.493149
v 0.379170 2.004064 9.559612
v 0.355480 2.090364 9.496721
v 0.365350 2.065921 9.521070
v 0.375221 2.084723 9.622128
v 0.390451 2.041574 9.657851
v 0.375033 1.973606 9.525488
v 0.377289 1.952266 9.528027
v 0.386972 2.017601 9.612633
v 0.393553 2.039223 9.676088
v 0.395809 2.036591 9.694138
v 0.402672 1.987989 9.655407
v 0.408688 1.989117 9.704855
v 0.399193 1.972948 9.625230
v 0.367137 2.126462 9.653338
v 0.401825 2.014781 9.718674
v 0.412918 1.973230 9.727228
v 0.411790 1.968247 9.670448
v 0.421849 1.938353 9.659449
v 0.407842 1.964111 9.644126
v 0.414235 1.959035 9.765584
v 0.417995 1.942865 9.645442
v 0.414329 1.937131 9.626828
v 0.411132 1.961855 9.822365
v 0.429276 1.909492 9.873880
v 0.425327 1.920680 9.813622
v 0.420815 1.937883 9.733903
v 0.433788 1.889657 9.778651
v 0.428430 1.904228 9.917218
v 0.423541 1.928294 9.694138
v 0.435198 1.883640 9.903493
v 0.438865 1.875462 9.848593
v 0.439429 1.851960 9.931131
v 0.428712 1.892101 9.942976
v 0.402766 1.949634 9.987724
v 0.434916 1.836449 9.974657
v 0.444881 1.847353 9.871718
v 0.445069 1.832312 9.912518
v 0.449487 1.796307 9.910919
v 0.451744 1.799973 9.869556
v 0.444881 1.846695 9.835996
v 0.449487 1.819057 9.834773
v 0.452402 1.780514 9.886384
v 0.427960 1.877624 9.968546
v 0.411602 1.908929 10.004928
v 0.428054 1.817365 10.016584
v 0.414611 1.865497 10.033788
v 0.388570 1.949634 10.043941
v 0.385938 1.972290 10.024951
v 0.376443 1.974922 10.055034
v 0.384152 1.912501 10.088500
v 0.346643 2.031421 10.077971
v 0.327559 2.052572 10.102508
v 0.352565 1.996168 10.100815
v 0.357266 1.970410 10.111814
v 0.333294 2.021268 10.122437
v 0.292777 2.091491 10.132684
v 0.307348 2.044394 10.152331
v 0.325021 2.002560 10.155246
v 0.366103 1.925098 10.123189
v 0.283846 2.121668 10.116326
v 0.267394 2.119600 10.147255
v 0.294375 2.043360 10.174706
v 0.302177 2.008859 10.188243
v 0.316372 1.980186 10.184294
v 0.348053 1.959223 10.140111
v 0.337430 1.951326 10.164646
v 0.374375 1.856284 10.137572
v 0.388570 1.861737 10.106738
v 0.337054 1.889657 10.189182
v 0.370239 1.831748 10.151203
v 0.401731 1.866061 10.072049
v 0.403236 1.816331 10.090474
v 0.422413 1.818023 10.036326
v 0.388758 1.812947 10.122250
v 0.366667 1.785778 10.162672
v 0.384810 1.766037 10.134377
v 0.377101 1.742723 10.146033
v 0.400603 1.768387 10.104764
v 0.368265 1.719973 10.156374
v 0.393647 1.744603 10.118113
v 0.365633 1.678139 10.149229
v 0.393365 1.722229 10.115763
v 0.392143 1.700231 10.112943
v 0.408782 1.746483 10.086996
v 0.412918 1.793863 10.072895
v 0.421285 1.771301 10.053811
v 0.425233 1.794803 10.036044
v 0.408594 1.723639 10.084740
v 0.422225 1.748175 10.052119
v 0.432566 1.772241 10.015174
v 0.439993 1.794615 9.975033
v 0.445445 1.774403 9.951719
v 0.438206 1.750713 9.992424
v 0.422037 1.725237 10.049863
v 0.446197 1.753722 9.948523
v 0.414235 1.701829 10.065187
v 0.433318 1.727212 10.010756
v 0.420721 1.702487 10.047231
v 0.451462 1.758986 9.903305
v 0.446103 1.732570 9.944292
v 0.437078 1.706248 9.986408
v 0.411790 1.679550 10.062272
v 0.424293 1.680960 10.025233
v 0.439053 1.686224 9.959898
v 0.444975 1.711042 9.939686
v 0.451274 1.739621 9.897288
v 0.452684 1.744697 9.874445
v 0.445727 1.693181 9.909134
v 0.453436 1.767635 9.860155
v 0.452120 1.791889 9.827723
v 0.452026 1.744227 9.823869
v 0.446291 1.682934 9.841730
v 0.450051 1.783898 9.772259
v 0.449299 1.804768 9.774891
v 0.446573 1.746201 9.732211
v 0.448359 1.703898 9.818040
v 0.450616 1.787471 9.763233
v 0.441309 1.670995 9.787676
v 0.438583 1.869351 9.784103
v 0.446103 1.836261 9.778275
v 0.439899 1.868881 9.778181
v 0.447889 1.825638 9.776207
v 0.435386 1.888529 9.772728
v 0.450710 1.806084 9.768780
v 0.427678 1.917671 9.751106
v 0.442343 1.868599 9.775360
v 0.438019 1.887871 9.769720
v 0.434070 1.903570 9.760131
v 0.423353 1.931208 9.724220
v 0.437642 1.902818 9.758815
v 0.441403 1.887589 9.768780
v 0.456820 1.878094 9.774514
v 0.430874 1.915415 9.747534
v 0.436044 1.908834 9.752611
v 0.428430 1.923500 9.731929
v 0.433506 1.917765 9.738509
v 0.450239 1.900280 9.758627
v 0.448453 1.905450 9.751952
v 0.452214 1.893981 9.764738
v 0.457760 1.896332 9.757217
v 0.454376 1.886649 9.770096
v 0.462931 1.884205 9.769062
v 0.436702 1.918423 9.730143
v 0.450522 1.906954 9.744244
v 0.427490 1.925662 9.714255
v 0.443377 1.914851 9.721683
v 0.427396 1.923030 9.697992
v 0.450333 1.907800 9.728356
v 0.452308 1.903946 9.727510
v 0.447513 1.908082 9.712846
v 0.440181 1.912877 9.698180
v 0.443189 1.903382 9.690001
v 0.434634 1.911561 9.683797
v 0.439899 1.904792 9.683044
v 0.436232 1.899058 9.669038
v 0.411602 1.891537 9.624572
v 0.441027 1.893229 9.675900
v 0.422977 1.918611 9.676934
v 0.427678 1.885709 9.641024
v 0.418559 1.910715 9.659073
v 0.423165 1.923124 9.681540
v 0.423259 1.925004 9.667816
v 0.421191 1.918329 9.670166
v 0.415457 1.912125 9.653338
v 0.421849 1.920209 9.658415
v 0.422883 1.925756 9.651647
v 0.421003 1.930174 9.641306
v 0.420815 1.922654 9.643656
v 0.418935 1.919833 9.642340
v 0.418559 1.927448 9.633879
v 0.409910 1.912031 9.641682
v 0.414799 1.921996 9.631059
v 0.413858 1.930738 9.623914
v 0.401355 1.928576 9.609530
v 0.405962 1.938917 9.611975
v 0.401825 1.933371 9.605865
v 0.400509 1.944463 9.601634
v 0.398065 1.937319 9.594301
v 0.394493 1.924816 9.602669
v 0.395997 1.939199 9.578508
v 0.395809 1.930644 9.585559
v 0.397689 1.917295 9.619308
v 0.393835 1.922372 9.591481
v 0.396373 1.913723 9.618932
v 0.409628 1.909117 9.641399
v 0.393929 1.910715 9.612633
v 0.396749 1.905262 9.617616
v 0.401731 1.899998 9.622034
v 0.396373 1.901972 9.611411
v 0.404270 1.893981 9.615077
v 0.421943 1.882700 9.626076
v 0.399099 1.898118 9.610941
v 0.393365 1.907894 9.601353
v 0.395433 1.903382 9.601353
v 0.402296 1.895485 9.602386
v 0.392237 1.912595 9.601541
v 0.416397 1.883640 9.605582
v 0.405586 1.895485 9.595148
v 0.398723 1.904040 9.592704
v 0.394775 1.913347 9.591669
v 0.392895 1.921244 9.602292
v 0.392801 1.922090 9.596745
v 0.401450 1.921149 9.577192
v 0.412824 1.898118 9.584148
v 0.396937 1.930550 9.579449
v 0.398911 1.929892 9.573620
v 0.403424 1.924440 9.570988
v 0.419029 1.888999 9.588567
v 0.413294 1.916919 9.565253
v 0.420627 1.914663 9.550306
v 0.400039 1.932618 9.564878
v 0.395621 1.939011 9.567322
v 0.392237 1.949164 9.575030
v 0.398347 1.935627 9.559424
v 0.383870 1.951326 9.547674
v 0.376443 1.942771 9.514959
v 0.391767 1.940045 9.543632
v 0.411038 1.925944 9.542691
v 0.386502 1.941173 9.532914
v 0.406714 1.927072 9.518250
v 0.417901 1.919081 9.540812
v 0.371555 1.946062 9.506405
v 0.378512 1.935345 9.509037
v 0.364410 1.943523 9.485817
v 0.373811 1.936567 9.503961
v 0.368641 1.936943 9.495312
v 0.369957 1.915885 9.487415
v 0.384528 1.938165 9.521352
v 0.375879 1.923500 9.495405
v 0.381520 1.929328 9.504054
v 0.402578 1.927448 9.512327
v 0.380768 1.923876 9.498132
v 0.402390 1.921714 9.501234
v 0.409722 1.919269 9.502832
v 0.402860 1.917765 9.496910
v 0.413012 1.919457 9.508002
v 0.410380 1.916261 9.499353
v 0.399757 1.913159 9.493149
v 0.375409 1.910245 9.489013
v 0.380674 1.911373 9.490987
v 0.401167 1.907518 9.490893
v 0.377101 1.896332 9.487885
v 0.382742 1.897836 9.489013
v 0.371367 1.894357 9.485159
v 0.383024 1.875180 9.491457
v 0.405586 1.894921 9.488919
v 0.364222 1.914381 9.481022
v 0.368453 1.877436 9.483561
v 0.359146 1.920209 9.473690
v 0.376725 1.873111 9.489765
v 0.384998 1.851772 9.498414
v 0.356420 1.933465 9.465699
v 0.341191 1.906296 9.433830
v 0.377854 1.848199 9.495405
v 0.366291 1.858540 9.482244
v 0.353976 1.847260 9.463537
v 0.391861 1.837389 9.506968
v 0.380016 1.818775 9.505840
v 0.392143 1.853840 9.499448
v 0.387724 1.826014 9.510259
v 0.404082 1.832218 9.512703
v 0.364222 1.835696 9.482057
v 0.395809 1.830244 9.512421
v 0.401167 1.805802 9.532633
v 0.388476 1.805050 9.520882
v 0.376537 1.801384 9.506968
v 0.396749 1.778446 9.543819
v 0.409816 1.809562 9.533667
v 0.403612 1.787377 9.547485
v 0.425609 1.790385 9.559989
v 0.421755 1.782300 9.568638
v 0.419029 1.772335 9.576440
v 0.418935 1.811066 9.533291
v 0.435668 1.779104 9.579261
v 0.429746 1.797435 9.550400
v 0.426644 1.777224 9.578226
v 0.431344 1.818117 9.523044
v 0.428148 1.833346 9.509506
v 0.444035 1.769797 9.599472
v 0.445445 1.779104 9.579637
v 0.435198 1.768481 9.598250
v 0.450333 1.762934 9.619590
v 0.427960 1.764345 9.596840
v 0.438019 1.756636 9.627393
v 0.441873 1.762182 9.618367
v 0.421943 1.757482 9.595336
v 0.429746 1.752124 9.616770
v 0.412636 1.764815 9.574090
v 0.417055 1.748081 9.593832
v 0.407372 1.754756 9.571363
v 0.385092 1.771677 9.529154
v 0.413012 1.736236 9.592422
v 0.384622 1.696565 9.548426
v 0.371179 1.702206 9.522573
v 0.397501 1.671935 9.588849
v 0.432002 1.739997 9.638391
v 0.438206 1.748175 9.647886
v 0.411696 1.667047 9.632092
v 0.386032 1.676447 9.560365
v 0.365539 1.684532 9.519753
v 0.379546 1.659338 9.559049
v 0.401543 1.650971 9.618086
v 0.427396 1.681900 9.673268
v 0.437266 1.738775 9.660389
v 0.422319 1.645801 9.696018
v 0.433318 1.664790 9.726194
v 0.444975 1.748927 9.690189
v 0.442813 1.739809 9.694796
v 0.447795 1.754944 9.724315
v 0.450804 1.773933 9.747816
v 0.450051 1.761148 9.718486
v 0.431814 1.646647 9.751201
v 0.438959 1.652851 9.820108
v 0.453060 1.782676 9.750543
v 0.428806 1.627375 9.777804
v 0.453530 1.771771 9.734091
v 0.419217 1.606412 9.760508
v 0.432942 1.629256 9.849909
v 0.423729 1.606506 9.804785
v 0.404928 1.588738 9.723562
v 0.413576 1.585918 9.785419
v 0.415363 1.585354 9.807794
v 0.402108 1.567492 9.766430
v 0.424293 1.604532 9.877265
v 0.408406 1.629067 9.665748
v 0.439805 1.654168 9.846619
v 0.442061 1.670995 9.904528
v 0.433882 1.644767 9.928875
v 0.435386 1.664132 9.956419
v 0.426080 1.660090 10.001731
v 0.425892 1.639878 9.977007
v 0.427302 1.622487 9.927371
v 0.421003 1.638374 9.998723
v 0.414611 1.658304 10.041214
v 0.419593 1.618445 9.974469
v 0.409816 1.637058 10.037924
v 0.401543 1.657928 10.075715
v 0.419687 1.600771 9.926431
v 0.409628 1.616753 10.015926
v 0.407654 1.597199 9.993176
v 0.391955 1.617881 10.068477
v 0.397407 1.597387 10.031438
v 0.407842 1.578961 9.948523
v 0.399757 1.578115 9.990639
v 0.390169 1.579337 10.028241
v 0.413764 1.581312 9.902271
v 0.395339 1.560066 9.968170
v 0.401920 1.560536 9.925021
v 0.416491 1.583944 9.854515
v 0.406996 1.563356 9.855926
v 0.394399 1.542768 9.902082
v 0.406056 1.565236 9.810143
v 0.396843 1.545119 9.834303
v 0.394493 1.547563 9.789838
v 0.389511 1.551135 9.747628
v 0.401167 1.590148 9.704761
v 0.371931 1.539290 9.709273
v 0.370897 1.515412 9.770660
v 0.363470 1.495952 9.813997
v 0.383494 1.576799 9.670259
v 0.391767 1.614684 9.634725
v 0.373529 1.581688 9.635853
v 0.345797 1.488526 9.750543
v 0.352095 1.530453 9.672422
v 0.350685 1.483167 9.792470
v 0.338746 1.495577 9.710589
v 0.317407 1.445846 9.791624
v 0.334516 1.475271 9.750543
v 0.331320 1.454495 9.834773
v 0.324739 1.507704 9.654655
v 0.312048 1.475271 9.691130
v 0.301425 1.441240 9.749697
v 0.335926 1.541452 9.619872
v 0.296537 1.469630 9.672234
v 0.357830 1.569279 9.619590
v 0.372213 1.602745 9.603045
v 0.360180 1.608480 9.571928
v 0.375691 1.621359 9.587533
v 0.343541 1.597387 9.556511
v 0.308100 1.500559 9.636981
v 0.312424 1.537786 9.587157
v 0.321825 1.571253 9.556322
v 0.296443 1.510712 9.603232
v 0.276137 1.471605 9.636230
v 0.303963 1.564390 9.541751
v 0.322953 1.609138 9.514489
v 0.339874 1.618727 9.528027
v 0.356420 1.630008 9.542691
v 0.295315 1.625119 9.463913
v 0.281966 1.616846 9.455452
v 0.342319 1.636400 9.515242
v 0.297101 1.656330 9.437966
v 0.358112 1.648527 9.529436
v 0.371931 1.642793 9.558108
v 0.389511 1.635648 9.603045
v 0.337618 1.657270 9.492773
v 0.358770 1.667611 9.517591
v 0.399475 1.631982 9.633973
v 0.333858 1.715367 9.459682
v 0.321637 1.681148 9.456298
v 0.317125 1.698351 9.438813
v 0.354540 1.795837 9.473125
v 0.330004 1.786248 9.419824
v 0.340156 1.808058 9.439001
v 0.346831 1.891349 9.449059
v 0.332636 1.837953 9.411551
v 0.314962 1.740279 9.406756
v 0.336584 1.895673 9.421798
v 0.303305 1.749679 9.368025
v 0.307254 1.774591 9.359000
v 0.301707 1.698821 9.409389
v 0.282906 1.661500 9.410517
v 0.281872 1.700701 9.363606
v 0.282154 1.736330 9.318859
v 0.254327 1.632922 9.390117
v 0.282060 1.759080 9.286802
v 0.262882 1.690925 9.325439
v 0.270497 1.734356 9.277025
v 0.290990 1.796777 9.278341
v 0.320791 1.829492 9.374042
v 0.317407 1.853370 9.353360
v 0.333294 1.911561 9.406569
v 0.250003 1.680396 9.298836
v 0.236936 1.628691 9.354488
v 0.226689 1.641100 9.287460
v 0.232706 1.664696 9.225979
v 0.224621 1.622393 9.328824
v 0.217194 1.630760 9.258224
v 0.210238 1.607258 9.315381
v 0.222459 1.643639 9.214980
v 0.226031 1.648151 9.190256
v 0.208358 1.617505 9.217519
v 0.226877 1.639032 9.158952
v 0.215596 1.605190 9.341139
v 0.206947 1.614308 9.259070
v 0.224245 1.600207 9.377614
v 0.202717 1.591464 9.340199
v 0.187864 1.588080 9.287555
v 0.196231 1.599643 9.259352
v 0.192940 1.594943 9.219117
v 0.184762 1.586952 9.259258
v 0.207794 1.609702 9.183864
v 0.177617 1.579995 9.245157
v 0.192376 1.590054 9.196461
v 0.198957 1.580559 9.147388
v 0.213434 1.611582 9.162994
v 0.220861 1.608856 9.133852
v 0.223399 1.600019 9.116179
v 0.230073 1.627845 9.130467
v 0.239662 1.644673 9.117307
v 0.239568 1.625401 9.101607
v 0.213152 1.578209 9.110350
v 0.241542 1.600677 9.078763
v 0.254891 1.618821 9.064944
v 0.232612 1.570125 9.066166
v 0.259968 1.592686 9.042477
v 0.271907 1.617599 9.035520
v 0.271437 1.634896 9.040596
v 0.277829 1.673627 9.028281
v 0.308194 1.620889 8.978551
v 0.303493 1.607540 8.983533
v 0.312330 1.616940 8.969714
v 0.307254 1.603497 8.974697
v 0.309510 1.599831 8.966236
v 0.300673 1.590430 8.979115
v 0.297195 1.594473 8.988140
v 0.294845 1.574167 8.974603
v 0.302929 1.583662 8.962664
v 0.289674 1.581782 8.992182
v 0.281214 1.569655 8.995849
v 0.284222 1.565706 8.986730
v 0.258934 1.551605 9.010701
v 0.276607 1.551041 8.981277
v 0.286290 1.559220 8.969996
v 0.300767 1.581124 8.955331
v 0.226783 1.528573 9.024614
v 0.218604 1.547375 9.060150
v 0.211554 1.511182 9.017282
v 0.208170 1.560724 9.094462
v 0.188428 1.537222 9.087317
v 0.193880 1.565800 9.130280
v 0.226971 1.508268 8.991524
v 0.207323 1.499055 9.001489
v 0.181377 1.565048 9.158294
v 0.163140 1.539666 9.131971
v 0.163610 1.511088 9.069738
v 0.169532 1.566458 9.197495
v 0.163046 1.528291 9.105273
v 0.163234 1.556118 9.177659
v 0.150919 1.547751 9.177566
v 0.144526 1.521805 9.114110
v 0.151389 1.555741 9.207742
v 0.132399 1.542956 9.196178
v 0.152329 1.560160 9.230867
v 0.135032 1.553673 9.255310
v 0.161354 1.568244 9.271761
v 0.160602 1.564860 9.323653
v 0.124409 1.550853 9.280786
v 0.173857 1.572099 9.325157
v 0.133151 1.554143 9.307860
v 0.106171 1.545025 9.290938
v 0.103915 1.543708 9.341233
v 0.145560 1.553767 9.358342
v 0.070260 1.534308 9.385416
v 0.107675 1.540512 9.377614
v 0.046288 1.527633 9.416815
v 0.155619 1.552827 9.382032
v 0.083891 1.519548 9.448308
v 0.081917 1.526129 9.428378
v 0.118956 1.535718 9.410047
v 0.100813 1.520583 9.448308
v 0.106735 1.501217 9.488731
v 0.124973 1.523403 9.448308
v 0.149039 1.539384 9.421328
v 0.167840 1.548785 9.413337
v 0.181283 1.566740 9.373571
v 0.173763 1.540136 9.441163
v 0.156841 1.525941 9.458273
v 0.130237 1.510148 9.477262
v 0.173387 1.526317 9.468237
v 0.137382 1.489654 9.511857
v 0.185796 1.549161 9.433267
v 0.208170 1.561288 9.435334
v 0.207417 1.576611 9.397637
v 0.200649 1.582534 9.364077
v 0.219827 1.590994 9.388330
v 0.237876 1.588832 9.428472
v 0.220579 1.560254 9.453948
v 0.254891 1.619103 9.410517
v 0.265608 1.612052 9.438155
v 0.271531 1.591088 9.473125
v 0.240226 1.569561 9.463819
v 0.267394 1.519172 9.556322
v 0.240978 1.550383 9.491927
v 0.215972 1.533650 9.490517
v 0.269463 1.498303 9.586781
v 0.196889 1.516070 9.500011
v 0.215314 1.463332 9.585183
v 0.237406 1.464930 9.601728
v 0.256302 1.456469 9.635665
v 0.224057 1.446692 9.618086
v 0.181565 1.470852 9.553879
v 0.232236 1.431275 9.652963
v 0.255455 1.436446 9.671200
v 0.209674 1.429395 9.635383
v 0.229979 1.412004 9.690096
v 0.275479 1.451393 9.671576
v 0.263258 1.424695 9.709179
v 0.283846 1.440582 9.709461
v 0.269933 1.415294 9.749132
v 0.246525 1.406175 9.729109
v 0.226219 1.394988 9.729672
v 0.228851 1.390194 9.749978
v 0.202905 1.391416 9.710495
v 0.283094 1.419712 9.769814
v 0.241636 1.391886 9.770378
v 0.262318 1.404483 9.769908
v 0.308570 1.433719 9.812588
v 0.264668 1.401851 9.790872
v 0.289110 1.414824 9.833364
v 0.311108 1.432967 9.855268
v 0.332072 1.454307 9.856207
v 0.256114 1.393578 9.812305
v 0.279992 1.407209 9.854609
v 0.257712 1.392920 9.833551
v 0.301425 1.424789 9.875949
v 0.248217 1.387092 9.855173
v 0.270403 1.401287 9.875761
v 0.224245 1.376751 9.813434
v 0.214656 1.371204 9.835243
v 0.238346 1.382767 9.876607
v 0.281402 1.410687 9.896537
v 0.249721 1.390664 9.897100
v 0.311860 1.438514 9.917688
v 0.260814 1.399877 9.917406
v 0.205349 1.368008 9.878205
v 0.228099 1.379571 9.898041
v 0.239380 1.387844 9.918252
v 0.291836 1.421310 9.917124
v 0.250473 1.401381 9.958205
v 0.271061 1.418960 9.976819
v 0.301331 1.436916 9.956984
v 0.239756 1.405423 9.998065
v 0.280556 1.431275 9.995338
v 0.218416 1.389066 9.980109
v 0.207135 1.379571 9.960838
v 0.196419 1.384365 10.001450
v 0.173293 1.370452 9.983024
v 0.195197 1.368008 9.920603
v 0.172635 1.362744 9.942507
v 0.182129 1.358889 9.858088
v 0.159568 1.352591 9.880273
v 0.149133 1.358607 9.964034
v 0.191436 1.363590 9.814844
v 0.145560 1.350429 9.816066
v 0.201025 1.369512 9.793128
v 0.167746 1.358607 9.794350
v 0.199333 1.372426 9.772070
v 0.155055 1.358701 9.773293
v 0.197359 1.376469 9.751294
v 0.120460 1.347608 9.794350
v 0.146406 1.349112 9.837687
v 0.095830 1.340840 9.815313
v 0.109273 1.341310 9.837500
v 0.110214 1.340840 9.880931
v 0.123281 1.344506 9.902365
v 0.056441 1.332943 9.879709
v 0.148381 1.352685 9.922859
v 0.084267 1.338772 9.923328
v 0.123845 1.348830 9.944292
v 0.111812 1.357197 10.004928
v 0.071106 1.345446 9.984903
v 0.056911 1.337361 9.944011
v 0.042904 1.338772 9.964504
v 0.028615 1.332849 9.922670
v 0.028427 1.330781 9.879239
v 0.071294 1.349676 10.004551
v 0.000036 1.334259 9.943728
v 0.000036 1.340464 9.984434
v 0.000036 1.344600 10.003987
v -0.042925 1.338772 9.964504
v -0.057120 1.343660 9.984715
v -0.028542 1.331439 9.901049
v -0.056744 1.335199 9.922953
v -0.014253 1.330217 9.879051
v -0.084006 1.337173 9.902082
v -0.056274 1.333037 9.857805
v 0.000036 1.331533 9.834773
v -0.109765 1.340652 9.859309
v -0.096321 1.339148 9.837217
v -0.146428 1.349112 9.837687
v 0.056253 1.333037 9.857805
v 0.055971 1.334165 9.835808
v 0.055689 1.336139 9.813809
v 0.055219 1.339148 9.792188
v 0.000036 1.336985 9.791059
v 0.119426 1.351181 9.773010
v 0.054749 1.343190 9.770848
v 0.118204 1.355787 9.752141
v -0.027978 1.334353 9.813058
v 0.140296 1.365846 9.731929
v 0.067346 1.349301 9.750543
v -0.055710 1.336139 9.813809
v -0.055240 1.339148 9.792188
v -0.107884 1.345446 9.794068
v -0.133549 1.347702 9.816066
v -0.119353 1.351181 9.773010
v -0.054676 1.343190 9.770848
v 0.013762 1.341310 9.769814
v -0.167767 1.358607 9.794350
v 0.040178 1.353531 9.729579
v -0.054112 1.348266 9.750072
v -0.118131 1.355787 9.752141
v -0.013595 1.346574 9.749132
v -0.053454 1.354283 9.729955
v 0.000036 1.359641 9.709555
v -0.079400 1.356445 9.730707
v -0.052702 1.361145 9.710402
v 0.013009 1.367444 9.690847
v 0.066500 1.355223 9.730330
v -0.115217 1.368008 9.711811
v 0.051929 1.368854 9.691505
v -0.101680 1.373648 9.692351
v 0.025701 1.376187 9.672986
v -0.088143 1.380417 9.673738
v -0.012843 1.375999 9.672892
v -0.147556 1.381921 9.692446
v 0.075901 1.379195 9.673644
v 0.101659 1.373648 9.692351
v 0.098369 1.390758 9.655877
v 0.115196 1.368008 9.711811
v 0.147629 1.381921 9.692446
v 0.160696 1.377503 9.711718
v 0.143022 1.398278 9.655125
v 0.173763 1.374400 9.731553
v 0.179591 1.390664 9.691693
v 0.200085 1.398090 9.690942
v 0.216818 1.413884 9.671482
v 0.184104 1.409653 9.653902
v 0.177805 1.427139 9.618649
v 0.155337 1.431369 9.602574
v 0.189274 1.452145 9.584995
v 0.125161 1.425259 9.603890
v 0.061423 1.396962 9.638862
v 0.102035 1.432967 9.588943
v 0.000036 1.405423 9.622504
v 0.075619 1.464178 9.544384
v 0.023914 1.416798 9.606805
v -0.060317 1.407209 9.622316
v -0.043865 1.463238 9.545888
v 0.082387 1.484390 9.515147
v 0.010377 1.493320 9.504430
v 0.000036 1.500841 9.492115
v -0.125182 1.425259 9.603890
v -0.106004 1.411722 9.621282
v -0.138061 1.416986 9.620153
v -0.132232 1.396116 9.655407
v -0.161093 1.412286 9.636699
v -0.166545 1.395082 9.672986
v -0.193902 1.413226 9.653621
v -0.189859 1.394142 9.691318
v -0.184501 1.377785 9.731177
v -0.216745 1.413884 9.671482
v -0.209601 1.429395 9.635383
v -0.239777 1.417550 9.689907
v -0.202926 1.391416 9.710495
v -0.233291 1.405799 9.709461
v -0.253220 1.417738 9.709179
v -0.249460 1.401569 9.749414
v -0.218438 1.385211 9.750448
v -0.251998 1.397902 9.770096
v -0.197380 1.376469 9.751294
v -0.264689 1.401851 9.790872
v -0.275124 1.409183 9.790778
v -0.299566 1.423473 9.833645
v -0.164759 1.365940 9.752234
v -0.199354 1.372426 9.772070
v -0.220694 1.381263 9.771131
v -0.233291 1.383613 9.791718
v -0.211857 1.373837 9.792658
v -0.177544 1.365000 9.772822
v -0.151692 1.368478 9.731929
v -0.202456 1.367632 9.814374
v -0.181210 1.358889 9.836748
v -0.171246 1.356069 9.879803
v -0.256135 1.393578 9.812305
v -0.290353 1.415106 9.854703
v -0.300694 1.423661 9.854891
v -0.321470 1.443120 9.855643
v -0.322034 1.445752 9.897665
v -0.311881 1.438514 9.917688
v -0.142949 1.461922 8.993498
v -0.115593 1.454401 9.001864
v -0.148026 1.465870 8.999421
v -0.145676 1.502063 9.069551
v -0.150282 1.463708 8.986635
v -0.120858 1.492568 9.069456
v -0.092749 1.503097 9.112982
v -0.131668 1.458725 8.981748
v -0.043865 1.491910 9.113546
v -0.052514 1.473861 9.071619
v -0.086639 1.448291 9.010138
v -0.022807 1.469724 9.073404
v -0.042643 1.439360 9.012582
v -0.065393 1.440582 9.005156
v -0.095099 1.446504 8.996977
v -0.007296 1.488150 9.114580
v -0.117191 1.452991 8.989079
v -0.080434 1.442744 8.991712
v -0.058154 1.437762 8.999327
v -0.064735 1.440958 8.986447
v -0.035028 1.434565 9.000360
v -0.042925 1.435318 8.993875
v -0.017731 1.437198 9.013522
v -0.008988 1.432967 9.000925
v 0.000036 1.460136 9.057799
v 0.017522 1.440394 9.020196
v 0.022034 1.485518 9.106119
v 0.044220 1.484672 9.096907
v 0.008967 1.434377 9.007223
v 0.050613 1.437950 9.005907
v 0.026641 1.433813 9.000643
v 0.049109 1.447257 9.025649
v 0.081259 1.476211 9.061935
v 0.079473 1.446410 9.010608
v 0.107393 1.492380 9.078105
v 0.139638 1.499525 9.069456
v 0.105983 1.510242 9.122006
v 0.072328 1.509772 9.147107
v 0.119050 1.526411 9.158011
v 0.160132 1.470946 8.998481
v 0.115572 1.454401 9.001864
v 0.173763 1.474613 8.990866
v 0.162482 1.468314 8.985789
v 0.181283 1.476869 8.983910
v 0.072704 1.442180 9.004685
v 0.116512 1.452991 8.995472
v 0.058133 1.437762 8.999327
v 0.130989 1.457221 8.988140
v 0.131647 1.458725 8.981748
v 0.072892 1.440864 8.992182
v 0.139356 1.463896 8.975073
v 0.056253 1.442744 8.980807
v 0.064714 1.440958 8.986447
v 0.026547 1.433719 8.994438
v 0.017710 1.434659 8.988328
v 0.033221 1.443214 8.976295
v 0.000036 1.432685 8.994720
v 0.008779 1.437292 8.982406
v 0.017052 1.441804 8.976671
v -0.033148 1.443214 8.976295
v -0.008894 1.434377 8.988421
v -0.025910 1.438138 8.982123
v -0.034652 1.435976 8.987951
v -0.056274 1.442744 8.980807
v -0.146052 1.465682 8.974697
v -0.204242 2.292010 9.783916
v -0.188449 2.299907 9.786265
v -0.193902 2.298309 9.781754
v -0.203584 2.299719 9.786171
v -0.209413 2.291540 9.776958
v -0.224172 2.279601 9.776300
v -0.203772 2.294078 9.772540
v -0.175570 2.302351 9.784291
v -0.218344 2.285523 9.771131
v -0.235077 2.269260 9.761353
v -0.191457 2.304701 9.787111
v -0.188637 2.300941 9.778275
v -0.228214 2.272551 9.758439
v -0.215429 2.281575 9.760978
v -0.176604 2.301881 9.771789
v -0.192021 2.294924 9.766712
v -0.170400 2.304607 9.775925
v -0.162127 2.304137 9.780249
v -0.148026 2.304983 9.777804
v -0.142385 2.320212 9.782693
v -0.201610 2.306675 9.789556
v -0.158273 2.304137 9.768686
v -0.216181 2.301975 9.791248
v -0.151410 2.326417 9.790308
v -0.233009 2.277063 9.775079
v -0.235829 2.289942 9.791530
v -0.247768 2.252621 9.756277
v -0.278414 2.226675 9.749602
v -0.243632 2.255253 9.749978
v -0.255853 2.231563 9.733339
v -0.246264 2.240870 9.739637
v -0.249554 2.232503 9.733809
v -0.229530 2.264748 9.752892
v -0.242880 2.233255 9.738604
v -0.286969 2.217086 9.739920
v -0.236393 2.249801 9.745842
v -0.251904 2.232127 9.731835
v -0.245700 2.230717 9.735219
v -0.236205 2.243220 9.739732
v -0.244102 2.230811 9.735784
v -0.238555 2.236639 9.732963
v -0.228120 2.257509 9.730143
v -0.234419 2.245100 9.728075
v -0.240811 2.235229 9.730707
v -0.237145 2.242374 9.727510
v -0.247016 2.236451 9.729485
v -0.222292 2.265406 9.724503
v -0.222668 2.266252 9.721683
v -0.216557 2.277157 9.742364
v -0.244290 2.245758 9.723092
v -0.215335 2.272645 9.723374
v -0.211763 2.276687 9.718391
v -0.232069 2.260893 9.719614
v -0.207627 2.278755 9.722341
v -0.208191 2.283079 9.737851
v -0.194654 2.285523 9.719049
v -0.217497 2.275183 9.714067
v -0.198414 2.290036 9.743210
v -0.201986 2.289848 9.762482
v -0.200670 2.286088 9.711153
v -0.229718 2.264560 9.715666
v -0.182621 2.294172 9.737288
v -0.174536 2.290976 9.720836
v -0.164665 2.296898 9.741894
v -0.175100 2.297933 9.762952
v -0.158273 2.292480 9.724315
v -0.157615 2.298309 9.759567
v -0.143701 2.296334 9.754679
v -0.149248 2.294924 9.740295
v -0.140693 2.290036 9.724690
v -0.126122 2.285242 9.734373
v -0.128472 2.290882 9.745090
v -0.150564 2.293044 9.719238
v -0.141257 2.290788 9.722716
v -0.129506 2.287216 9.726852
v -0.126028 2.286839 9.739450
v -0.117191 2.282421 9.730707
v -0.126404 2.288908 9.723280
v -0.116627 2.282985 9.727135
v -0.115781 2.284301 9.732775
v -0.110517 2.284865 9.723750
v -0.110987 2.283737 9.725819
v -0.109859 2.284489 9.726477
v -0.107790 2.286558 9.723562
v -0.106568 2.291070 9.726570
v -0.125558 2.295394 9.719426
v -0.112397 2.293608 9.718486
v -0.105158 2.291728 9.721400
v -0.110423 2.295112 9.715759
v -0.133173 2.296334 9.718674
v -0.102432 2.293984 9.720742
v -0.132420 2.297838 9.713504
v -0.112021 2.296240 9.712469
v -0.150846 2.297651 9.713973
v -0.145864 2.297180 9.707863
v -0.180458 2.289942 9.716982
v -0.181681 2.293138 9.710402
v -0.171340 2.295300 9.707769
v -0.150940 2.294078 9.698556
v -0.182151 2.290506 9.700530
v -0.192021 2.289002 9.704667
v -0.171810 2.288720 9.690001
v -0.115029 2.303667 9.689438
v -0.201328 2.284771 9.705325
v -0.187321 2.283361 9.688027
v -0.214771 2.275935 9.705043
v -0.206687 2.274995 9.690565
v -0.237521 2.255253 9.702599
v -0.192397 2.281011 9.681353
v -0.216651 2.268978 9.687933
v -0.244196 2.248579 9.708427
v -0.228778 2.263808 9.681728
v -0.181963 2.286934 9.675713
v -0.247392 2.247262 9.702599
v -0.258391 2.231281 9.720366
v -0.289789 2.215300 9.726477
v -0.288097 2.225829 9.704103
v -0.256417 2.248579 9.688780
v -0.175946 2.296052 9.660483
v -0.144359 2.302351 9.671952
v -0.118789 2.312974 9.671200
v -0.109107 2.324631 9.662363
v -0.148402 2.315230 9.644032
v -0.099988 2.306675 9.695172
v -0.093877 2.312880 9.691035
v -0.081092 2.307992 9.715478
v -0.083818 2.314290 9.700249
v -0.090023 2.299061 9.725536
v -0.079212 2.332057 9.682763
v -0.079588 2.343526 9.663867
v -0.069811 2.319836 9.712939
v -0.047908 2.358850 9.691223
v -0.078460 2.306581 9.724596
v -0.054300 2.365618 9.662457
v -0.074042 2.353209 9.650236
v -0.097356 2.343432 9.636511
v -0.090587 2.350859 9.623068
v -0.163631 2.317862 9.623162
v -0.068495 2.359790 9.641306
v -0.144829 2.332903 9.601822
v -0.187415 2.304513 9.633315
v -0.220412 2.297086 9.622316
v -0.219190 2.288532 9.645348
v -0.247110 2.277909 9.646476
v -0.241657 2.285336 9.634254
v -0.256793 2.278097 9.635477
v -0.267228 2.264184 9.655877
v -0.270800 2.267474 9.644314
v -0.297686 2.240776 9.667910
v -0.279731 2.263432 9.639613
v -0.235077 2.292950 9.614513
v -0.265441 2.274901 9.629743
v -0.308027 2.235888 9.659543
v -0.289413 2.258449 9.627110
v -0.258579 2.281575 9.606523
v -0.249554 2.286276 9.590165
v -0.266475 2.276217 9.598438
v -0.307369 2.240400 9.642528
v -0.297592 2.251211 9.612539
v -0.282551 2.263996 9.600130
v -0.264877 2.275277 9.580482
v -0.297122 2.249237 9.593925
v -0.287627 2.253843 9.572210
v -0.310377 2.234759 9.598720
v -0.316206 2.230811 9.620906
v -0.326264 2.217368 9.628427
v -0.313009 2.226393 9.672798
v -0.321376 2.217838 9.594771
v -0.307181 2.228931 9.567039
v -0.310471 2.213419 9.702411
v -0.322034 2.199694 9.710871
v -0.312727 2.203455 9.720648
v -0.319402 2.194148 9.735501
v -0.295336 2.212103 9.740860
v -0.331623 2.179107 9.740953
v -0.308027 2.204301 9.755337
v -0.314889 2.197250 9.749508
v -0.291200 2.221786 9.760978
v -0.305959 2.211257 9.780719
v -0.315830 2.196122 9.779309
v -0.254913 2.272832 9.789556
v -0.264501 2.270012 9.804033
v -0.242127 2.295112 9.813151
v -0.264783 2.274055 9.817946
v -0.283679 2.248955 9.811272
v -0.294302 2.229965 9.820860
v -0.270706 2.267098 9.835338
v -0.284901 2.239084 9.842858
v -0.267510 2.264466 9.856113
v -0.261305 2.275935 9.853481
v -0.253408 2.288626 9.843704
v -0.249554 2.290036 9.858181
v -0.244196 2.273772 9.896160
v -0.243820 2.298403 9.832799
v -0.236017 2.305359 9.854609
v -0.241281 2.301317 9.846901
v -0.237333 2.299907 9.867300
v -0.220412 2.318426 9.848875
v -0.233103 2.308650 9.841260
v -0.235359 2.304983 9.827535
v -0.224548 2.304983 9.804127
v -0.216933 2.319836 9.835150
v -0.206969 2.324537 9.828193
v -0.209037 2.312034 9.799896
v -0.192585 2.316640 9.795290
v -0.191739 2.325101 9.809203
v -0.169648 2.342398 9.830825
v -0.171716 2.328767 9.801870
v -0.156674 2.341552 9.815878
v -0.103090 2.354431 9.812776
v -0.192303 2.334408 9.840508
v -0.204618 2.327921 9.855738
v -0.147368 2.348885 9.827723
v -0.111269 2.355747 9.820672
v -0.148120 2.350295 9.835619
v -0.171998 2.343432 9.846054
v -0.183091 2.338920 9.846994
v -0.138437 2.353867 9.852071
v -0.195500 2.331681 9.862599
v -0.162315 2.346159 9.861378
v -0.125934 2.356405 9.842294
v -0.140129 2.352175 9.869650
v -0.153102 2.342680 9.893622
v -0.222480 2.314948 9.862506
v -0.214865 2.304983 9.896067
v -0.196064 2.326793 9.876795
v -0.175194 2.332527 9.892212
v -0.177168 2.325007 9.915714
v -0.208661 2.298309 9.927747
v -0.226240 2.279601 9.931977
v -0.201328 2.283173 10.000039
v -0.178014 2.306957 9.983024
v -0.174254 2.297933 10.019404
v -0.157991 2.318614 9.986972
v -0.170306 2.284207 10.060956
v -0.151786 2.287498 10.079193
v -0.136275 2.312786 10.040275
v -0.131480 2.296710 10.083142
v -0.134301 2.280165 10.110780
v -0.113995 2.288062 10.114447
v -0.116533 2.320494 10.043283
v -0.085135 2.288062 10.132778
v -0.092843 2.302915 10.103260
v -0.090493 2.317392 10.074776
v -0.109107 2.338732 9.994022
v -0.055052 2.302633 10.121309
v -0.073384 2.307709 10.105422
v -0.062197 2.323409 10.077126
v -0.087861 2.329143 10.046573
v -0.027508 2.295676 10.137102
v -0.045087 2.311846 10.107302
v 0.000036 2.305171 10.123096
v 0.008873 2.313444 10.108242
v -0.034558 2.332339 10.063588
v -0.026568 2.320400 10.093107
v 0.035101 2.326417 10.078159
v -0.008612 2.333280 10.063776
v 0.000036 2.343150 10.035574
v -0.068213 2.337886 10.034351
v -0.092467 2.340236 10.007277
v -0.033524 2.342022 10.035480
v -0.096227 2.347662 9.973434
v -0.024218 2.350013 10.009816
v -0.062009 2.354431 9.975221
v -0.056744 2.362892 9.934328
v 0.007839 2.353585 9.997971
v -0.127814 2.344372 9.939968
v -0.034652 2.365148 9.934234
v -0.007014 2.364678 9.943916
v 0.049767 2.344466 10.021943
v -0.011715 2.374549 9.879051
v -0.022525 2.377839 9.846336
v 0.021658 2.362328 9.954351
v 0.000036 2.378121 9.854045
v -0.010868 2.379343 9.831671
v -0.056838 2.371165 9.871436
v -0.034370 2.376805 9.838628
v -0.090305 2.363926 9.880085
v -0.062103 2.371634 9.845773
v -0.087767 2.358943 9.924363
v -0.107038 2.352833 9.932447
v -0.155828 2.336194 9.918252
v -0.143795 2.331211 9.967982
v -0.128190 2.332151 9.991673
v -0.039917 2.375583 9.824150
v -0.073666 2.366558 9.820954
v -0.032772 2.375583 9.811647
v -0.088707 2.361200 9.817946
v -0.076110 2.361200 9.806759
v -0.087673 2.348791 9.795855
v -0.060317 2.363832 9.797546
v -0.040951 2.368626 9.789368
v -0.041515 2.359226 9.763610
v -0.063231 2.352833 9.780437
v -0.035404 2.358943 9.749978
v -0.049224 2.352551 9.761447
v -0.022619 2.367780 9.760508
v -0.007484 2.372105 9.763422
v -0.048284 2.345313 9.744714
v -0.062103 2.341270 9.765019
v -0.076110 2.342492 9.781659
v -0.028824 2.362892 9.740013
v -0.072726 2.318990 9.757499
v -0.040669 2.352551 9.731365
v -0.019799 2.367404 9.748850
v -0.033054 2.361764 9.723938
v -0.068589 2.317768 9.749790
v -0.063513 2.319836 9.733057
v -0.065863 2.317862 9.742928
v -0.075546 2.311000 9.749227
v -0.078084 2.305547 9.731459
v -0.051104 2.342398 9.715290
v -0.062479 2.322657 9.726007
v -0.078836 2.305077 9.738039
v -0.099612 2.295300 9.733997
v -0.081092 2.305547 9.744808
v -0.090211 2.303103 9.747534
v -0.110047 2.295676 9.746030
v -0.107038 2.294078 9.733151
v -0.128190 2.297369 9.748098
v -0.135429 2.302257 9.757875
v -0.123396 2.299343 9.760131
v -0.137121 2.303479 9.763703
v -0.116157 2.298027 9.755713
v -0.128566 2.302915 9.767746
v -0.121328 2.312128 9.769720
v -0.101962 2.302727 9.752422
v -0.119635 2.318520 9.774796
v -0.088331 2.312880 9.761917
v -0.080058 2.312880 9.757029
v -0.081750 2.323315 9.770002
v -0.095569 2.326041 9.777899
v -0.086639 2.342492 9.788898
v -0.096227 2.336288 9.787676
v -0.095287 2.354525 9.582551
v -0.125746 2.345500 9.566852
v -0.073196 2.363174 9.603608
v -0.150188 2.335066 9.575688
v -0.087015 2.355371 9.564219
v -0.174348 2.323315 9.575782
v -0.145864 2.337604 9.548990
v -0.206499 2.306863 9.568168
v -0.167485 2.326605 9.540717
v -0.120952 2.346910 9.554255
v -0.144829 2.335724 9.526898
v -0.218344 2.299343 9.554725
v -0.253690 2.279507 9.562057
v -0.187885 2.311188 9.511763
v -0.221822 2.286463 9.503678
v -0.270048 2.266816 9.560553
v -0.291670 2.242656 9.551904
v -0.280859 2.225547 9.480364
v -0.242598 2.264466 9.483278
v -0.182621 2.301129 9.438907
v -0.195312 2.289190 9.422079
v -0.279919 2.191986 9.393126
v -0.130070 2.333750 9.481492
v -0.301916 2.174218 9.425464
v -0.246358 2.232127 9.390681
v -0.221446 2.259765 9.393219
v -0.212421 2.261552 9.356462
v -0.179142 2.285429 9.310305
v -0.199166 2.277815 9.363701
v -0.188261 2.290976 9.382126
v -0.176322 2.298685 9.374417
v -0.159495 2.306769 9.377895
v -0.150564 2.316358 9.394629
v -0.161845 2.312504 9.402150
v -0.156768 2.317110 9.415499
v -0.165511 2.312128 9.440881
v -0.104594 2.347381 9.481680
v -0.112867 2.342116 9.501704
v -0.092937 2.350107 9.505652
v -0.128096 2.340518 9.521540
v -0.105440 2.344654 9.514489
v -0.120858 2.346065 9.543914
v -0.060975 2.376335 9.490705
v -0.098672 2.351987 9.558203
v -0.084194 2.348509 9.537897
v -0.079400 2.354055 9.550682
v -0.079776 2.349167 9.530376
v -0.076016 2.351987 9.534137
v -0.077520 2.352645 9.520882
v -0.061727 2.370507 9.507439
v -0.063983 2.369002 9.513549
v -0.060505 2.374267 9.512421
v -0.071315 2.361106 9.524548
v -0.070281 2.377087 9.526711
v -0.074888 2.354525 9.535735
v -0.072350 2.382445 9.539589
v -0.074418 2.359695 9.549554
v -0.073008 2.363832 9.550776
v -0.074700 2.361482 9.568919
v -0.071691 2.363926 9.562151
v -0.080246 2.360072 9.579449
v -0.067273 2.368438 9.578696
v -0.065205 2.372763 9.571458
v -0.067649 2.373045 9.563937
v -0.066333 2.391376 9.558391
v -0.066521 2.395795 9.532068
v -0.059188 2.396923 9.525394
v -0.045275 2.400401 9.589225
v -0.028730 2.428791 9.612069
v -0.026944 2.417322 9.629930
v -0.042643 2.392787 9.609530
v -0.055428 2.376617 9.602386
v -0.034840 2.390436 9.657475
v -0.024594 2.397205 9.671576
v -0.052702 2.372011 9.646288
v -0.023560 2.375959 9.710213
v -0.024124 2.367310 9.731177
v -0.014911 2.370318 9.736535
v -0.002878 2.372669 9.736347
v 0.000036 2.371353 9.752047
v 0.011787 2.371259 9.736535
v 0.017428 2.372105 9.726665
v 0.009531 2.370412 9.748850
v 0.022598 2.366182 9.744996
v 0.014702 2.370318 9.760695
v 0.032187 2.360448 9.739262
v 0.028897 2.363832 9.754396
v 0.047980 2.345876 9.717075
v 0.065936 2.320964 9.719614
v 0.046382 2.345500 9.728263
v 0.041118 2.353209 9.744620
v 0.063492 2.319836 9.733057
v 0.083139 2.304607 9.720084
v 0.070824 2.311752 9.731929
v 0.053339 2.336946 9.741330
v 0.047698 2.352363 9.758439
v 0.067064 2.317674 9.746312
v 0.055501 2.344654 9.759003
v 0.053245 2.365054 9.793034
v 0.036887 2.365994 9.775830
v 0.044972 2.372763 9.810989
v 0.073739 2.366558 9.820954
v 0.026923 2.376617 9.811930
v 0.065748 2.360918 9.796606
v 0.040366 2.375865 9.831107
v 0.000036 2.378779 9.812305
v 0.005301 2.379437 9.824903
v 0.022316 2.378309 9.838816
v 0.029179 2.375677 9.862411
v 0.048920 2.373233 9.862787
v 0.068474 2.365054 9.906690
v 0.042810 2.362798 9.944199
v 0.080601 2.366746 9.871531
v 0.060671 2.356781 9.964598
v 0.055031 2.352927 9.986314
v 0.096394 2.356969 9.923893
v 0.075619 2.356405 9.953881
v 0.090754 2.343714 9.995714
v 0.119238 2.356969 9.878957
v 0.084925 2.338544 10.020157
v 0.114538 2.342398 9.971743
v 0.138416 2.353867 9.852071
v 0.140014 2.323973 10.001355
v 0.103445 2.333655 10.018465
v 0.126383 2.316828 10.041872
v 0.150731 2.350013 9.861190
v 0.078533 2.331305 10.047419
v 0.108521 2.317862 10.058324
v 0.042716 2.336758 10.049205
v 0.053057 2.324725 10.077596
v 0.071482 2.321810 10.076468
v 0.054373 2.310812 10.106832
v 0.092822 2.302915 10.103260
v 0.129861 2.304043 10.069229
v 0.132963 2.288814 10.097055
v 0.162012 2.282327 10.076938
v -0.373832 1.936567 9.503961
v -0.376465 1.942771 9.514959
v -0.382857 1.934217 9.511763
v -0.368662 1.936943 9.495312
v -0.360671 1.927824 9.477074
v -0.364244 1.914381 9.481022
v -0.370636 1.922842 9.490893
v -0.375807 1.923500 9.495405
v -0.369884 1.908834 9.485440
v -0.403163 1.929234 9.518908
v -0.406077 1.923500 9.506686
v -0.380789 1.923876 9.498132
v -0.375995 1.903288 9.487979
v -0.380413 1.917765 9.493808
v -0.406829 1.917107 9.497944
v -0.399684 1.913159 9.493149
v -0.381447 1.904698 9.489483
v -0.407957 1.912877 9.495029
v -0.412940 1.917671 9.504054
v -0.405513 1.907800 9.491645
v -0.416700 1.908082 9.498037
v -0.418392 1.912501 9.505277
v -0.403069 1.901408 9.489483
v -0.384455 1.890785 9.489389
v -0.408709 1.887965 9.488919
v -0.383045 1.875180 9.491457
v -0.413598 1.888999 9.489765
v -0.418110 1.890033 9.491739
v -0.421494 1.874710 9.491833
v -0.410683 1.872360 9.491175
v -0.420836 1.865967 9.493055
v -0.392258 1.869445 9.493619
v -0.395736 1.846695 9.503208
v -0.372798 1.887213 9.486193
v -0.379191 1.866061 9.492209
v -0.388216 1.844533 9.502362
v -0.377875 1.848199 9.495405
v -0.404103 1.832218 9.512703
v -0.429861 1.841713 9.503866
v -0.413692 1.818023 9.525676
v -0.439544 1.818305 9.521915
v -0.451483 1.803452 9.537803
v -0.453833 1.819903 9.521540
v -0.459285 1.803922 9.537333
v -0.466054 1.804956 9.537615
v -0.478275 1.790291 9.557357
v -0.471788 1.806648 9.538743
v -0.489368 1.785026 9.569389
v -0.453645 1.829022 9.515993
v -0.441988 1.835132 9.508943
v -0.487864 1.794615 9.560459
v -0.430801 1.850550 9.499542
v -0.441988 1.844251 9.504900
v -0.431177 1.859668 9.496816
v -0.458439 1.831184 9.518532
v -0.441330 1.853840 9.502926
v -0.430895 1.868881 9.496252
v -0.476207 1.809092 9.540999
v -0.422152 1.891067 9.494747
v -0.440108 1.863335 9.502738
v -0.450919 1.848482 9.511105
v -0.467934 1.826390 9.528685
v -0.479403 1.812006 9.544195
v -0.448662 1.858070 9.511011
v -0.470566 1.829210 9.532821
v -0.490590 1.797811 9.563091
v -0.433903 1.879222 9.501516
v -0.441236 1.873958 9.508848
v -0.461636 1.846037 9.525582
v -0.457687 1.855062 9.525676
v -0.482787 1.818305 9.551904
v -0.473199 1.837107 9.546827
v -0.479685 1.833910 9.572492
v -0.492846 1.808340 9.573056
v -0.492282 1.801384 9.566194
v -0.501683 1.805050 9.642810
v -0.501683 1.788505 9.587063
v -0.500555 1.784650 9.584619
v -0.501119 1.796307 9.592234
v -0.508451 1.781736 9.611035
v -0.507699 1.787094 9.649390
v -0.503093 1.805050 9.669508
v -0.508545 1.782864 9.675713
v -0.504033 1.786906 9.710307
v -0.503939 1.799785 9.688403
v -0.500085 1.810032 9.672798
v -0.500931 1.806178 9.691600
v -0.496512 1.800820 9.725443
v -0.485702 1.823852 9.705606
v -0.490402 1.812947 9.722622
v -0.484385 1.821689 9.732305
v -0.497829 1.803358 9.747723
v -0.475079 1.841149 9.742364
v -0.473105 1.839081 9.725254
v -0.466242 1.847353 9.717452
v -0.461542 1.856378 9.726477
v -0.014441 1.349771 10.023071
v 0.028991 1.356257 10.041872
v -0.028824 1.345446 10.004082
v -0.071315 1.349676 10.004551
v 0.057475 1.352967 10.023635
v 0.098933 1.366034 10.043377
v 0.071576 1.360863 10.042812
v 0.029085 1.370734 10.078629
v 0.029273 1.389442 10.115480
v 0.057945 1.382861 10.097901
v 0.058039 1.393014 10.116421
v 0.099215 1.391228 10.099405
v 0.112282 1.376469 10.062366
v 0.125067 1.372426 10.043470
v 0.125067 1.409183 10.118113
v 0.160978 1.421498 10.116421
v 0.149603 1.406269 10.099030
v 0.149791 1.396398 10.080604
v 0.161824 1.391698 10.061332
v 0.195478 1.414072 10.077219
v 0.184010 1.419336 10.096491
v 0.193410 1.446598 10.130146
v 0.214092 1.455811 10.126479
v 0.226219 1.438796 10.090851
v 0.235150 1.454307 10.105986
v 0.273317 1.476775 10.097901
v 0.255925 1.455341 10.085774
v 0.237312 1.434659 10.071861
v 0.312800 1.516446 10.101567
v 0.292495 1.480347 10.078912
v 0.267959 1.444248 10.050333
v 0.334798 1.547751 10.107396
v 0.323987 1.509208 10.074681
v 0.295691 1.464930 10.047137
v 0.320979 1.488620 10.045633
v 0.279709 1.437104 10.013858
v 0.249157 1.424319 10.034728
v 0.297289 1.458161 10.030310
v 0.318065 1.463520 9.994963
v 0.310074 1.449889 9.976255
v 0.228945 1.405799 10.018183
v 0.329816 1.464742 9.958393
v 0.173669 1.381263 10.022507
v 0.207229 1.402133 10.039052
v 0.185044 1.392638 10.040933
v 0.137382 1.363778 10.004457
v 0.342413 1.468126 9.899075
v 0.330850 1.461452 9.938840
v 0.351625 1.482227 9.920603
v 0.353412 1.479877 9.878675
v 0.355574 1.501969 9.980486
v 0.342037 1.497551 10.014516
v 0.342789 1.466434 9.856771
v 0.364504 1.493978 9.857617
v 0.385562 1.525565 9.879709
v 0.371837 1.509960 9.922482
v 0.379546 1.526223 9.944386
v 0.387160 1.561382 10.007277
v 0.373623 1.528949 9.983964
v 0.370427 1.549913 10.038864
v 0.367889 1.569279 10.072049
v 0.351531 1.527821 10.049205
v 0.350779 1.546623 10.078724
v 0.339404 1.501969 10.030873
v 0.341003 1.521429 10.061802
v 0.352189 1.561288 10.093765
v 0.346173 1.577081 10.118865
v 0.362436 1.587986 10.101943
v 0.364692 1.621359 10.123377
v 0.373811 1.602275 10.093576
v 0.375973 1.638938 10.115575
v 0.352471 1.639220 10.151203
v 0.371555 1.658398 10.132684
v 0.387066 1.658116 10.105986
v 0.382178 1.678704 10.123659
v 0.397689 1.678986 10.094799
v -0.205747 1.904510 8.876365
v -0.202550 1.901220 8.867340
v -0.219378 1.882794 8.871946
v -0.231975 1.856848 8.870160
v -0.223138 1.885991 8.881065
v -0.246264 1.846883 8.880971
v -0.225770 1.889093 8.891500
v -0.249742 1.830056 8.877116
v -0.266005 1.800632 8.884731
v -0.251152 1.812665 8.875049
v -0.266663 1.782488 8.883227
v -0.286781 1.735954 8.895918
v -0.264689 1.764439 8.883133
v -0.225112 1.853840 8.863861
v -0.291764 1.688292 8.904849
v -0.282833 1.718469 8.896106
v -0.246452 1.777506 8.875424
v -0.234043 1.824228 8.866400
v -0.215617 1.835508 8.858974
v -0.216839 1.851020 8.858974
v -0.186099 1.881572 8.847128
v -0.187697 1.891913 8.849196
v -0.193431 1.894639 8.853803
v -0.198414 1.897836 8.859819
v -0.178766 1.921432 8.861794
v -0.189107 1.919081 8.872416
v -0.184219 1.931678 8.892158
v -0.199542 1.915415 8.884731
v -0.211199 1.913629 8.910113
v -0.186757 1.939857 8.928069
v -0.159119 1.943523 8.876082
v -0.169742 1.947660 8.912370
v -0.138155 1.957906 8.883227
v -0.146992 1.962419 8.919703
v -0.162221 1.966931 8.981653
v -0.186851 1.950198 8.975919
v -0.185441 1.959223 9.021701
v -0.057778 2.385360 9.517685
v -0.047155 2.384702 9.507814
v -0.051010 2.384702 9.513079
v -0.041797 2.387710 9.508097
v -0.050258 2.384514 9.519001
v -0.052608 2.387146 9.521445
v -0.027226 2.395795 9.506405
v -0.035875 2.389402 9.511105
v -0.048754 2.385172 9.525864
v -0.021585 2.397863 9.512421
v -0.046685 2.382351 9.524077
v -0.039259 2.377181 9.530847
v -0.043583 2.377369 9.533196
v -0.030892 2.383292 9.524548
v -0.039165 2.376711 9.537427
v -0.041515 2.378779 9.538931
v -0.035310 2.377087 9.533667
v -0.036251 2.378309 9.538367
v -0.029670 2.380565 9.532914
v -0.031268 2.380283 9.536299
v -0.037567 2.382633 9.541282
v -0.023936 2.386958 9.529343
v -0.030986 2.389778 9.542598
v -0.026756 2.387804 9.538179
v -0.018107 2.400683 9.519001
v -0.014911 2.406888 9.513267
v -0.018107 2.400213 9.529248
v -0.023748 2.396923 9.540154
v -0.010492 2.409614 9.508190
v -0.012937 2.416288 9.515617
v -0.018671 2.408204 9.535358
v -0.026098 2.398521 9.543349
v -0.020551 2.410272 9.539307
v -0.017449 2.414878 9.532163
v -0.015945 2.414314 9.522668
v -0.020833 2.430107 9.530001
v -0.022713 2.415912 9.541657
v -0.034840 2.394761 9.543632
v -0.019893 2.420237 9.537521
v -0.023748 2.419672 9.541187
v -0.020739 2.424937 9.535641
v -0.029106 2.408298 9.543819
v -0.026662 2.423809 9.539307
v -0.031738 2.416570 9.541563
v -0.027226 2.432082 9.532538
v -0.041703 2.386864 9.540623
v -0.036063 2.412058 9.540812
v -0.045275 2.383856 9.535171
v -0.041985 2.396265 9.539307
v -0.045933 2.399931 9.532163
v -0.047343 2.405853 9.530940
v -0.040105 2.421177 9.534513
v -0.041797 2.423809 9.533572
v -0.050446 2.413092 9.531128
v -0.048096 2.423527 9.534231
v -0.024970 2.437064 9.528685
v -0.016979 2.441952 9.521445
v -0.020927 2.438004 9.525300
v -0.006732 2.419203 9.510447
v 0.000036 2.409050 9.503772
v 0.011599 2.405289 9.503678
v 0.008215 2.410178 9.506874
v 0.008685 2.421177 9.512233
v 0.011881 2.414784 9.513455
v 0.012257 2.408862 9.509695
v 0.016394 2.403879 9.510259
v 0.014890 2.406888 9.513267
v 0.019214 2.428697 9.527838
v 0.021000 2.395607 9.519095
v 0.017522 2.409238 9.532163
v 0.021846 2.425031 9.536957
v 0.019966 2.420237 9.537521
v 0.023350 2.422587 9.539683
v 0.017898 2.402657 9.531034
v 0.019120 2.396641 9.525112
v 0.025325 2.390154 9.520224
v 0.019590 2.396641 9.531787
v 0.020060 2.404913 9.537333
v 0.025231 2.385266 9.531693
v 0.025325 2.392222 9.539589
v 0.021846 2.412246 9.541187
v 0.026171 2.398521 9.543349
v 0.022128 2.419766 9.540435
v 0.025513 2.411588 9.543256
v 0.032845 2.381693 9.539307
v 0.026641 2.421929 9.540529
v 0.029179 2.428697 9.534983
v 0.033503 2.413656 9.541751
v 0.038392 2.426159 9.533854
v 0.034819 2.394761 9.543632
v 0.037828 2.380001 9.540154
v 0.039896 2.384514 9.541470
v 0.045442 2.414878 9.532633
v 0.052117 2.404067 9.528027
v 0.039332 2.412622 9.537427
v 0.055219 2.390060 9.521445
v 0.047040 2.400965 9.530847
v 0.041024 2.396171 9.540435
v 0.041776 2.380941 9.539683
v 0.039144 2.376711 9.537427
v 0.041776 2.376805 9.536863
v 0.044314 2.380659 9.536674
v 0.043562 2.377369 9.533196
v 0.034631 2.377557 9.535641
v 0.030213 2.380283 9.530940
v 0.033221 2.378873 9.530282
v 0.039802 2.378309 9.528685
v 0.035383 2.388462 9.513549
v 0.048262 2.383667 9.521445
v 0.046100 2.386018 9.511480
v 0.051741 2.383667 9.511199
v 0.052869 2.384796 9.516746
v 0.057757 2.385360 9.517685
v 0.052587 2.387146 9.521445
v 0.048732 2.385172 9.525864
v 0.194068 2.298779 9.779967
v 0.175549 2.302445 9.784291
v 0.193786 2.297086 9.785890
v 0.161448 2.305453 9.782599
v 0.176583 2.303761 9.779027
v 0.162106 2.304137 9.780249
v 0.188334 2.300283 9.774421
v 0.157029 2.305359 9.773763
v 0.148475 2.304231 9.776958
v 0.157969 2.304795 9.770378
v 0.137100 2.303479 9.763703
v 0.142364 2.304701 9.775455
v 0.120272 2.295394 9.741894
v 0.125819 2.312786 9.772164
v 0.117546 2.297462 9.754491
v 0.121212 2.301129 9.762294
v 0.108709 2.294360 9.735219
v 0.108521 2.296240 9.747158
v 0.158251 2.301881 9.765772
v 0.100907 2.295394 9.736347
v 0.109179 2.291916 9.730237
v 0.136724 2.294266 9.750918
v 0.104761 2.303855 9.755054
v 0.087746 2.304983 9.749697
v 0.118768 2.321999 9.777899
v 0.091694 2.314760 9.765302
v 0.135972 2.320306 9.780907
v 0.150355 2.323127 9.786923
v 0.179309 2.311376 9.787487
v 0.101377 2.338356 9.791342
v 0.083891 2.319554 9.767464
v 0.193222 2.307051 9.788052
v 0.204597 2.292198 9.784197
v 0.209392 2.291446 9.776958
v 0.203563 2.299719 9.786265
v 0.197359 2.311752 9.792094
v 0.223681 2.279601 9.775830
v 0.203751 2.294078 9.772540
v 0.187112 2.321434 9.798957
v 0.212400 2.287780 9.767746
v 0.197077 2.292198 9.763233
v 0.180907 2.297086 9.763515
v 0.169438 2.299249 9.765114
v 0.181565 2.296146 9.748569
v 0.152423 2.297933 9.758063
v 0.198017 2.290788 9.748850
v 0.211178 2.284959 9.762670
v 0.218698 2.285336 9.773010
v 0.231295 2.273679 9.764644
v 0.237688 2.266910 9.767370
v 0.240508 2.278849 9.780907
v 0.225373 2.277439 9.762670
v 0.241730 2.259671 9.754491
v 0.259498 2.233349 9.741141
v 0.241354 2.254877 9.747816
v 0.255831 2.232127 9.734280
v 0.267394 2.236922 9.752892
v 0.209016 2.312034 9.799896
v 0.253575 2.267568 9.779027
v 0.233270 2.295300 9.797264
v 0.214468 2.314102 9.810331
v 0.287418 2.224231 9.758721
v 0.295879 2.214078 9.751106
v 0.274539 2.224889 9.741424
v 0.264292 2.227239 9.734185
v 0.251601 2.232315 9.731271
v 0.253011 2.234289 9.722528
v 0.248311 2.231939 9.733622
v 0.249157 2.236075 9.736347
v 0.243422 2.231845 9.737475
v 0.242012 2.233913 9.731553
v 0.244927 2.230529 9.734938
v 0.245115 2.240212 9.727793
v 0.239850 2.235041 9.734843
v 0.236090 2.241716 9.728451
v 0.235808 2.242562 9.737475
v 0.232424 2.260047 9.750636
v 0.225279 2.261364 9.727135
v 0.226407 2.269260 9.755054
v 0.216630 2.277157 9.742364
v 0.228569 2.257979 9.724220
v 0.242764 2.245852 9.725161
v 0.215408 2.272645 9.723374
v 0.215408 2.273114 9.720178
v 0.235432 2.256945 9.720836
v 0.199145 2.283549 9.719426
v 0.203469 2.287404 9.743116
v 0.188240 2.292762 9.737475
v 0.194538 2.285805 9.721118
v 0.176959 2.295112 9.737100
v 0.179685 2.290036 9.720742
v 0.164644 2.296898 9.741894
v 0.146218 2.297369 9.715948
v 0.154303 2.292104 9.722058
v 0.137476 2.295488 9.719144
v 0.132775 2.288062 9.727040
v 0.140202 2.293608 9.746688
v 0.129673 2.288156 9.724690
v 0.121588 2.283925 9.734655
v 0.119614 2.284584 9.735219
v 0.122623 2.292762 9.721212
v 0.117264 2.282421 9.730707
v 0.110590 2.284865 9.723750
v 0.129015 2.296710 9.718110
v 0.137100 2.297933 9.715948
v 0.116606 2.282985 9.727135
v 0.113316 2.282985 9.729109
v 0.112564 2.285147 9.730518
v 0.110966 2.283737 9.725819
v 0.109837 2.284489 9.726477
v 0.104103 2.292010 9.723280
v 0.107111 2.288908 9.722152
v 0.105137 2.291728 9.721400
v 0.111342 2.296710 9.711060
v 0.099591 2.294924 9.723280
v 0.094420 2.296898 9.731177
v 0.093856 2.298027 9.721024
v 0.081917 2.303009 9.736347
v 0.081165 2.305547 9.744808
v 0.075713 2.307521 9.740013
v 0.077687 2.316264 9.759473
v 0.072892 2.314384 9.751483
v 0.070636 2.323127 9.759379
v 0.077593 2.331775 9.774044
v 0.083515 2.346629 9.790966
v 0.066782 2.348979 9.779403
v 0.095924 2.346817 9.798110
v 0.082011 2.358004 9.805161
v 0.088686 2.361200 9.817946
v 0.103163 2.354431 9.812776
v 0.100531 2.359414 9.823492
v 0.146500 2.343714 9.814092
v 0.159568 2.347099 9.836936
v 0.147347 2.348885 9.827723
v 0.181847 2.339014 9.839474
v 0.168404 2.340894 9.823962
v 0.202341 2.322938 9.815690
v 0.200273 2.329425 9.834303
v 0.219639 2.315136 9.822176
v 0.194726 2.333185 9.855268
v 0.184856 2.336946 9.862224
v 0.205349 2.326229 9.862882
v 0.451744 1.797435 9.763610
v 0.456162 1.790009 9.755243
v 0.453812 1.806460 9.766242
v 0.455128 1.797811 9.761166
v 0.458324 1.805990 9.766523
v 0.457102 1.783146 9.748474
v 0.457760 1.777224 9.740860
v 0.461238 1.789257 9.755619
v 0.462461 1.782206 9.748850
v 0.458230 1.772241 9.732493
v 0.453436 1.762182 9.704855
v 0.478254 1.794145 9.768404
v 0.486620 1.784838 9.764268
v 0.448077 1.755414 9.686806
v 0.445821 1.754192 9.666688
v 0.451838 1.758140 9.675242
v 0.442531 1.754568 9.647040
v 0.446573 1.758798 9.637546
v 0.459170 1.762465 9.704009
v 0.455786 1.758328 9.647792
v 0.458418 1.758422 9.675336
v 0.463307 1.757670 9.640178
v 0.483236 1.750149 9.670918
v 0.464999 1.766789 9.724032
v 0.482202 1.752406 9.643561
v 0.482296 1.752782 9.698556
v 0.490757 1.749303 9.690660
v 0.480604 1.757952 9.718298
v 0.499124 1.747423 9.673644
v 0.502038 1.752312 9.712093
v 0.483894 1.770643 9.747910
v 0.485398 1.764815 9.739262
v 0.493483 1.759080 9.731271
v 0.497807 1.763969 9.741424
v 0.496115 1.769891 9.750167
v 0.488595 1.776848 9.757311
v 0.500722 1.770831 9.749790
v 0.494235 1.776942 9.758063
v 0.492167 1.784932 9.765019
v 0.496773 1.785590 9.764549
v 0.489817 1.793863 9.770942
v 0.494329 1.794521 9.770378
v 0.499970 1.787094 9.762482
v 0.502414 1.764909 9.741141
v 0.481826 1.803640 9.774984
v 0.505422 1.756354 9.721964
v 0.503918 1.772617 9.748098
v 0.473271 1.814169 9.777053
v 0.487185 1.803734 9.775642
v 0.484270 1.814169 9.779215
v 0.488689 1.814545 9.778462
v 0.481262 1.825074 9.781471
v 0.454564 1.825732 9.773575
v 0.470545 1.824980 9.779591
v 0.450616 1.825920 9.773575
v 0.450239 1.847165 9.776488
v 0.446667 1.847165 9.776676
v 0.445727 1.868599 9.774796
v 0.473177 1.836072 9.782223
v 0.459640 1.847165 9.779591
v 0.478066 1.836072 9.782412
v 0.474964 1.846977 9.782035
v 0.482390 1.835979 9.781377
v 0.467161 1.857976 9.780719
v 0.459452 1.868505 9.777804
v 0.471861 1.857506 9.780437
v 0.465845 1.876402 9.773856
v 0.468853 1.867377 9.777711
v 0.475904 1.856660 9.779120
v 0.469511 1.874710 9.772352
v 0.482202 1.845755 9.778275
v 0.463401 1.888341 9.761917
v 0.465657 1.885051 9.759662
v 0.474117 1.869351 9.766335
v 0.488783 1.825356 9.778087
v 0.485774 1.843029 9.770284
v 0.491979 1.815015 9.776018
v 0.494047 1.815673 9.772352
v 0.499594 1.797153 9.764738
v 0.495457 1.816613 9.763515
v 0.486056 1.838799 9.761636
v 0.506268 1.780890 9.738228
v 0.504012 1.781548 9.752705
v 0.506456 1.777882 9.741988
v 0.508806 1.765097 9.728356
v 0.507114 1.762182 9.730518
v 0.510404 1.768951 9.714350
v 0.511909 1.752688 9.692634
v 0.513413 1.756166 9.691788
v 0.508900 1.750149 9.692916
v 0.513789 1.752688 9.666406
v 0.504106 1.748739 9.692728
v 0.509746 1.749397 9.683891
v 0.515293 1.756542 9.666311
v 0.505516 1.747705 9.674490
v 0.510781 1.749773 9.666123
v 0.513695 1.755226 9.648450
v 0.505892 1.749021 9.656441
v 0.509746 1.754474 9.638015
v 0.498936 1.750055 9.646100
v 0.505516 1.750525 9.647040
v 0.511344 1.760584 9.628614
v 0.490099 1.752876 9.635289
v 0.508148 1.757670 9.627674
v 0.503072 1.755884 9.626828
v 0.494047 1.759362 9.614796
v 0.476938 1.760960 9.613197
v 0.469887 1.770737 9.590730
v 0.454752 1.789445 9.558015
v 0.486996 1.769703 9.591293
v 0.497525 1.764815 9.603796
v 0.483894 1.783240 9.568356
v 0.457572 1.796119 9.547110
v 0.445445 1.810784 9.529343
v 0.459264 1.803922 9.537333
v 0.441121 1.826390 9.514677
v 0.472237 1.797529 9.547110
v 0.436326 1.842841 9.503866
v 0.453812 1.819903 9.521540
v 0.459922 1.812383 9.529060
v 0.442061 1.844251 9.504900
v 0.430874 1.850550 9.499542
v 0.459640 1.821501 9.522761
v 0.465657 1.814075 9.530282
v 0.477878 1.799315 9.548238
v 0.464341 1.823758 9.525206
v 0.494517 1.778352 9.580858
v 0.470263 1.816425 9.532726
v 0.487843 1.794615 9.560459
v 0.498936 1.772147 9.592704
v 0.498183 1.781172 9.582457
v 0.506174 1.769515 9.605959
v 0.485116 1.804862 9.553221
v 0.500534 1.784650 9.584619
v 0.510874 1.768387 9.618837
v 0.479382 1.812006 9.544195
v 0.467913 1.826390 9.528685
v 0.477502 1.825168 9.544290
v 0.497243 1.794803 9.576346
v 0.488125 1.814733 9.564219
v 0.505516 1.782676 9.598062
v 0.501850 1.792547 9.589602
v 0.504482 1.790855 9.602480
v 0.509652 1.781548 9.622786
v 0.459546 1.843593 9.520694
v 0.445445 1.855908 9.506593
v 0.451086 1.860138 9.515993
v 0.462837 1.848199 9.530659
v 0.498277 1.810220 9.629367
v 0.428524 1.899998 9.511575
v 0.429558 1.885803 9.499636
v 0.426738 1.907048 9.526146
v 0.466691 1.851020 9.555571
v 0.485868 1.827048 9.589602
v 0.501380 1.807306 9.653996
v 0.472989 1.845379 9.583302
v 0.453718 1.870573 9.560740
v 0.418465 1.912501 9.505277
v 0.447137 1.876308 9.569296
v 0.464435 1.852524 9.589695
v 0.486150 1.826484 9.617804
v 0.441309 1.876966 9.579730
v 0.453624 1.858258 9.595336
v 0.466691 1.839645 9.616300
v 0.445351 1.856284 9.604643
v 0.444975 1.842935 9.622974
v 0.435574 1.853652 9.616581
v 0.425045 1.875744 9.600318
v 0.424763 1.873206 9.609907
v 0.434446 1.850738 9.627298
v 0.427020 1.869539 9.617333
v 0.426832 1.875556 9.628051
v 0.432848 1.855814 9.637827
v 0.434352 1.862583 9.650894
v 0.442437 1.875462 9.686148
v 0.436232 1.854780 9.649766
v 0.437642 1.845755 9.631622
v 0.435856 1.850550 9.641964
v 0.440651 1.844533 9.642245
v 0.443377 1.840867 9.632657
v 0.448829 1.839363 9.627581
v 0.446291 1.841055 9.645724
v 0.456914 1.834850 9.635477
v 0.441967 1.858164 9.666406
v 0.453718 1.835603 9.639990
v 0.481074 1.826672 9.643280
v 0.482014 1.827518 9.632751
v 0.466221 1.832876 9.653809
v 0.489065 1.821219 9.652305
v 0.495927 1.815203 9.666311
v 0.473365 1.832218 9.666030
v 0.446667 1.848670 9.659825
v 0.484176 1.825732 9.679754
v 0.458512 1.847729 9.677122
v 0.447043 1.862207 9.683044
v 0.467067 1.847918 9.726101
v 0.450051 1.862301 9.694702
v 0.497995 1.811348 9.688591
v 0.502132 1.805332 9.685771
v 0.451086 1.865967 9.713315
v 0.485868 1.822159 9.714443
v 0.449863 1.873770 9.714725
v 0.461520 1.856378 9.726477
v 0.451838 1.868505 9.717922
v 0.453530 1.889563 9.723845
v 0.458136 1.891819 9.738509
v 0.471485 1.871607 9.758251
v 0.478442 1.837107 9.745654
v 0.499876 1.797153 9.742834
v 0.491509 1.809844 9.735596
v 0.503730 1.785778 9.720554
v 0.492261 1.808810 9.726665
v 0.501192 1.794051 9.713597
v 0.509464 1.777788 9.684173
v 0.505140 1.799504 9.671012
v 0.505516 1.791607 9.634537
v 0.514917 1.766789 9.657663
v 0.514635 1.765943 9.640271
v 0.514353 1.761430 9.639613
v 0.134844 2.301223 9.681353
v 0.145936 2.295018 9.691881
v 0.166054 2.292198 9.678627
v 0.106453 2.302351 9.698744
v 0.104573 2.307521 9.689719
v 0.193034 2.286558 9.666030
v 0.093386 2.303291 9.709273
v 0.235902 2.262210 9.678720
v 0.197547 2.278755 9.680882
v 0.238158 2.257415 9.687652
v 0.197171 2.279789 9.690284
v 0.235244 2.257321 9.694890
v 0.248875 2.242186 9.713880
v 0.225655 2.263714 9.692728
v 0.233928 2.260235 9.715008
v 0.226971 2.267098 9.710495
v 0.217476 2.275183 9.714067
v 0.219074 2.272926 9.705983
v 0.206007 2.281293 9.703632
v 0.205067 2.283737 9.711718
v 0.191718 2.290036 9.708615
v 0.171131 2.295300 9.711247
v 0.187206 2.289942 9.702504
v 0.166524 2.290506 9.693480
v 0.155619 2.297369 9.710119
v 0.141048 2.295770 9.702599
v 0.452590 1.838705 9.512609
v 0.430968 1.868881 9.496252
v 0.431156 1.859668 9.496816
v 0.430404 1.877718 9.497286
v 0.421473 1.874710 9.491833
v 0.421943 1.883264 9.492585
v 0.418747 1.897272 9.494277
v 0.416679 1.908082 9.498037
v 0.409628 1.907894 9.493149
v 0.413576 1.921808 9.517967
v 0.413576 1.888999 9.489765
v 0.416303 1.873488 9.490987
v 0.406902 1.879786 9.489671
v 0.424575 1.849422 9.499542
v 0.414987 1.864839 9.493243
v 0.230637 2.174970 10.145187
v 0.256960 2.160587 10.119899
v 0.249439 2.147708 10.146691
vn -0.9345 -0.3553 0.0211
vn -0.9555 -0.2760 0.1038
vn -0.9183 -0.3894 0.0718
vn -0.9206 -0.3769 0.1021
vn -0.9634 -0.2577 0.0736
vn -0.9389 -0.3363 -0.0740
vn -0.9284 -0.3704 -0.0301
vn -0.9164 -0.3998 -0.0171
vn -0.8964 -0.4395 -0.0575
vn -0.9435 -0.3199 0.0867
vn -0.9376 -0.3391 -0.0763
vn -0.9060 -0.3928 -0.1576
vn -0.9599 -0.2760 -0.0488
vn -0.8784 -0.4628 -0.1198
vn -0.8905 -0.4422 -0.1068
vn -0.8528 -0.5219 -0.0205
vn -0.8624 -0.5034 -0.0543
vn -0.8699 -0.4808 -0.1103
vn -0.8315 -0.5391 -0.1340
vn -0.8285 -0.5444 -0.1313
vn -0.8312 -0.5165 -0.2057
vn -0.7252 -0.6716 -0.1519
vn -0.7752 -0.5909 -0.2235
vn -0.8235 -0.5316 -0.1982
vn -0.7160 -0.6584 -0.2323
vn -0.8706 -0.4587 -0.1777
vn -0.8701 -0.4437 -0.2146
vn -0.8046 -0.5891 -0.0746
vn -0.8017 -0.5941 -0.0667
vn -0.8324 -0.5542 0.0010
vn -0.8429 -0.5372 -0.0307
vn -0.6224 -0.7733 -0.1207
vn -0.8558 -0.4560 -0.2443
vn -0.7443 -0.6668 -0.0366
vn -0.7445 -0.6671 -0.0255
vn -0.6221 -0.7715 -0.1332
vn -0.5681 -0.8049 -0.1714
vn -0.6010 -0.7799 -0.1749
vn -0.5099 -0.8467 -0.1520
vn -0.5792 -0.8111 -0.0815
vn -0.5656 -0.8212 -0.0751
vn -0.5136 -0.8541 -0.0818
vn -0.4449 -0.8870 -0.1233
vn -0.6654 -0.7465 0.0022
vn -0.5654 -0.7928 -0.2277
vn -0.6219 -0.7575 -0.1986
vn -0.4551 -0.8701 -0.1894
vn -0.4443 -0.8893 -0.1085
vn -0.3300 -0.9096 -0.2525
vn -0.4762 -0.8744 -0.0934
vn -0.5282 -0.8487 -0.0272
vn -0.2248 -0.9476 -0.2269
vn -0.3672 -0.9248 -0.1000
vn -0.3730 -0.9220 -0.1040
vn -0.2187 -0.9472 -0.2345
vn -0.2511 -0.9409 -0.2271
vn -0.3968 -0.9148 -0.0749
vn -0.3882 -0.9215 0.0118
vn -0.5618 -0.8272 -0.0086
vn -0.3494 -0.9364 -0.0329
vn -0.1846 -0.9679 -0.1708
vn -0.1922 -0.9792 -0.0647
vn -0.5552 -0.8276 0.0831
vn -0.1200 -0.9926 -0.0203
vn -0.4502 -0.8888 0.0852
vn -0.4689 -0.8815 0.0557
vn -0.2699 -0.9624 0.0316
vn -0.1517 -0.9876 0.0403
vn -0.3508 -0.9349 0.0534
vn -0.2585 -0.9615 0.0935
vn -0.5344 -0.8263 0.1779
vn -0.3720 -0.9159 0.1509
vn -0.4669 -0.8733 0.1388
vn -0.6023 -0.7947 0.0749
vn -0.5974 -0.7991 0.0669
vn -0.4541 -0.8607 0.2304
vn -0.7357 -0.6737 0.0702
vn -0.6648 -0.7468 0.0208
vn -0.7922 -0.6094 0.0341
vn -0.5885 -0.7800 0.2127
vn -0.6076 -0.7610 0.2276
vn -0.6957 -0.7027 0.1491
vn -0.7283 -0.6617 0.1783
vn -0.7669 -0.6351 0.0925
vn -0.7966 -0.5922 0.1215
vn -0.8398 -0.5382 0.0708
vn -0.7746 -0.6079 0.1748
vn -0.8806 -0.4636 0.0979
vn -0.8816 -0.4613 0.0997
vn -0.8366 -0.5299 0.1386
vn -0.9122 -0.3440 0.2225
vn -0.8854 -0.3866 0.2581
vn -0.9413 -0.2996 0.1556
vn -0.7157 -0.6707 0.1946
vn -0.8317 -0.4792 0.2804
vn -0.7373 -0.6044 0.3018
vn -0.5814 -0.7624 0.2843
vn -0.8310 -0.4521 0.3242
vn -0.6989 -0.6227 0.3518
vn -0.9331 -0.2868 0.2170
vn -0.9102 -0.3412 0.2347
vn -0.8773 -0.3969 0.2697
vn -0.9138 -0.2811 0.2933
vn -0.8834 -0.3139 0.3480
vn -0.7882 -0.4887 0.3741
vn -0.9243 -0.2651 0.2745
vn -0.9449 -0.2708 0.1838
vn -0.9342 -0.1735 0.3116
vn -0.9641 -0.1580 0.2133
vn -0.9492 -0.2799 0.1435
vn -0.9610 -0.1403 0.2385
vn -0.9600 -0.0566 0.2743
vn -0.9826 -0.1295 0.1328
vn -0.9615 -0.2589 0.0921
vn -0.9775 -0.0379 0.2073
vn -0.9766 -0.1503 0.1541
vn -0.9652 -0.0006 0.2617
vn -0.9647 -0.0544 0.2578
vn -0.9800 0.0700 0.1864
vn -0.9881 -0.0327 0.1500
vn -0.9935 -0.0243 0.1112
vn -0.9877 -0.1562 0.0074
vn -0.9840 -0.1640 0.0690
vn -0.9902 -0.1396 0.0087
vn -0.9982 -0.0466 0.0377
vn -0.9890 -0.1446 0.0301
vn -0.9989 -0.0399 0.0247
vn -0.9947 0.0555 0.0866
vn -0.9991 -0.0324 0.0265
vn -0.9989 -0.0381 -0.0277
vn -0.9750 -0.2132 -0.0620
vn -0.9908 0.1339 -0.0205
vn -0.9992 -0.0292 -0.0273
vn -0.9993 0.0308 0.0214
vn -0.9841 0.1649 0.0658
vn -0.9788 0.1376 0.1515
vn -0.9845 0.1021 0.1423
vn -0.9666 0.0794 0.2436
vn -0.9840 0.1589 0.0808
vn -0.9461 0.1472 0.2883
vn -0.9247 0.0665 0.3749
vn -0.9645 0.1649 0.2061
vn -0.9504 0.2586 0.1727
vn -0.9302 0.2630 0.2559
vn -0.9418 0.1445 0.3034
vn -0.9420 0.2453 0.2289
vn -0.9313 0.2778 0.2355
vn -0.8976 0.3248 0.2982
vn -0.8811 0.2869 0.3759
vn -0.9344 0.3523 0.0533
vn -0.9301 0.0199 0.3667
vn -0.9499 0.3126 -0.0053
vn -0.8533 0.3725 0.3649
vn -0.8963 0.2263 0.3814
vn -0.9078 -0.1012 0.4071
vn -0.9082 -0.1019 0.4060
vn -0.8913 -0.3063 0.3343
vn -0.8981 0.1400 0.4168
vn -0.8940 0.1349 0.4274
vn -0.8673 0.2856 0.4076
vn -0.8724 0.2040 0.4441
vn -0.8079 -0.2226 0.5456
vn -0.8958 -0.0393 0.4427
vn -0.8645 -0.2245 0.4496
vn -0.9028 -0.0388 0.4282
vn -0.8302 -0.2987 0.4707
vn -0.8649 -0.2319 0.4451
vn -0.8701 0.3111 0.3823
vn -0.8659 0.3365 0.3700
vn -0.9387 0.2891 0.1879
vn -0.9125 0.2429 0.3291
vn -0.9207 0.3568 0.1584
vn -0.9657 0.1925 0.1741
vn -0.9560 0.2532 0.1482
vn -0.9172 0.1529 0.3680
vn -0.8748 0.1845 0.4480
vn -0.9775 0.1580 0.1400
vn -0.9667 0.1323 -0.2192
vn -0.9813 0.0428 -0.1876
vn -0.9351 0.1093 0.3370
vn -0.9816 0.0504 0.1842
vn -0.8683 0.0783 0.4899
vn -0.9258 0.0029 0.3780
vn -0.9408 0.0098 0.3388
vn -0.9885 0.0136 0.1507
vn -0.9797 -0.0769 0.1850
vn -0.9777 -0.1031 -0.1831
vn -0.9744 0.0079 -0.2245
vn -0.8608 0.0519 0.5062
vn -0.8646 0.0583 0.4990
vn -0.9146 -0.1204 0.3860
vn -0.9818 -0.1176 0.1489
vn -0.9606 -0.2083 0.1840
vn -0.9709 -0.1240 -0.2048
vn -0.9608 -0.2241 -0.1630
vn -0.8930 -0.0619 0.4457
vn -0.9337 -0.1136 0.3394
vn -0.7799 -0.2354 -0.5799
vn -0.7777 -0.1375 -0.6134
vn -0.9515 -0.2457 -0.1854
vn -0.7769 -0.2386 -0.5826
vn -0.7705 -0.3306 -0.5450
vn -0.9592 -0.2299 0.1647
vn -0.9322 -0.3304 -0.1480
vn -0.9335 -0.3027 0.1925
vn -0.8985 -0.2248 0.3770
vn -0.9308 -0.3329 -0.1508
vn -0.8674 -0.1519 0.4739
vn -0.9147 -0.2197 0.3391
vn -0.9287 -0.3318 0.1655
vn -0.9035 -0.4138 -0.1120
vn -0.8930 -0.4062 0.1938
vn -0.8306 -0.5092 -0.2254
vn -0.8635 -0.1532 0.4805
vn -0.8505 -0.0746 0.5207
vn -0.8295 -0.1406 0.5405
vn -0.8209 -0.1443 0.5526
vn -0.8269 -0.2454 0.5060
vn -0.8741 -0.3152 0.3697
vn -0.8213 -0.1816 0.5408
vn -0.8251 -0.1722 0.5382
vn -0.8537 -0.2207 0.4716
vn -0.8662 -0.3953 0.3058
vn -0.8722 -0.4129 0.2623
vn -0.7998 -0.3326 0.4996
vn -0.8411 -0.4019 0.3619
vn -0.7884 -0.3239 0.5230
vn -0.7967 -0.3350 0.5031
vn -0.7756 -0.3454 0.5284
vn -0.8010 -0.4254 0.4213
vn -0.7800 -0.4399 0.4450
vn -0.8157 -0.5699 0.0992
vn -0.7735 -0.5012 0.3878
vn -0.7937 -0.5619 0.2329
vn -0.7619 -0.4591 0.4568
vn -0.7856 -0.5063 0.3557
vn -0.7253 -0.4758 0.4975
vn -0.7258 -0.4815 0.4913
vn -0.7555 -0.4982 0.4256
vn -0.6787 -0.5387 0.4992
vn -0.6763 -0.5905 0.4404
vn -0.7062 -0.5918 0.3887
vn -0.6570 -0.5788 0.4830
vn -0.6702 -0.5823 0.4601
vn -0.6619 -0.6145 0.4292
vn -0.6440 -0.5911 0.4856
vn -0.5861 -0.6827 0.4364
vn -0.6285 -0.6920 0.3552
vn -0.6063 -0.6413 0.4703
vn -0.6679 -0.5982 0.4428
vn -0.6955 -0.6104 0.3791
vn -0.5785 -0.6816 0.4481
vn -0.5760 -0.6771 0.4579
vn -0.6289 -0.6535 0.4211
vn -0.5012 -0.7477 0.4355
vn -0.5426 -0.7415 0.3946
vn -0.5729 -0.7232 0.3857
vn -0.6082 -0.7284 0.3156
vn -0.6189 -0.7077 0.3406
vn -0.5500 -0.7612 0.3436
vn -0.7080 -0.6499 0.2763
vn -0.6363 -0.7147 0.2903
vn -0.7124 -0.6517 0.2605
vn -0.4686 -0.8313 0.2990
vn -0.4934 -0.8329 0.2508
vn -0.5205 -0.7704 0.3681
vn -0.4792 -0.7612 0.4370
vn -0.4325 -0.8063 0.4036
vn -0.4746 -0.8257 0.3049
vn -0.4248 -0.8006 0.4226
vn -0.3560 -0.8995 0.2532
vn -0.4142 -0.8920 0.1812
vn -0.3060 -0.9224 0.2356
vn -0.2691 -0.9525 0.1423
vn -0.3005 -0.9385 0.1699
vn -0.2762 -0.9552 0.1064
vn -0.1768 -0.9775 0.1152
vn -0.1615 -0.9858 0.0462
vn -0.1400 -0.9857 0.0942
vn -0.1656 -0.9728 0.1621
vn -0.3170 -0.9153 0.2486
vn -0.0575 -0.9882 0.1418
vn -0.3461 -0.8844 0.3132
vn -0.3340 -0.8844 0.3259
vn -0.2377 -0.9469 0.2165
vn -0.2224 -0.9433 0.2464
vn -0.1885 -0.9655 0.1794
vn -0.1774 -0.9502 0.2563
vn -0.0480 -0.9840 0.1718
vn -0.0711 -0.9843 0.1615
vn -0.0563 -0.9824 0.1782
vn -0.0656 -0.9718 0.2266
vn 0.0252 -0.9903 0.1367
vn -0.0007 -0.9755 0.2201
vn -0.0667 -0.9950 0.0748
vn -0.0367 -0.9988 0.0313
vn 0.0768 -0.9838 0.1618
vn 0.0319 -0.9967 0.0749
vn 0.0320 -0.9799 0.1967
vn 0.0891 -0.9840 0.1543
vn 0.1282 -0.9729 0.1923
vn 0.0541 -0.9652 0.2558
vn -0.0944 -0.9623 0.2550
vn 0.1032 -0.9627 0.2501
vn 0.2017 -0.9342 0.2942
vn 0.0316 -0.9630 0.2677
vn 0.2379 -0.9458 0.2211
vn 0.2048 -0.9628 0.1764
vn 0.2213 -0.9623 0.1582
vn 0.1627 -0.9798 0.1166
vn 0.0717 -0.9923 0.1010
vn 0.1517 -0.9824 0.1089
vn 0.0098 -0.9999 0.0138
vn 0.0737 -0.9969 -0.0267
vn -0.0514 -0.9987 -0.0053
vn 0.1022 -0.9939 0.0427
vn 0.1467 -0.9892 -0.0034
vn -0.0014 -0.9986 -0.0530
vn 0.0529 -0.9955 -0.0790
vn -0.0091 -0.9976 -0.0683
vn -0.0038 -0.9988 -0.0481
vn 0.3164 -0.9439 0.0941
vn 0.2429 -0.9556 0.1670
vn -0.0912 -0.9933 -0.0707
vn -0.1576 -0.9777 -0.1387
vn -0.1389 -0.9778 -0.1568
vn -0.0639 -0.9773 -0.2018
vn -0.0049 -0.9829 -0.1841
vn -0.1596 -0.9649 -0.2087
vn -0.0631 -0.9773 -0.2024
vn -0.1516 -0.9636 -0.2203
vn -0.0304 -0.9502 -0.3101
vn -0.0292 -0.9415 -0.3359
vn -0.2188 -0.9460 -0.2392
vn 0.0018 -0.9513 -0.3083
vn -0.0012 -0.9101 -0.4143
vn 0.0253 -0.9151 -0.4024
vn -0.0736 -0.9251 -0.3724
vn -0.2674 -0.9301 -0.2519
vn -0.0718 -0.9031 -0.4233
vn -0.0165 -0.9143 -0.4047
vn -0.1451 -0.8996 -0.4119
vn -0.1464 -0.9091 -0.3900
vn -0.0106 -0.8647 -0.5022
vn -0.0932 -0.8818 -0.4623
vn -0.0874 -0.8470 -0.5244
vn -0.2127 -0.8817 -0.4211
vn -0.1669 -0.9090 -0.3820
vn -0.1119 -0.8481 -0.5179
vn -0.1565 -0.8334 -0.5301
vn -0.4210 -0.8275 -0.3715
vn -0.3881 -0.8496 -0.3572
vn -0.3688 -0.8755 -0.3123
vn -0.3577 -0.8475 -0.3922
vn -0.3827 -0.8254 -0.4149
vn -0.5235 -0.7994 -0.2950
vn -0.4581 -0.7951 -0.3975
vn -0.5808 -0.7521 -0.3114
vn -0.2878 -0.8255 -0.4854
vn -0.3064 -0.7999 -0.5161
vn -0.1898 -0.8082 -0.5575
vn -0.4465 -0.7982 -0.4043
vn -0.5418 -0.7721 -0.3321
vn -0.5664 -0.7044 -0.4277
vn -0.6669 -0.6762 -0.3130
vn -0.6928 -0.6449 -0.3227
vn -0.6023 -0.6797 -0.4185
vn -0.5983 -0.7025 -0.3854
vn -0.8066 -0.5231 -0.2753
vn -0.8212 -0.4991 -0.2767
vn -0.8545 -0.4599 -0.2413
vn -0.6634 -0.6406 -0.3868
vn -0.6879 -0.6395 -0.3433
vn -0.7259 -0.6000 -0.3362
vn -0.6715 -0.6169 -0.4106
vn -0.8223 -0.4746 -0.3140
vn -0.8133 -0.4708 -0.3418
vn -0.4691 -0.7506 -0.4654
vn -0.3356 -0.8033 -0.4920
vn -0.3636 -0.7607 -0.5378
vn -0.2478 -0.7988 -0.5482
vn -0.4277 -0.7188 -0.5481
vn -0.3332 -0.7692 -0.5453
vn -0.4136 -0.7322 -0.5410
vn -0.5368 -0.6647 -0.5196
vn -0.5379 -0.6824 -0.4950
vn -0.4516 -0.7259 -0.5187
vn -0.4961 -0.6719 -0.5499
vn -0.4813 -0.7094 -0.5150
vn -0.3415 -0.7893 -0.5102
vn -0.2564 -0.8217 -0.5090
vn -0.4403 -0.7558 -0.4848
vn -0.3952 -0.7854 -0.4763
vn -0.5279 -0.6938 -0.4898
vn -0.5546 -0.6453 -0.5253
vn -0.5560 -0.6458 -0.5232
vn -0.5490 -0.6767 -0.4906
vn -0.5605 -0.6384 -0.5275
vn -0.6358 -0.6212 -0.4580
vn -0.6205 -0.6217 -0.4780
vn -0.6205 -0.5946 -0.5113
vn -0.5916 -0.6599 -0.4632
vn -0.6283 -0.6237 -0.4650
vn -0.5311 -0.6986 -0.4794
vn -0.5003 -0.7374 -0.4538
vn -0.6053 -0.6763 -0.4199
vn -0.5820 -0.6928 -0.4258
vn -0.6506 -0.5594 -0.5135
vn -0.6433 -0.6189 -0.4507
vn -0.5667 -0.7094 -0.4191
vn -0.5137 -0.7386 -0.4365
vn -0.6310 -0.6640 -0.4012
vn -0.6545 -0.6297 -0.4185
vn -0.5780 -0.7255 -0.3735
vn -0.6935 -0.5744 -0.4349
vn -0.6910 -0.5407 -0.4798
vn -0.6497 -0.6665 -0.3656
vn -0.6553 -0.6571 -0.3726
vn -0.6938 -0.6085 -0.3850
vn -0.5722 -0.7374 -0.3590
vn -0.6379 -0.7040 -0.3122
vn -0.6920 -0.6369 -0.3398
vn -0.7071 -0.6200 -0.3401
vn -0.7188 -0.5779 -0.3866
vn -0.7187 -0.5653 -0.4048
vn -0.7519 -0.5672 -0.3360
vn -0.7360 -0.5966 -0.3199
vn -0.7549 -0.5267 -0.3909
vn -0.7617 -0.4868 -0.4276
vn -0.7329 -0.4932 -0.4687
vn -0.7987 -0.4943 -0.3430
vn -0.7934 -0.5191 -0.3179
vn -0.8081 -0.4358 -0.3962
vn -0.8012 -0.4901 -0.3432
vn -0.7259 -0.5096 -0.4619
vn -0.8478 -0.4243 -0.3181
vn -0.8052 -0.4414 -0.3960
vn -0.8616 -0.3676 -0.3501
vn -0.8075 -0.3853 -0.4465
vn -0.7788 -0.4186 -0.4672
vn -0.8099 -0.3801 -0.4466
vn -0.7299 -0.4584 -0.5072
vn -0.7591 -0.4050 -0.5096
vn -0.7920 -0.3339 -0.5112
vn -0.8066 -0.3165 -0.4992
vn -0.7354 -0.3884 -0.5553
vn -0.7753 -0.3229 -0.5427
vn -0.7027 -0.4717 -0.5327
vn -0.6488 -0.5653 -0.5094
vn -0.6745 -0.5521 -0.4901
vn -0.7087 -0.4547 -0.5395
vn -0.7889 -0.3224 -0.5232
vn -0.6987 -0.5721 -0.4295
vn -0.7354 -0.4575 -0.4998
vn -0.7341 -0.5556 -0.3903
vn -0.7597 -0.4901 -0.4274
vn -0.7595 -0.4902 -0.4276
vn -0.8482 -0.3578 -0.3906
vn -0.7862 -0.3985 -0.4723
vn -0.8691 -0.3319 -0.3667
vn -0.8482 -0.2848 -0.4467
vn -0.8730 -0.3258 -0.3629
vn -0.8612 -0.3936 -0.3216
vn -0.8591 -0.3958 -0.3244
vn -0.8797 -0.3947 -0.2650
vn -0.8976 -0.3715 -0.2372
vn -0.9020 -0.3046 -0.3059
vn -0.9034 -0.3299 -0.2740
vn -0.8968 -0.2272 -0.3796
vn -0.9051 -0.3014 -0.2999
vn -0.8896 -0.2284 -0.3956
vn -0.8913 -0.2445 -0.3819
vn -0.8944 -0.3920 -0.2153
vn -0.9239 -0.3556 -0.1409
vn -0.9359 -0.3200 -0.1471
vn -0.9274 -0.3131 -0.2045
vn -0.9009 -0.3437 -0.2650
vn -0.9445 -0.2986 -0.1366
vn -0.9289 -0.2830 -0.2389
vn -0.9456 -0.2020 -0.2549
vn -0.9416 -0.2628 -0.2106
vn -0.9666 -0.1855 -0.1770
vn -0.9501 -0.2185 -0.2227
vn -0.9624 -0.2436 -0.1200
vn -0.9762 -0.2081 -0.0605
vn -0.9977 -0.0330 -0.0595
vn -0.9797 -0.1045 -0.1710
vn -0.9819 -0.1235 -0.1433
vn -0.9941 -0.0760 -0.0776
vn -0.9907 -0.0349 -0.1315
vn -0.9879 -0.0200 -0.1536
vn -0.9854 0.0821 -0.1489
vn -0.9958 -0.0100 -0.0911
vn -0.9817 0.0397 -0.1861
vn -0.9719 -0.0611 -0.2273
vn -0.9739 -0.0717 -0.2152
vn -0.9683 0.1541 -0.1965
vn -0.9763 0.1535 -0.1529
vn -0.9789 0.1313 -0.1568
vn -0.9902 0.1062 -0.0908
vn -0.9909 0.0968 -0.0940
vn -0.9940 0.1040 -0.0328
vn -0.9579 0.2603 -0.1212
vn -0.9560 0.2826 -0.0790
vn -0.9702 0.0850 -0.2269
vn -0.9673 0.0962 -0.2347
vn -0.9497 0.2605 -0.1741
vn -0.9554 0.2700 -0.1199
vn -0.9498 0.2599 -0.1742
vn -0.9360 0.2427 -0.2550
vn -0.9542 0.1899 -0.2312
vn -0.9032 0.3853 -0.1890
vn -0.9072 0.3352 -0.2542
vn -0.9113 0.3305 -0.2455
vn -0.9279 0.3357 -0.1621
vn -0.9194 0.3739 -0.1219
vn -0.8620 0.4436 -0.2453
vn -0.8452 0.5013 -0.1852
vn -0.8604 0.4458 -0.2471
vn -0.9193 0.2609 -0.2947
vn -0.8558 0.4357 -0.2788
vn -0.9088 0.2494 -0.3345
vn -0.9513 0.1358 -0.2768
vn -0.8676 0.3901 -0.3082
vn -0.9034 0.2644 -0.3377
vn -0.8229 0.3998 -0.4037
vn -0.8943 0.2317 -0.3829
vn -0.8816 0.2587 -0.3948
vn -0.9388 0.1473 -0.3112
vn -0.9649 0.0132 -0.2622
vn -0.9026 0.0477 -0.4279
vn -0.7870 0.4999 -0.3615
vn -0.8061 0.5205 -0.2814
vn -0.7833 0.5720 -0.2433
vn -0.7734 0.5213 -0.3607
vn -0.8363 0.3651 -0.4091
vn -0.7623 0.4724 -0.4424
vn -0.8443 0.1904 -0.5009
vn -0.8874 0.1179 -0.4457
vn -0.7586 0.5924 -0.2713
vn -0.7040 0.5698 -0.4240
vn -0.6527 0.6430 -0.4007
vn -0.5573 0.7968 -0.2333
vn -0.8011 0.3255 -0.5023
vn -0.7928 0.3263 -0.5148
vn -0.7100 0.4822 -0.5132
vn -0.8148 0.0119 -0.5796
vn -0.7481 0.2815 -0.6009
vn -0.8035 -0.0019 -0.5953
vn -0.6764 0.4842 -0.5550
vn -0.7052 0.5459 -0.4524
vn -0.7739 0.1270 -0.6205
vn -0.7587 0.0270 -0.6509
vn -0.7767 0.0305 -0.6291
vn -0.6821 0.3562 -0.6386
vn -0.6939 0.3542 -0.6270
vn -0.7161 0.1686 -0.6773
vn -0.6824 0.1030 -0.7237
vn -0.6333 0.4669 -0.6172
vn -0.5930 0.6229 -0.5102
vn -0.6381 0.4864 -0.5969
vn -0.6553 0.3401 -0.6745
vn -0.6516 0.2321 -0.7222
vn -0.5936 0.4644 -0.6572
vn -0.6088 0.5165 -0.6022
vn -0.6437 0.2586 -0.7203
vn -0.5661 0.3242 -0.7579
vn -0.6320 0.1304 -0.7639
vn -0.6255 0.1610 -0.7634
vn -0.5657 0.1519 -0.8105
vn -0.4981 0.1539 -0.8534
vn -0.6930 0.0733 -0.7172
vn -0.6279 0.0914 -0.7729
vn -0.5834 0.0800 -0.8083
vn -0.7125 0.1061 -0.6936
vn -0.6637 0.1229 -0.7378
vn -0.7086 0.1397 -0.6916
vn -0.7614 0.1045 -0.6398
vn -0.7767 0.0304 -0.6291
vn -0.7331 0.1843 -0.6547
vn -0.8241 0.0637 -0.5628
vn -0.7881 0.1411 -0.5992
vn -0.8366 0.1416 -0.5291
vn -0.7829 0.2127 -0.5847
vn -0.7763 0.2225 -0.5899
vn -0.8390 0.1446 -0.5246
vn -0.8790 -0.0095 -0.4768
vn -0.8739 0.1079 -0.4740
vn -0.8655 0.0449 -0.4989
vn -0.8556 -0.0315 -0.5167
vn -0.8633 -0.0512 -0.5020
vn -0.8381 0.2173 -0.5003
vn -0.8484 0.2024 -0.4892
vn -0.8215 0.2929 -0.4891
vn -0.8930 0.1409 -0.4274
vn -0.8400 0.2891 -0.4592
vn -0.7804 0.2376 -0.5784
vn -0.9047 0.0462 -0.4235
vn -0.9178 0.1114 -0.3810
vn -0.9190 -0.0433 -0.3918
vn -0.8836 -0.0739 -0.4624
vn -0.7732 0.2898 -0.5641
vn -0.8093 0.3250 -0.4894
vn -0.7655 0.2972 -0.5707
vn -0.8026 0.3746 -0.4643
vn -0.7856 0.3672 -0.4980
vn -0.8043 0.3712 -0.4640
vn -0.8835 -0.0738 -0.4625
vn -0.9245 -0.0238 -0.3803
vn -0.9253 -0.0037 -0.3792
vn -0.9315 -0.1644 -0.3245
vn -0.9450 -0.0023 -0.3271
vn -0.8018 0.4178 -0.4272
vn -0.7832 0.4465 -0.4326
vn -0.8114 0.4323 -0.3934
vn -0.8421 0.3877 -0.3749
vn -0.7966 0.5033 -0.3348
vn -0.8092 0.5182 -0.2769
vn -0.7934 0.3889 -0.4683
vn -0.7972 0.5029 -0.3339
vn -0.8283 0.4266 -0.3631
vn -0.8276 0.3810 -0.4122
vn -0.8643 0.3665 -0.3445
vn -0.8492 0.3209 -0.4194
vn -0.8610 0.3762 -0.3422
vn -0.8490 0.3114 -0.4268
vn -0.8620 0.2918 -0.4146
vn -0.8641 0.2143 -0.4553
vn -0.8820 0.2038 -0.4249
vn -0.8876 0.2800 -0.3658
vn -0.8743 0.3577 -0.3282
vn -0.9076 0.2397 -0.3447
vn -0.9066 0.2463 -0.3426
vn -0.9231 0.1913 -0.3336
vn -0.9100 0.2618 -0.3214
vn -0.8957 0.3477 -0.2772
vn -0.8901 0.3575 -0.2826
vn -0.9269 0.2704 -0.2602
vn -0.9460 0.2013 -0.2539
vn -0.9142 0.3302 -0.2350
vn -0.9248 0.3044 -0.2284
vn -0.8655 0.4307 -0.2560
vn -0.9269 0.1636 -0.3377
vn -0.9126 0.1056 -0.3949
vn -0.9577 0.1732 -0.2299
vn -0.9398 0.0315 -0.3403
vn -0.9235 -0.0467 -0.3806
vn -0.9463 0.1173 -0.3011
vn -0.9470 0.0458 -0.3178
vn -0.9608 0.1577 -0.2280
vn -0.9622 0.1239 -0.2423
vn -0.9497 0.2402 -0.2010
vn -0.9278 0.2997 -0.2222
vn -0.9571 0.2321 -0.1733
vn -0.9789 0.1301 -0.1575
vn -0.9348 0.3139 -0.1662
vn -0.9556 0.2548 -0.1483
vn -0.9303 0.3271 -0.1661
vn -0.9807 0.1231 -0.1522
vn -0.9599 0.2429 -0.1397
vn -0.9723 0.1939 -0.1305
vn -0.9828 0.1052 -0.1517
vn -0.9838 0.0289 -0.1768
vn -0.9706 0.0560 -0.2339
vn -0.9951 -0.0034 -0.0991
vn -0.9833 0.0418 -0.1769
vn -0.9615 -0.0119 -0.2745
vn -0.9710 -0.0085 -0.2390
vn -0.9809 -0.0139 -0.1939
vn -0.9694 -0.0735 -0.2344
vn -0.9446 -0.0698 -0.3209
vn -0.9207 -0.0339 -0.3888
vn -0.9079 -0.1810 -0.3781
vn -0.9322 -0.1935 -0.3058
vn -0.9296 -0.2031 -0.3075
vn -0.9645 -0.1061 -0.2419
vn -0.9291 -0.2227 -0.2952
vn -0.9531 -0.1722 -0.2488
vn -0.9644 0.0535 -0.2591
vn -0.9322 -0.2080 -0.2963
vn -0.9515 -0.1353 -0.2763
vn -0.9257 0.0813 -0.3694
vn -0.9625 0.0777 -0.2598
vn -0.9230 -0.0600 -0.3800
vn -0.9588 -0.0686 -0.2755
vn -0.9135 -0.0754 -0.3998
vn -0.5326 -0.7832 -0.3208
vn -0.9687 -0.0038 -0.2480
vn -0.9707 -0.0426 -0.2366
vn -0.9596 -0.1193 -0.2548
vn -0.9545 -0.0136 -0.2979
vn -0.9584 -0.0099 -0.2854
vn -0.9544 -0.0908 -0.2843
vn -0.9284 0.0025 -0.3715
vn -0.9534 -0.1449 -0.2645
vn -0.9371 -0.2050 -0.2826
vn -0.9317 -0.1889 -0.3101
vn -0.9458 -0.0732 -0.3164
vn -0.9316 -0.1530 -0.3297
vn -0.9289 0.0018 -0.3703
vn -0.9258 -0.0760 -0.3703
vn -0.9133 -0.1213 -0.3888
vn -0.9250 -0.0742 -0.3727
vn -0.9127 -0.1829 -0.3653
vn -0.8895 -0.0050 -0.4570
vn -0.8947 -0.0276 -0.4458
vn -0.8935 -0.0849 -0.4409
vn -0.8869 -0.1338 -0.4422
vn -0.8775 -0.1371 -0.4595
vn -0.8681 -0.1927 -0.4575
vn -0.8033 -0.2412 -0.5445
vn -0.8035 -0.2428 -0.5435
vn -0.8268 -0.1688 -0.5366
vn -0.8079 -0.2351 -0.5404
vn -0.8555 -0.1250 -0.5025
vn -0.8177 -0.2871 -0.4988
vn -0.8666 -0.1083 -0.4871
vn -0.8807 0.0012 -0.4736
vn -0.8437 -0.1336 -0.5199
vn -0.8274 -0.0997 -0.5527
vn -0.8443 -0.1309 -0.5196
vn -0.7639 -0.1642 -0.6241
vn -0.7949 -0.0994 -0.5986
vn -0.7709 -0.0348 -0.6360
vn -0.7779 -0.1919 -0.5983
vn -0.6438 -0.2427 -0.7257
vn -0.6812 -0.3251 -0.6559
vn -0.7270 -0.3234 -0.6057
vn -0.7930 -0.2135 -0.5707
vn -0.7624 -0.2867 -0.5801
vn -0.7546 -0.0438 -0.6547
vn -0.8244 -0.2522 -0.5068
vn -0.8216 -0.2557 -0.5096
vn -0.6908 -0.4836 -0.5376
vn -0.8587 -0.1541 -0.4887
vn -0.8607 -0.1536 -0.4853
vn -0.8153 -0.3525 -0.4595
vn -0.8843 -0.1692 -0.4351
vn -0.8574 -0.2058 -0.4717
vn -0.8440 -0.2510 -0.4739
vn -0.8971 -0.2257 -0.3799
vn -0.9023 -0.2136 -0.3744
vn -0.8502 -0.3038 -0.4301
vn -0.8836 -0.2714 -0.3815
vn -0.8305 -0.3539 -0.4302
vn -0.8602 -0.3709 -0.3500
vn -0.8739 -0.3437 -0.3438
vn -0.8716 -0.3494 -0.3438
vn -0.9070 -0.2867 -0.3086
vn -0.8949 -0.3547 -0.2710
vn -0.9083 -0.3271 -0.2607
vn -0.9204 -0.2115 -0.3288
vn -0.9241 -0.2261 -0.3081
vn -0.8462 -0.3750 -0.3785
vn -0.8832 -0.3834 -0.2702
vn -0.8669 -0.4119 -0.2808
vn -0.8558 -0.4474 -0.2596
vn -0.8023 -0.5163 -0.2996
vn -0.8992 -0.3823 -0.2126
vn -0.8686 -0.4487 -0.2101
vn -0.8158 -0.4534 -0.3590
vn -0.8355 -0.3356 -0.4350
vn -0.7142 -0.5379 -0.4478
vn -0.7118 -0.6059 -0.3553
vn -0.7310 -0.5628 -0.3860
vn -0.7569 -0.4483 -0.4756
vn -0.7754 -0.5561 -0.2991
vn -0.7330 -0.6423 -0.2239
vn -0.9198 -0.3091 -0.2418
vn -0.4862 -0.8326 -0.2655
vn -0.4822 -0.7969 -0.3640
vn -0.4874 -0.8316 -0.2662
vn -0.4670 -0.7513 -0.4662
vn -0.5573 -0.7036 -0.4408
vn -0.5641 -0.5992 -0.5681
vn -0.4406 -0.6251 -0.6443
vn -0.5901 -0.5199 -0.6176
vn -0.2014 -0.8344 -0.5131
vn -0.0921 -0.9314 -0.3522
vn -0.2858 -0.8347 -0.4707
vn -0.1321 -0.9352 -0.3285
vn -0.1167 -0.9728 -0.2003
vn -0.2760 -0.7604 -0.5878
vn -0.2283 -0.7599 -0.6086
vn -0.6406 -0.3521 -0.6824
vn -0.1304 -0.8248 -0.5502
vn -0.3246 -0.6722 -0.6654
vn -0.0266 -0.8108 -0.5847
vn -0.3559 -0.5952 -0.7204
vn -0.3079 -0.6137 -0.7270
vn -0.0152 -0.9163 -0.4003
vn -0.0205 -0.8421 -0.5390
vn 0.1276 -0.9123 -0.3891
vn -0.0182 -0.9532 -0.3019
vn 0.1149 -0.9119 -0.3940
vn 0.1292 -0.9373 -0.3237
vn 0.1233 -0.9355 -0.3311
vn 0.0891 -0.8994 -0.4280
vn 0.1186 -0.8687 -0.4810
vn 0.0601 -0.8969 -0.4382
vn 0.0780 -0.8359 -0.5433
vn -0.0833 -0.8222 -0.5631
vn -0.0713 -0.8952 -0.4400
vn 0.0450 -0.9355 -0.3505
vn -0.0519 -0.8988 -0.4353
vn 0.1606 -0.9750 -0.1533
vn -0.0861 -0.9746 -0.2069
vn -0.0698 -0.9531 -0.2945
vn 0.1921 -0.9520 -0.2383
vn 0.0864 -0.9745 -0.2070
vn 0.1244 -0.9714 -0.2023
vn 0.2267 -0.9713 -0.0715
vn 0.2412 -0.9679 -0.0707
vn -0.0636 -0.9976 -0.0263
vn -0.0132 -0.9579 -0.2869
vn -0.2284 -0.8753 -0.4261
vn 0.2899 -0.9570 -0.0111
vn 0.0897 -0.9953 -0.0368
vn 0.3054 -0.9484 0.0856
vn -0.0712 -0.9953 0.0661
vn -0.6498 -0.7529 -0.1039
vn -0.4944 -0.8567 -0.1469
vn -0.8099 -0.5544 -0.1916
vn -0.5839 -0.8092 -0.0649
vn -0.8301 -0.5478 -0.1037
vn 0.0258 -0.9903 0.1366
vn -0.6099 -0.7890 0.0748
vn -0.0735 -0.9840 0.1621
vn 0.3085 -0.9479 0.0798
vn 0.3481 -0.9240 0.1583
vn 0.3062 -0.9486 0.0799
vn 0.1660 -0.9856 -0.0324
vn -0.5809 -0.8093 0.0868
vn -0.8289 -0.5499 -0.1025
vn -0.9324 -0.3613 -0.0081
vn -0.9319 -0.3406 -0.1250
vn -0.9155 -0.3519 -0.1950
vn -0.9375 -0.2242 -0.2660
vn -0.7912 -0.5911 0.1570
vn -0.0879 -0.9599 0.2663
vn -0.9685 -0.2398 -0.0670
vn -0.9560 -0.2428 -0.1646
vn -0.9517 -0.2930 -0.0922
vn -0.9418 -0.2292 -0.2459
vn -0.9667 -0.1939 -0.1669
vn -0.9361 -0.2667 -0.2294
vn -0.9667 -0.1939 -0.1672
vn -0.9530 -0.2557 -0.1627
vn -0.9816 -0.1569 -0.1088
vn -0.9168 -0.3143 -0.2463
vn -0.9149 -0.3554 -0.1916
vn -0.9193 -0.3435 -0.1921
vn -0.9529 -0.2472 -0.1758
vn -0.9336 -0.3143 -0.1721
vn -0.9415 -0.3082 -0.1365
vn -0.9117 -0.3895 -0.1309
vn -0.9580 -0.2415 -0.1544
vn -0.9749 -0.1883 -0.1187
vn -0.9796 -0.1596 -0.1222
vn -0.9569 -0.2653 -0.1182
vn -0.9517 -0.2841 -0.1165
vn -0.9744 -0.2105 -0.0795
vn -0.9748 -0.2084 -0.0798
vn -0.9899 -0.1189 -0.0768
vn -0.9865 -0.1489 -0.0679
vn -0.9665 -0.2520 -0.0478
vn -0.9870 -0.1530 -0.0492
vn -0.9740 -0.2247 -0.0301
vn -0.9948 -0.0797 -0.0638
vn -0.9489 -0.3023 -0.0908
vn -0.9683 -0.2449 -0.0485
vn -0.9430 -0.3206 -0.0895
vn -0.9155 -0.3776 -0.1387
vn -0.9616 -0.2727 -0.0316
vn -0.9346 -0.3525 -0.0477
vn -0.9484 -0.3157 -0.0302
vn -0.9208 -0.3644 -0.1392
vn -0.9381 -0.3431 -0.0478
vn -0.9123 -0.3973 -0.0988
vn -0.8899 -0.4235 -0.1693
vn -0.8694 -0.4453 -0.2141
vn -0.8796 -0.4657 -0.0975
vn -0.8508 -0.4801 -0.2139
vn -0.8787 -0.4604 -0.1258
vn -0.8327 -0.5196 -0.1915
vn -0.8833 -0.4590 -0.0951
vn -0.8023 -0.5298 -0.2751
vn -0.8003 -0.5339 -0.2729
vn -0.7594 -0.5909 -0.2721
vn -0.8153 -0.5396 -0.2099
vn -0.7593 -0.6018 -0.2477
vn -0.8296 -0.5245 -0.1915
vn -0.7733 -0.5766 -0.2637
vn -0.8254 -0.5428 -0.1552
vn -0.7938 -0.5877 -0.1564
vn -0.7482 -0.6137 -0.2520
vn -0.7084 -0.6529 -0.2679
vn -0.7833 -0.6037 -0.1483
vn -0.7615 -0.6244 -0.1739
vn -0.8483 -0.5197 -0.1015
vn -0.7879 -0.6069 -0.1045
vn -0.6950 -0.6693 -0.2628
vn -0.6476 -0.7040 -0.2916
vn -0.7013 -0.6763 -0.2255
vn -0.7308 -0.6598 -0.1749
vn -0.6645 -0.7240 -0.1853
vn -0.7178 -0.6825 -0.1378
vn -0.6156 -0.7437 -0.2606
vn -0.6257 -0.7577 -0.1851
vn -0.7200 -0.6854 -0.1087
vn -0.7886 -0.6051 -0.1092
vn -0.7179 -0.6873 -0.1108
vn -0.7895 -0.6057 -0.0991
vn -0.7496 -0.6602 -0.0467
vn -0.8546 -0.5110 -0.0918
vn -0.8773 -0.4712 -0.0909
vn -0.8556 -0.5086 -0.0968
vn -0.8175 -0.5753 -0.0282
vn -0.8837 -0.4680 -0.0020
vn -0.8163 -0.5747 -0.0576
vn -0.8611 -0.5080 -0.0232
vn -0.9018 -0.4316 -0.0197
vn -0.8327 -0.5536 -0.0105
vn -0.8471 -0.5315 0.0021
vn -0.7805 -0.6252 -0.0075
vn -0.8057 -0.5916 0.0283
vn -0.8538 -0.5199 0.0265
vn -0.8698 -0.4916 0.0429
vn -0.9066 -0.4220 0.0004
vn -0.9221 -0.3865 -0.0169
vn -0.9166 -0.3994 -0.0173
vn -0.9050 -0.4184 0.0770
vn -0.9400 -0.3382 0.0461
vn -0.9069 -0.4141 0.0775
vn -0.9420 -0.3323 0.0467
vn -0.9504 -0.3084 0.0411
vn -0.9317 -0.3330 0.1449
vn -0.8969 -0.4348 0.0812
vn -0.8769 -0.4744 0.0777
vn -0.9242 -0.3523 0.1478
vn -0.9254 -0.3487 0.1482
vn -0.8855 -0.4358 0.1612
vn -0.9033 -0.3958 0.1655
vn -0.8525 -0.5104 0.1133
vn -0.8718 -0.4590 0.1711
vn -0.8857 -0.3982 0.2388
vn -0.8416 -0.4885 0.2305
vn -0.9080 -0.3530 0.2258
vn -0.8757 -0.4314 0.2169
vn -0.9081 -0.3506 0.2289
vn -0.8753 -0.4726 0.1021
vn -0.8819 -0.3634 0.3004
vn -0.8855 -0.3537 0.3012
vn -0.8550 -0.4702 0.2189
vn -0.8182 -0.5470 0.1768
vn -0.8405 -0.5326 0.0996
vn -0.8248 -0.5613 0.0690
vn -0.8036 -0.5913 0.0681
vn -0.8161 -0.5630 0.1308
vn -0.7896 -0.6077 0.0852
vn -0.8134 -0.5626 0.1475
vn -0.8179 -0.5475 0.1768
vn -0.7803 -0.6190 0.0892
vn -0.7721 -0.6178 0.1493
vn -0.7927 -0.5741 0.2052
vn -0.7537 -0.6318 0.1810
vn -0.8265 -0.4898 0.2774
vn -0.7813 -0.5722 0.2493
vn -0.7940 -0.5403 0.2787
vn -0.8265 -0.4909 0.2755
vn -0.8516 -0.4121 0.3239
vn -0.7612 -0.5603 0.3267
vn -0.7854 -0.4921 0.3755
vn -0.7595 -0.5298 0.3774
vn -0.8207 -0.4148 0.3928
vn -0.7910 -0.4705 0.3911
vn -0.7533 -0.6009 0.2672
vn -0.7055 -0.6250 0.3343
vn -0.7232 -0.6519 0.2279
vn -0.7350 -0.6576 0.1652
vn -0.7234 -0.6625 0.1943
vn -0.6790 -0.6733 0.2925
vn -0.7150 -0.6176 0.3276
vn -0.6730 -0.6788 0.2937
vn -0.6515 -0.7180 0.2449
vn -0.6172 -0.7082 0.3429
vn -0.7233 -0.6167 0.3107
vn -0.6310 -0.6671 0.3961
vn -0.6926 -0.5945 0.4085
vn -0.7350 -0.5476 0.3999
vn -0.6929 -0.5944 0.4082
vn -0.6604 -0.6183 0.4261
vn -0.6359 -0.6755 0.3732
vn -0.6656 -0.5569 0.4969
vn -0.6145 -0.6270 0.4788
vn -0.7276 -0.5068 0.4624
vn -0.6676 -0.5431 0.5092
vn -0.7265 -0.5084 0.4623
vn -0.7729 -0.4721 0.4239
vn -0.7381 -0.4410 0.5106
vn -0.7614 -0.4052 0.5060
vn -0.6791 -0.4833 0.5524
vn -0.6686 -0.5437 0.5073
vn -0.6033 -0.6316 0.4870
vn -0.5932 -0.6796 0.4316
vn -0.5851 -0.6593 0.4722
vn -0.6043 -0.5667 0.5600
vn -0.6130 -0.6414 0.4614
vn -0.6000 -0.5730 0.5582
vn -0.6039 -0.5448 0.5818
vn -0.6472 -0.4721 0.5985
vn -0.5580 -0.5967 0.5767
vn -0.5437 -0.6285 0.5563
vn -0.5440 -0.6299 0.5543
vn -0.5114 -0.6797 0.5258
vn -0.5351 -0.6901 0.4872
vn -0.5709 -0.5258 0.6306
vn -0.5250 -0.5709 0.6312
vn -0.5050 -0.7515 0.4244
vn -0.4781 -0.6898 0.5437
vn -0.4434 -0.7274 0.5237
vn -0.5024 -0.6336 0.5883
vn -0.4754 -0.6722 0.5676
vn -0.4985 -0.6069 0.6190
vn -0.5654 -0.5583 0.6072
vn -0.4398 -0.6618 0.6071
vn -0.4708 -0.6070 0.6402
vn -0.4665 -0.6118 0.6388
vn -0.4702 -0.5993 0.6479
vn -0.5073 -0.5288 0.6804
vn -0.3746 -0.6984 0.6098
vn -0.4341 -0.7314 0.5259
vn -0.3989 -0.6360 0.6605
vn -0.4271 -0.5817 0.6922
vn -0.3969 -0.6180 0.6786
vn -0.4265 -0.5749 0.6983
vn -0.5084 -0.5473 0.6648
vn -0.4657 -0.5268 0.7111
vn -0.5363 -0.4931 0.6850
vn -0.4637 -0.4985 0.7325
vn -0.4023 -0.5638 0.7213
vn -0.4008 -0.5439 0.7372
vn -0.3665 -0.5887 0.7205
vn -0.3694 -0.6159 0.6958
vn -0.3113 -0.5815 0.7516
vn -0.3000 -0.6612 0.6877
vn -0.2949 -0.6146 0.7316
vn -0.3127 -0.5979 0.7380
vn -0.3621 -0.5244 0.7706
vn -0.4632 -0.4999 0.7318
vn -0.5166 -0.4708 0.7152
vn -0.3624 -0.5284 0.7677
vn -0.4427 -0.4728 0.7619
vn -0.3887 -0.4746 0.7898
vn -0.2551 -0.5671 0.7832
vn -0.2737 -0.5125 0.8139
vn -0.2533 -0.5420 0.8013
vn -0.1711 -0.6124 0.7718
vn -0.1729 -0.6339 0.7539
vn -0.1815 -0.5514 0.8143
vn -0.2737 -0.5134 0.8133
vn -0.3968 -0.4881 0.7774
vn -0.3036 -0.4706 0.8284
vn -0.3925 -0.4037 0.8264
vn -0.3030 -0.4575 0.8360
vn -0.1998 -0.4929 0.8469
vn -0.1797 -0.5129 0.8395
vn -0.1447 -0.5861 0.7972
vn -0.1447 -0.5857 0.7975
vn -0.1256 -0.5174 0.8465
vn -0.0817 -0.6163 0.7833
vn -0.1036 -0.5561 0.8246
vn -0.1030 -0.5386 0.8362
vn -0.0552 -0.5789 0.8135
vn -0.0561 -0.6074 0.7924
vn -0.0459 -0.5165 0.8551
vn -0.0277 -0.5682 0.8224
vn -0.0271 -0.5333 0.8455
vn 0.0139 -0.5857 0.8104
vn -0.0455 -0.4821 0.8750
vn -0.0630 -0.4573 0.8871
vn -0.1249 -0.4820 0.8672
vn 0.0318 -0.4823 0.8754
vn 0.0462 -0.5329 0.8449
vn 0.0457 -0.4945 0.8680
vn 0.0566 -0.5459 0.8360
vn 0.0567 -0.5484 0.8343
vn 0.1389 -0.4474 0.8835
vn 0.1404 -0.5047 0.8518
vn 0.0313 -0.4050 0.9138
vn -0.0629 -0.4490 0.8913
vn -0.1624 -0.4623 0.8717
vn -0.1992 -0.4752 0.8570
vn -0.1617 -0.4192 0.8934
vn -0.0801 -0.4237 0.9023
vn -0.2324 -0.4419 0.8664
vn -0.3078 -0.4623 0.8316
vn -0.1780 -0.4023 0.8980
vn -0.2318 -0.4217 0.8766
vn -0.3053 -0.3959 0.8661
vn -0.2765 -0.3762 0.8843
vn -0.3631 -0.3871 0.8475
vn -0.3665 -0.4702 0.8029
vn -0.2765 -0.3767 0.8841
vn -0.1775 -0.3775 0.9088
vn -0.2202 -0.3324 0.9171
vn -0.1135 -0.3505 0.9297
vn -0.0797 -0.3851 0.9194
vn -0.3844 -0.3529 0.8530
vn -0.3508 -0.3005 0.8869
vn -0.1130 -0.3128 0.9431
vn -0.2196 -0.3068 0.9261
vn -0.0515 -0.3721 0.9268
vn -0.0510 -0.3187 0.9465
vn -0.1158 -0.3168 0.9414
vn -0.0000 -0.3726 0.9280
vn -0.0347 -0.3109 0.9498
vn -0.0000 -0.3284 0.9445
vn -0.0345 -0.2650 0.9636
vn -0.1152 -0.2629 0.9579
vn -0.2073 -0.3314 0.9204
vn 0.0322 -0.4037 0.9143
vn 0.0322 -0.4036 0.9144
vn 0.0943 -0.4310 0.8974
vn 0.0955 -0.5297 0.8428
vn 0.1748 -0.4532 0.8741
vn 0.1731 -0.3884 0.9051
vn -0.2755 -0.2947 0.9150
vn -0.2059 -0.2281 0.9516
vn -0.2746 -0.2544 0.9273
vn -0.3439 -0.3175 0.8837
vn -0.2061 -0.2285 0.9515
vn -0.0994 -0.2873 0.9527
vn -0.3046 -0.2383 0.9222
vn -0.3421 -0.2516 0.9054
vn -0.3520 -0.3305 0.8757
vn -0.3036 -0.1927 0.9331
vn -0.2062 -0.2366 0.9495
vn -0.0988 -0.1887 0.9770
vn -0.2962 -0.1866 0.9367
vn -0.2078 -0.2335 0.9499
vn -0.2072 -0.1261 0.9701
vn -0.2959 -0.1621 0.9414
vn -0.1339 -0.2392 0.9617
vn -0.1335 -0.1733 0.9758
vn -0.2103 -0.1318 0.9687
vn -0.0496 -0.1997 0.9786
vn -0.0493 -0.1344 0.9897
vn -0.3654 -0.1883 0.9116
vn -0.3667 -0.2254 0.9026
vn -0.3666 -0.1864 0.9115
vn -0.4051 -0.2400 0.8822
vn -0.4062 -0.2700 0.8730
vn -0.4149 -0.2286 0.8807
vn -0.4135 -0.1826 0.8920
vn -0.4586 -0.2237 0.8601
vn -0.4593 -0.2891 0.8399
vn -0.4860 -0.1904 0.8530
vn -0.4829 -0.0996 0.8700
vn -0.4693 -0.3028 0.8295
vn -0.5274 -0.2320 0.8173
vn -0.3652 -0.1331 0.9214
vn -0.3480 -0.1101 0.9310
vn -0.4692 -0.2913 0.8336
vn -0.5510 -0.2287 0.8026
vn -0.5471 -0.3197 0.7736
vn -0.4461 -0.3429 0.8267
vn -0.4316 -0.3560 0.8289
vn -0.4331 -0.3965 0.8094
vn -0.4969 -0.3583 0.7904
vn -0.5478 -0.3209 0.7726
vn -0.4488 -0.4070 0.7956
vn -0.4965 -0.3960 0.7724
vn -0.4501 -0.4611 0.7647
vn -0.5074 -0.4198 0.7525
vn -0.5138 -0.4087 0.7543
vn -0.5065 -0.4926 0.7077
vn -0.5566 -0.3859 0.7357
vn -0.5602 -0.3257 0.7616
vn -0.5621 -0.4181 0.7136
vn -0.5631 -0.3900 0.7286
vn -0.5950 -0.2975 0.7466
vn -0.6602 -0.3301 0.6747
vn -0.5896 -0.4434 0.6751
vn -0.6309 -0.3822 0.6752
vn -0.6033 -0.3462 0.7185
vn -0.5904 -0.4314 0.6821
vn -0.5650 -0.4821 0.6696
vn -0.5797 -0.5020 0.6418
vn -0.6429 -0.4554 0.6158
vn -0.6499 -0.4502 0.6124
vn -0.6482 -0.4418 0.6202
vn -0.6638 -0.3717 0.6490
vn -0.7359 -0.3829 0.5584
vn -0.6935 -0.3335 0.6386
vn -0.6677 -0.2866 0.6871
vn -0.6596 -0.1885 0.7276
vn -0.7337 -0.3114 0.6039
vn -0.7448 -0.3834 0.5461
vn -0.7840 -0.3277 0.5272
vn -0.7551 -0.4202 0.5033
vn -0.7968 -0.3939 0.4581
vn -0.8205 -0.4171 0.3909
vn -0.8136 -0.3069 0.4938
vn -0.8226 -0.3267 0.4654
vn -0.8490 -0.3495 0.3964
vn -0.8880 -0.3433 0.3060
vn -0.8457 -0.3233 0.4245
vn -0.8506 -0.3278 0.4110
vn -0.8208 -0.2809 0.4974
vn -0.8645 -0.2583 0.4311
vn -0.8508 -0.2270 0.4739
vn -0.7902 -0.2366 0.5654
vn -0.7552 -0.2598 0.6017
vn -0.8945 -0.2714 0.3553
vn -0.8878 -0.3438 0.3060
vn -0.8980 -0.2579 0.3565
vn -0.8986 -0.2519 0.3594
vn -0.9234 -0.2878 0.2539
vn -0.9236 -0.3035 0.2343
vn -0.9326 -0.2507 0.2596
vn -0.9324 -0.2536 0.2576
vn -0.9088 -0.2045 0.3637
vn -0.9439 -0.1964 0.2653
vn -0.9391 -0.2993 0.1687
vn -0.9529 -0.2471 0.1757
vn -0.9309 -0.3356 0.1445
vn -0.9599 -0.2655 0.0897
vn -0.9501 -0.3093 0.0410
vn -0.9637 -0.2659 0.0244
vn -0.9622 -0.2566 0.0910
vn -0.9672 -0.1984 0.1585
vn -0.9700 -0.2415 0.0275
vn -0.9755 -0.2115 0.0602
vn -0.9758 -0.2185 0.0093
vn -0.9823 -0.1753 0.0666
vn -0.9863 -0.1634 0.0212
vn -0.9617 -0.2262 0.1547
vn -0.9865 -0.1343 0.0932
vn -0.9658 -0.1850 0.1817
vn -0.9450 -0.1931 0.2639
vn -0.9863 -0.1367 0.0928
vn -0.9948 -0.1014 -0.0030
vn -0.9949 -0.1011 -0.0015
vn -0.9875 -0.1221 0.1000
vn -0.9729 -0.1354 0.1876
vn -0.9509 -0.1556 0.2677
vn -0.9724 -0.0933 0.2140
vn -0.9901 -0.0932 0.1047
vn -0.9964 -0.0722 0.0455
vn -0.9908 -0.0706 0.1155
vn -0.9728 -0.0866 0.2147
vn -0.9982 -0.0094 0.0595
vn -0.9922 -0.0310 0.1209
vn -0.9961 -0.0016 0.0884
vn -0.9866 0.0047 0.1631
vn -0.9728 -0.0826 0.2164
vn -0.9738 -0.0651 0.2178
vn -0.9519 -0.0905 0.2928
vn -0.9545 -0.0332 0.2962
vn -0.9702 -0.0278 0.2408
vn -0.9348 -0.1311 0.3300
vn -0.9373 -0.1062 0.3319
vn -0.9485 -0.0175 0.3163
vn -0.9262 -0.0725 0.3699
vn -0.9698 0.0208 0.2428
vn -0.9482 0.0141 0.3174
vn -0.9243 -0.1483 0.3517
vn -0.9064 -0.2480 0.3421
vn -0.8782 -0.1738 0.4456
vn -0.8806 -0.1571 0.4470
vn -0.8493 -0.2341 0.4731
vn -0.8177 -0.1855 0.5450
vn -0.9714 0.0388 0.2343
vn -0.8795 -0.1438 0.4536
vn -0.9247 -0.0711 0.3741
vn -0.9040 -0.0754 0.4209
vn -0.8609 -0.1321 0.4914
vn -0.8172 -0.1889 0.5446
vn -0.9254 0.0084 0.3788
vn -0.9468 0.0487 0.3183
vn -0.9553 0.0818 0.2842
vn -0.9169 0.0230 0.3985
vn -0.9395 0.0630 0.3368
vn -0.9148 0.0579 0.3998
vn -0.9355 0.1064 0.3370
vn -0.9527 0.1093 0.2836
vn -0.9037 0.0875 0.4192
vn -0.9195 0.1327 0.3699
vn -0.8985 -0.0165 0.4387
vn -0.8982 -0.0534 0.4364
vn -0.8688 -0.0589 0.4917
vn -0.8634 -0.1418 0.4842
vn -0.8529 -0.0384 0.5207
vn -0.8185 -0.0829 0.5685
vn -0.8114 -0.1699 0.5593
vn -0.8273 -0.1238 0.5480
vn -0.8288 -0.1010 0.5504
vn -0.7745 -0.1767 0.6074
vn -0.7780 -0.1327 0.6141
vn -0.8727 0.0186 0.4880
vn -0.8527 -0.0154 0.5223
vn -0.7852 -0.0552 0.6168
vn -0.7822 -0.1423 0.6066
vn -0.8271 -0.0035 0.5620
vn -0.7550 -0.2127 0.6203
vn -0.7514 -0.2399 0.6147
vn -0.6792 -0.2561 0.6879
vn -0.7251 -0.1870 0.6628
vn -0.6781 -0.2670 0.6848
vn -0.7248 -0.1903 0.6621
vn -0.7471 -0.1488 0.6478
vn -0.6592 -0.2363 0.7139
vn -0.6987 -0.1705 0.6948
vn -0.6223 -0.2432 0.7440
vn -0.7878 -0.0637 0.6126
vn -0.7492 -0.0829 0.6572
vn -0.7941 -0.0490 0.6059
vn -0.6103 -0.2167 0.7619
vn -0.5564 -0.2247 0.8000
vn -0.6990 -0.1644 0.6960
vn -0.6305 -0.1747 0.7563
vn -0.7605 -0.0850 0.6438
vn -0.7226 -0.1026 0.6836
vn -0.7916 0.0188 0.6108
vn -0.7585 0.0149 0.6515
vn -0.8122 0.0471 0.5815
vn -0.8241 0.0420 0.5648
vn -0.6309 -0.1651 0.7581
vn -0.8438 0.0746 0.5314
vn -0.8759 0.0399 0.4809
vn -0.8977 0.0864 0.4320
vn -0.8237 -0.4532 -0.3409
vn -0.6701 -0.1022 0.7352
vn -0.7063 -0.0518 0.7060
vn -0.6699 -0.1161 0.7333
vn -0.7062 -0.0411 0.7069
vn -0.6251 -0.0864 0.7757
vn -0.6251 -0.0478 0.7791
vn -0.5753 -0.1321 0.8072
vn -0.5584 -0.1552 0.8149
vn -0.4659 -0.1641 0.8695
vn -0.5755 -0.1106 0.8103
vn -0.5639 -0.1338 0.8149
vn -0.4660 -0.1718 0.8680
vn -0.4894 -0.1180 0.8640
vn -0.4219 -0.1296 0.8973
vn -0.5645 -0.0708 0.8224
vn -0.6144 -0.0332 0.7883
vn -0.4893 -0.0922 0.8673
vn -0.5415 -0.0579 0.8387
vn -0.4212 -0.0900 0.9025
vn -0.4696 -0.0613 0.8808
vn -0.5395 0.0260 0.8416
vn -0.4696 -0.0590 0.8809
vn -0.6144 -0.0411 0.7879
vn -0.3931 -0.0774 0.9162
vn -0.5293 0.0105 0.8484
vn -0.5342 0.0118 0.8453
vn -0.3481 -0.1239 0.9292
vn -0.3930 -0.0496 0.9182
vn -0.4367 -0.0256 0.8992
vn -0.3001 -0.0588 0.9521
vn -0.3667 -0.0246 0.9300
vn -0.2998 -0.0892 0.9498
vn -0.4357 0.0512 0.8986
vn -0.3668 -0.0188 0.9301
vn -0.2103 -0.1475 0.9665
vn -0.2008 -0.1340 0.9704
vn -0.2893 -0.0743 0.9543
vn -0.2012 -0.0689 0.9771
vn -0.2359 -0.0510 0.9704
vn -0.1188 -0.0326 0.9924
vn -0.1190 -0.0969 0.9881
vn -0.2366 -0.0088 0.9716
vn -0.2912 -0.0114 0.9566
vn -0.2518 0.0058 0.9678
vn -0.3357 0.0109 0.9419
vn -0.0975 -0.1185 0.9882
vn -0.0975 -0.2274 0.9689
vn -0.1373 -0.0675 0.9882
vn -0.1376 -0.0120 0.9904
vn -0.3367 0.0343 0.9410
vn -0.2537 0.0720 0.9646
vn -0.0333 -0.1194 0.9923
vn -0.0332 -0.0694 0.9970
vn -0.0000 -0.1332 0.9911
vn -0.0000 -0.1518 0.9884
vn 0.0338 -0.1662 0.9855
vn 0.0340 -0.2155 0.9759
vn -0.0000 -0.2496 0.9684
vn -0.0000 -0.2307 0.9730
vn 0.0990 -0.2142 0.9718
vn 0.0986 -0.1651 0.9813
vn 0.0204 -0.2510 0.9678
vn 0.0204 -0.3182 0.9478
vn 0.0646 -0.3176 0.9460
vn 0.0650 -0.3710 0.9264
vn 0.0823 -0.2808 0.9562
vn 0.0824 -0.2992 0.9506
vn 0.1309 -0.3684 0.9204
vn 0.1303 -0.3209 0.9381
vn 0.1607 -0.3952 0.9044
vn 0.1609 -0.4133 0.8963
vn 0.1154 -0.2464 0.9623
vn 0.1153 -0.2297 0.9664
vn 0.1791 -0.2939 0.9389
vn 0.1788 -0.2748 0.9447
vn 0.2087 -0.3455 0.9149
vn 0.2082 -0.3198 0.9243
vn 0.1938 -0.2591 0.9462
vn 0.1795 -0.1951 0.9642
vn 0.1933 -0.2078 0.9589
vn 0.2601 -0.2543 0.9315
vn 0.2609 -0.2906 0.9206
vn 0.2641 -0.2482 0.9320
vn 0.2634 -0.2033 0.9430
vn 0.2635 -0.3653 0.8928
vn 0.2642 -0.3889 0.8826
vn 0.2481 -0.4054 0.8798
vn 0.3273 -0.2993 0.8963
vn 0.3320 -0.4081 0.8504
vn 0.3034 -0.3238 0.8961
vn 0.3040 -0.3466 0.8874
vn 0.3432 -0.2832 0.8956
vn 0.3417 -0.2416 0.9082
vn 0.3937 -0.3345 0.8562
vn 0.4069 -0.3048 0.8611
vn 0.3352 -0.4115 0.8476
vn 0.2497 -0.4503 0.8573
vn 0.3048 -0.4425 0.8434
vn 0.2286 -0.4710 0.8520
vn 0.3644 -0.4126 0.8349
vn 0.3950 -0.3632 0.8438
vn 0.3075 -0.4985 0.8105
vn 0.2292 -0.4881 0.8422
vn 0.3023 -0.5058 0.8080
vn 0.1809 -0.5351 0.8252
vn 0.3849 -0.4410 0.8108
vn 0.3854 -0.4512 0.8049
vn 0.4422 -0.3764 0.8141
vn 0.4428 -0.4030 0.8009
vn 0.1825 -0.5778 0.7956
vn 0.3026 -0.5101 0.8052
vn 0.2999 -0.5140 0.8037
vn 0.2047 -0.5245 0.8264
vn 0.0980 -0.5800 0.8087
vn 0.3046 -0.5784 0.7567
vn 0.2087 -0.5845 0.7841
vn 0.3124 -0.5671 0.7621
vn 0.0993 -0.6061 0.7892
vn 0.2024 -0.5965 0.7767
vn 0.0819 -0.6292 0.7729
vn 0.0141 -0.6045 0.7965
vn -0.0126 -0.6260 0.7797
vn 0.0819 -0.6286 0.7734
vn 0.2040 -0.6138 0.7627
vn 0.1411 -0.6466 0.7496
vn 0.2342 -0.6403 0.7316
vn 0.3148 -0.5935 0.7407
vn -0.0131 -0.6712 0.7412
vn 0.0783 -0.6334 0.7698
vn 0.0217 -0.6165 0.7870
vn 0.1447 -0.6785 0.7202
vn 0.0828 -0.6841 0.7247
vn 0.1439 -0.6793 0.7196
vn 0.0242 -0.6884 0.7250
vn 0.0802 -0.6864 0.7228
vn -0.0228 -0.6509 0.7588
vn -0.0838 -0.6488 0.7564
vn 0.0262 -0.6868 0.7264
vn -0.0241 -0.6868 0.7264
vn 0.0841 -0.7199 0.6890
vn 0.0278 -0.7221 0.6912
vn -0.0794 -0.6458 0.7594
vn -0.1707 -0.6381 0.7508
vn -0.0401 -0.6982 0.7148
vn -0.0825 -0.6799 0.7287
vn -0.0409 -0.7098 0.7032
vn 0.0157 -0.7316 0.6816
vn -0.1288 -0.6933 0.7091
vn -0.1724 -0.6516 0.7387
vn -0.1302 -0.7029 0.6993
vn -0.0887 -0.7406 0.6660
vn -0.2182 -0.6766 0.7033
vn -0.3155 -0.6195 0.7188
vn -0.1898 -0.7168 0.6709
vn -0.2198 -0.6865 0.6931
vn -0.3206 -0.6536 0.6856
vn -0.2810 -0.6961 0.6606
vn -0.3418 -0.6625 0.6666
vn -0.3921 -0.6475 0.6535
vn -0.3982 -0.6960 0.5976
vn -0.3498 -0.7174 0.6024
vn -0.2860 -0.7231 0.6287
vn -0.3508 -0.7176 0.6016
vn -0.1921 -0.7275 0.6586
vn -0.2609 -0.7386 0.6217
vn -0.3417 -0.7400 0.5793
vn -0.1663 -0.7535 0.6360
vn -0.0877 -0.7339 0.6736
vn -0.1724 -0.7792 0.6026
vn -0.0722 -0.7552 0.6514
vn -0.0769 -0.7884 0.6103
vn -0.2493 -0.7580 0.6028
vn -0.1626 -0.7720 0.6144
vn -0.2612 -0.7916 0.5524
vn -0.2580 -0.7913 0.5543
vn -0.3473 -0.7653 0.5420
vn -0.2855 -0.8054 0.5195
vn -0.3736 -0.7723 0.5138
vn -0.4046 -0.7609 0.5073
vn -0.2764 -0.8681 0.4123
vn -0.4132 -0.8022 0.4309
vn -0.4155 -0.8019 0.4293
vn -0.5003 -0.7319 0.4626
vn -0.5143 -0.7419 0.4302
vn -0.4562 -0.8134 0.3610
vn -0.5381 -0.7390 0.4053
vn -0.5489 -0.7430 0.3829
vn -0.5975 -0.7252 0.3422
vn -0.4522 -0.7964 0.4016
vn -0.5005 -0.8054 0.3175
vn -0.5742 -0.7724 0.2716
vn -0.6338 -0.7352 0.2404
vn -0.6044 -0.7452 0.2817
vn -0.6426 -0.7454 0.1776
vn -0.5481 -0.8143 0.1911
vn -0.4967 -0.7920 0.3550
vn -0.5438 -0.7864 0.2931
vn -0.4071 -0.8441 0.3489
vn -0.4758 -0.8230 0.3101
vn -0.4092 -0.8543 0.3206
vn -0.5180 -0.8160 0.2566
vn -0.4776 -0.8300 0.2882
vn -0.4386 -0.8661 0.2396
vn -0.3961 -0.8694 0.2953
vn -0.5188 -0.8184 0.2472
vn -0.3520 -0.8519 0.3878
vn -0.5365 -0.8140 0.2229
vn -0.6052 -0.7673 0.2121
vn -0.4689 -0.8555 0.2196
vn -0.4375 -0.8603 0.2615
vn -0.4944 -0.8535 0.1644
vn -0.5696 -0.8071 0.1552
vn -0.4709 -0.8653 0.1720
vn -0.4884 -0.8574 0.1623
vn -0.3940 -0.8950 0.2090
vn -0.4253 -0.8895 0.1671
vn -0.4893 -0.8602 0.1434
vn -0.5913 -0.7969 0.1238
vn -0.5651 -0.8207 0.0841
vn -0.4645 -0.8806 0.0938
vn -0.4102 -0.8989 0.1539
vn -0.4105 -0.9066 0.0983
vn -0.4826 -0.8740 0.0572
vn -0.5662 -0.8227 0.0498
vn -0.3631 -0.9289 0.0725
vn -0.4858 -0.8718 0.0633
vn -0.4046 -0.9143 0.0173
vn -0.4850 -0.8744 -0.0102
vn -0.3556 -0.9239 0.1416
vn -0.4041 -0.9147 0.0050
vn -0.4472 -0.8928 -0.0546
vn -0.3818 -0.9215 0.0712
vn -0.3392 -0.9320 0.1276
vn -0.3549 -0.9106 0.2116
vn -0.3564 -0.9098 0.2129
vn -0.3534 -0.8903 0.2871
vn -0.3536 -0.8901 0.2875
vn -0.3270 -0.8839 0.3345
vn -0.3267 -0.8825 0.3382
vn -0.2696 -0.9322 0.2415
vn -0.2437 -0.9258 0.2889
vn -0.2908 -0.9363 0.1971
vn -0.2698 -0.9333 0.2368
vn -0.2737 -0.9495 0.1532
vn -0.3159 -0.9406 0.1244
vn -0.2357 -0.9618 0.1391
vn -0.2829 -0.9568 0.0669
vn -0.2362 -0.9668 0.0979
vn -0.2149 -0.9659 0.1446
vn -0.1916 -0.9631 0.1892
vn -0.2235 -0.9264 0.3030
vn -0.2221 -0.9213 0.3192
vn -0.2676 -0.8858 0.3791
vn -0.1657 -0.9494 0.2667
vn -0.1674 -0.9072 0.3860
vn -0.1231 -0.9386 0.3222
vn -0.2642 -0.8732 0.4094
vn -0.3510 -0.8476 0.3979
vn -0.3700 -0.8112 0.4529
vn -0.2707 -0.8760 0.3992
vn -0.1649 -0.8973 0.4095
vn -0.3054 -0.8220 0.4807
vn -0.2664 -0.8605 0.4342
vn -0.2875 -0.8129 0.5065
vn -0.2098 -0.8571 0.4706
vn -0.2095 -0.8574 0.4700
vn -0.1505 -0.8862 0.4383
vn -0.1977 -0.8181 0.5400
vn -0.2009 -0.8128 0.5468
vn -0.1697 -0.7992 0.5766
vn -0.1479 -0.8442 0.5152
vn -0.1082 -0.8298 0.5474
vn -0.1095 -0.8363 0.5373
vn -0.1591 -0.8848 0.4380
vn -0.1625 -0.8868 0.4326
vn -0.0730 -0.8675 0.4920
vn -0.0769 -0.9093 0.4090
vn -0.0962 -0.8234 0.5593
vn -0.0875 -0.7737 0.6275
vn -0.0522 -0.8722 0.4864
vn -0.0377 -0.8886 0.4571
vn -0.0281 -0.8267 0.5619
vn -0.0304 -0.8590 0.5111
vn -0.0287 -0.7990 0.6006
vn -0.0308 -0.8285 0.5591
vn 0.0301 -0.7774 0.6282
vn 0.0289 -0.7569 0.6529
vn 0.0168 -0.7761 0.6304
vn 0.0610 -0.8071 0.5872
vn 0.0449 -0.8281 0.5588
vn 0.0611 -0.8074 0.5868
vn 0.1134 -0.7343 0.6693
vn 0.1225 -0.7790 0.6150
vn 0.1155 -0.7311 0.6724
vn 0.1169 -0.7394 0.6631
vn 0.1486 -0.7099 0.6885
vn 0.1967 -0.7494 0.6322
vn 0.2040 -0.7028 0.6816
vn 0.2109 -0.7350 0.6445
vn 0.1515 -0.7856 0.5999
vn 0.1993 -0.7599 0.6187
vn 0.1567 -0.8062 0.5705
vn 0.1357 -0.8264 0.5464
vn 0.2070 -0.7634 0.6118
vn 0.2164 -0.7971 0.5637
vn 0.2933 -0.7458 0.5981
vn 0.2375 -0.8054 0.5430
vn 0.2904 -0.7195 0.6309
vn 0.2957 -0.7443 0.5989
vn 0.2193 -0.6870 0.6928
vn 0.2164 -0.6694 0.7106
vn 0.2344 -0.6420 0.7300
vn 0.2804 -0.6967 0.6602
vn 0.2863 -0.7285 0.6224
vn 0.3101 -0.6653 0.6791
vn 0.3084 -0.6536 0.6912
vn 0.3739 -0.6704 0.6409
vn 0.3471 -0.6119 0.7107
vn 0.3467 -0.6085 0.7138
vn 0.3741 -0.6703 0.6409
vn 0.3920 -0.6312 0.6693
vn 0.2664 -0.7415 0.6158
vn 0.3739 -0.5787 0.7248
vn 0.3703 -0.5374 0.7577
vn 0.4187 -0.5657 0.7104
vn 0.4224 -0.6086 0.6718
vn 0.3822 -0.5184 0.7650
vn 0.3825 -0.5235 0.7613
vn 0.4287 -0.5488 0.7176
vn 0.4281 -0.5413 0.7237
vn 0.4122 -0.4609 0.7859
vn 0.4692 -0.4924 0.7331
vn 0.4137 -0.4886 0.7682
vn 0.4657 -0.6015 0.6491
vn 0.4859 -0.5529 0.6769
vn 0.4810 -0.4115 0.7742
vn 0.4810 -0.4283 0.7649
vn 0.5069 -0.4804 0.7158
vn 0.5074 -0.4421 0.7396
vn 0.5031 -0.5340 0.6795
vn 0.5005 -0.4765 0.7228
vn 0.5721 -0.3894 0.7218
vn 0.5282 -0.3478 0.7746
vn 0.5669 -0.4539 0.6875
vn 0.5588 -0.5245 0.6423
vn 0.5725 -0.3894 0.7215
vn 0.5688 -0.4512 0.6877
vn 0.5654 -0.5106 0.6478
vn 0.5567 -0.5259 0.6431
vn 0.6135 -0.4222 0.6674
vn 0.5061 -0.6059 0.6138
vn 0.4692 -0.6063 0.6421
vn 0.5747 -0.5523 0.6039
vn 0.5564 -0.5954 0.5796
vn 0.5216 -0.6219 0.5840
vn 0.6127 -0.5428 0.5744
vn 0.6193 -0.6129 0.4907
vn 0.6157 -0.4750 0.6288
vn 0.6407 -0.5112 0.5729
vn 0.6441 -0.5024 0.5768
vn 0.6285 -0.4496 0.6347
vn 0.6316 -0.4220 0.6504
vn 0.6791 -0.4312 0.5940
vn 0.6688 -0.4774 0.5700
vn 0.6818 -0.3723 0.6298
vn 0.7065 -0.3897 0.5908
vn 0.6825 -0.3685 0.6312
vn 0.6215 -0.3356 0.7079
vn 0.6282 -0.3515 0.6941
vn 0.6195 -0.3474 0.7039
vn 0.7002 -0.2818 0.6560
vn 0.7292 -0.2741 0.6270
vn 0.6239 -0.2978 0.7225
vn 0.6662 -0.2589 0.6994
vn 0.8974 -0.4413 -0.0000
vn 0.6964 -0.3071 0.6486
vn 0.6713 -0.2477 0.6985
vn 0.5667 -0.2296 0.7913
vn 0.6740 -0.2126 0.7075
vn 0.5772 -0.3119 0.7547
vn 0.5272 -0.3770 0.7616
vn 0.4880 -0.3221 0.8112
vn 0.7130 -0.2059 0.6702
vn 0.7354 -0.2235 0.6397
vn 0.4880 -0.3069 0.8171
vn 0.4278 -0.2859 0.8575
vn 0.5795 -0.2658 0.7704
vn 0.3747 -0.4039 0.8345
vn 0.5883 -0.2435 0.7711
vn 0.6004 -0.2363 0.7640
vn 0.5274 -0.2320 0.8173
vn 0.5562 -0.2279 0.7991
vn 0.4269 -0.2472 0.8699
vn 0.4974 -0.2017 0.8438
vn 0.5583 -0.1654 0.8130
vn 0.4961 -0.1333 0.8579
vn 0.6340 -0.1672 0.7551
vn 0.4180 -0.2312 0.8785
vn 0.3435 -0.2387 0.9083
vn 0.6026 -0.1243 0.7883
vn 0.6098 -0.1261 0.7825
vn 0.7151 -0.1235 0.6880
vn 0.6768 -0.0615 0.7336
vn 0.6678 -0.1165 0.7351
vn 0.6999 -0.1684 0.6941
vn 0.7468 -0.1598 0.6456
vn 0.7495 -0.0702 0.6582
vn 0.7172 -0.1201 0.6865
vn 0.7685 -0.1373 0.6250
vn 0.7638 -0.1925 0.6160
vn 0.8111 -0.0852 0.5786
vn 0.7630 -0.0411 0.6451
vn 0.7849 -0.0302 0.6188
vn 0.7581 -0.0277 0.6516
vn 0.6764 -0.0358 0.7357
vn 0.7541 0.0512 0.6547
vn 0.6072 -0.1227 0.7850
vn 0.6971 -0.0853 0.7118
vn 0.6078 -0.0293 0.7935
vn 0.6113 -0.0266 0.7910
vn 0.6962 0.0141 0.7177
vn 0.7575 0.0470 0.6511
vn 0.6221 -0.0021 0.7829
vn 0.6578 0.0271 0.7527
vn 0.5613 -0.0480 0.8262
vn 0.5424 -0.0853 0.8358
vn 0.5310 -0.0123 0.8473
vn 0.5295 0.0549 0.8465
vn 0.5364 -0.0895 0.8392
vn 0.5040 -0.1499 0.8506
vn 0.4704 -0.0559 0.8807
vn 0.4703 -0.0505 0.8811
vn 0.4439 -0.1388 0.8853
vn 0.4435 -0.1018 0.8905
vn 0.4158 -0.1634 0.8947
vn 0.3834 -0.1578 0.9100
vn 0.2878 -0.0320 0.9572
vn 0.3426 -0.2009 0.9178
vn 0.3098 -0.1884 0.9320
vn 0.2535 -0.2179 0.9425
vn 0.3093 -0.1490 0.9392
vn 0.2530 -0.1524 0.9554
vn 0.3638 -0.0938 0.9267
vn 0.1960 -0.1025 0.9752
vn 0.3599 -0.0959 0.9280
vn 0.2138 -0.1100 0.9707
vn 0.1793 -0.1631 0.9702
vn 0.0976 -0.1661 0.9813
vn 0.0969 -0.0440 0.9943
vn 0.2429 -0.1800 0.9532
vn 0.1355 -0.1172 0.9838
vn 0.0334 -0.1193 0.9923
vn 0.2450 -0.0712 0.9669
vn 0.0334 -0.0695 0.9970
vn 0.1355 -0.0975 0.9860
vn 0.1881 -0.0460 0.9811
vn 0.1045 -0.0685 0.9922
vn -0.0000 -0.0381 0.9993
vn 0.1883 -0.0265 0.9817
vn 0.2645 -0.0523 0.9630
vn 0.2657 0.0126 0.9640
vn 0.3185 -0.0500 0.9466
vn 0.3600 -0.0884 0.9287
vn 0.3196 -0.0010 0.9475
vn 0.2812 0.0346 0.9590
vn 0.3928 -0.0240 0.9193
vn 0.3763 0.0008 0.9265
vn 0.4042 -0.0208 0.9144
vn 0.4721 -0.0533 0.8799
vn 0.4711 0.0505 0.8806
vn 0.4603 0.0266 0.8873
vn 0.3782 0.0668 0.9233
vn 0.4753 0.0392 0.8789
vn 0.5439 0.0217 0.8389
vn 0.3969 0.0277 0.9174
vn 0.4761 0.1203 0.8711
vn 0.3993 0.0809 0.9132
vn 0.5933 0.1225 0.7956
vn 0.4765 0.1214 0.8708
vn 0.3108 0.0677 0.9480
vn 0.2805 0.0145 0.9597
vn 0.3691 0.1119 0.9226
vn 0.3103 0.0584 0.9488
vn 0.4923 0.0722 0.8674
vn 0.4217 0.1502 0.8942
vn 0.3699 0.1252 0.9206
vn 0.4237 0.1874 0.8862
vn 0.4943 0.2883 0.8201
vn 0.3387 0.1755 0.9244
vn 0.2883 0.0926 0.9531
vn 0.2915 0.1342 0.9471
vn 0.1947 0.0907 0.9767
vn 0.1935 0.0540 0.9796
vn 0.1584 0.0214 0.9871
vn 0.1581 0.0016 0.9874
vn 0.1046 -0.0248 0.9942
vn 0.0522 -0.0013 0.9986
vn -0.0000 -0.0503 0.9987
vn 0.1077 0.0441 0.9932
vn 0.0522 0.0182 0.9985
vn 0.1944 0.0912 0.9767
vn 0.1081 0.0900 0.9901
vn 0.1967 0.1363 0.9709
vn 0.2286 0.1638 0.9596
vn 0.0533 0.1384 0.9889
vn 0.1097 0.1752 0.9784
vn 0.0531 0.1021 0.9934
vn 0.0184 0.0487 0.9986
vn 0.0185 0.0923 0.9956
vn -0.0339 0.0250 0.9991
vn -0.0339 -0.0185 0.9993
vn -0.0713 0.0929 0.9931
vn -0.1058 -0.0178 0.9942
vn -0.1734 -0.0803 0.9816
vn -0.0905 0.0511 0.9946
vn -0.0907 0.0757 0.9930
vn -0.1061 0.0370 0.9937
vn -0.1762 0.0377 0.9836
vn -0.1754 0.0384 0.9837
vn -0.2695 0.0403 0.9622
vn -0.1441 0.1001 0.9845
vn -0.1769 0.0854 0.9805
vn -0.1453 0.1394 0.9795
vn -0.0720 0.1714 0.9826
vn -0.2432 0.1163 0.9630
vn -0.2714 0.0739 0.9596
vn -0.2438 0.1244 0.9618
vn -0.2138 0.1697 0.9620
vn -0.3373 0.1052 0.9355
vn -0.0712 0.1725 0.9824
vn -0.3158 0.1573 0.9357
vn -0.3395 0.1329 0.9312
vn -0.3702 0.0719 0.9262
vn -0.3699 0.0655 0.9268
vn 0.0151 0.1352 0.9907
vn -0.4365 -0.0022 0.8997
vn -0.4263 0.0265 0.9042
vn -0.5135 0.0293 0.8576
vn -0.4396 0.0817 0.8945
vn -0.4113 0.1111 0.9047
vn -0.5140 0.0819 0.8539
vn -0.4899 0.1089 0.8650
vn -0.4130 0.1517 0.8980
vn -0.3974 0.1599 0.9036
vn -0.4902 0.1299 0.8619
vn -0.4524 0.1712 0.8752
vn -0.5835 0.1259 0.8023
vn -0.5598 0.1700 0.8110
vn -0.3709 0.2047 0.9058
vn -0.3182 0.1811 0.9306
vn -0.4351 0.1391 0.8896
vn -0.5133 0.2201 0.8295
vn -0.5598 0.1650 0.8120
vn -0.4418 0.2294 0.8673
vn -0.3766 0.2639 0.8880
vn -0.5132 0.2079 0.8327
vn -0.4790 0.2469 0.8424
vn -0.5983 0.2162 0.7716
vn -0.5630 0.2644 0.7830
vn -0.5982 0.2195 0.7707
vn -0.4798 0.2657 0.8362
vn -0.5631 0.2595 0.7846
vn -0.5213 0.2859 0.8041
vn -0.4479 0.3017 0.8417
vn -0.3826 0.2448 0.8909
vn -0.5221 0.3373 0.7834
vn -0.5956 0.3214 0.7362
vn -0.5965 0.2879 0.7492
vn -0.5238 0.3342 0.7835
vn -0.4505 0.3394 0.8258
vn -0.6074 0.3174 0.7283
vn -0.5557 0.3826 0.7382
vn -0.5591 0.3828 0.7354
vn -0.6427 0.3397 0.6867
vn -0.5958 0.4099 0.6906
vn -0.6486 0.2489 0.7193
vn -0.6483 0.2547 0.7175
vn -0.6678 0.3371 0.6637
vn -0.6934 0.2846 0.6620
vn -0.5816 0.3723 0.7232
vn -0.6475 0.4067 0.6444
vn -0.5852 0.4407 0.6807
vn -0.6398 0.4270 0.6390
vn -0.6772 0.3481 0.6482
vn -0.6764 0.3786 0.6318
vn -0.7355 0.3192 0.5976
vn -0.7457 0.2392 0.6218
vn -0.7095 0.3997 0.5804
vn -0.6792 0.2104 0.7032
vn -0.6582 0.1738 0.7325
vn -0.7428 0.3225 0.5867
vn -0.7368 0.3716 0.5648
vn -0.7913 0.2984 0.5337
vn -0.7100 0.4182 0.5666
vn -0.7776 0.3650 0.5119
vn -0.7633 0.4165 0.4939
vn -0.7828 0.3600 0.5075
vn -0.8023 0.3042 0.5136
vn -0.8183 0.3863 0.4256
vn -0.7350 0.2562 0.6278
vn -0.7835 0.2581 0.5652
vn -0.7347 0.2585 0.6272
vn -0.7129 0.2101 0.6690
vn -0.8147 0.2983 0.4972
vn -0.8354 0.3428 0.4296
vn -0.8052 0.2264 0.5480
vn -0.7806 0.1892 0.5956
vn -0.8005 0.2033 0.5638
vn -0.7376 0.1726 0.6528
vn -0.7750 0.1560 0.6124
vn -0.8326 0.2716 0.4828
vn -0.8364 0.2309 0.4971
vn -0.8587 0.2835 0.4268
vn -0.8498 0.3291 0.4117
vn -0.8438 0.2181 0.4904
vn -0.8346 0.1732 0.5230
vn -0.8778 0.2602 0.4022
vn -0.8645 0.2245 0.4497
vn -0.8655 0.3443 0.3638
vn -0.8817 0.2623 0.3921
vn -0.8799 0.3178 0.3531
vn -0.8804 0.2634 0.3943
vn -0.9337 0.3119 0.1756
vn -0.8743 0.1916 0.4461
vn -0.8348 0.1646 0.5253
vn -0.8609 0.1534 0.4851
vn -0.8207 0.1384 0.5544
vn -0.7741 0.1585 0.6130
vn -0.8197 0.1158 0.5609
vn -0.8458 0.0915 0.5257
vn -0.8654 0.1311 0.4836
vn -0.8080 0.0869 0.5827
vn -0.8801 0.1235 0.4585
vn -0.7704 0.0830 0.6321
vn -0.7620 0.1023 0.6394
vn -0.7538 0.0188 0.6568
vn -0.7220 0.0058 0.6919
vn -0.7086 0.0163 0.7054
vn -0.7046 0.0997 0.7026
vn -0.6485 0.0125 0.7611
vn -0.7314 0.0782 0.6774
vn -0.6963 0.1325 0.7054
vn -0.6245 0.0459 0.7797
vn -0.6429 0.0751 0.7623
vn -0.6388 0.1537 0.7539
vn -0.5779 0.0440 0.8149
vn -0.6599 0.1313 0.7398
vn -0.5764 0.1304 0.8067
vn -0.9040 0.1955 0.3801
vn -0.9191 0.1119 0.3778
vn -0.9048 0.1805 0.3857
vn -0.8964 0.1963 0.3975
vn -0.9315 0.1539 0.3296
vn -0.9220 0.2061 0.3279
vn -0.8946 0.2416 0.3758
vn -0.9461 0.1551 0.2843
vn -0.9239 0.2159 0.3159
vn -0.9165 0.2477 0.3143
vn -0.9391 0.1990 0.2801
vn -0.9536 0.1297 0.2717
vn -0.9164 0.2558 0.3079
vn -0.9486 0.2167 0.2308
vn -0.9257 0.2682 0.2667
vn -0.8902 0.3224 0.3219
vn -0.9053 0.3079 0.2926
vn -0.9256 0.2845 0.2496
vn -0.8836 0.3668 0.2910
vn -0.9135 0.3379 0.2265
vn -0.9149 0.3358 0.2239
vn -0.8938 0.3908 0.2201
vn -0.8882 0.4007 0.2246
vn -0.9216 0.3369 0.1929
vn -0.9078 0.3930 0.1461
vn -0.9155 0.3804 0.1308
vn -0.9420 0.2706 0.1984
vn -0.9314 0.3171 0.1788
vn -0.9442 0.2635 0.1978
vn -0.9465 0.2175 0.2384
vn -0.8904 0.4318 0.1438
vn -0.9618 0.1777 0.2080
vn -0.9681 0.1309 0.2136
vn -0.9559 0.2516 0.1516
vn -0.9720 0.1157 0.2043
vn -0.9771 0.0554 0.2054
vn -0.9851 0.0238 0.1705
vn -0.9885 0.0724 0.1329
vn -0.9840 0.1175 0.1339
vn -0.9951 0.0345 0.0922
vn -0.9609 0.1753 0.2144
vn -0.9629 0.2345 0.1336
vn -0.9821 0.1651 0.0908
vn -0.9643 0.2327 0.1261
vn -0.9821 0.1411 0.1249
vn -0.9753 0.1951 0.1031
vn -0.9947 0.0820 0.0615
vn -0.9919 0.1098 0.0638
vn -0.9995 0.0307 0.0020
vn -1.0000 0.0096 0.0026
vn -0.9896 0.1425 0.0177
vn -0.9769 0.2036 0.0651
vn -0.9897 0.1427 0.0141
vn -0.9965 0.0806 -0.0204
vn -0.9708 0.2387 0.0233
vn -0.9842 0.1767 -0.0126
vn -0.9736 0.2283 0.0064
vn -0.9839 0.1766 -0.0272
vn -0.9708 0.2385 -0.0246
vn -0.9800 0.1965 -0.0327
vn -0.9863 0.1609 -0.0364
vn -0.9960 0.0837 -0.0304
vn -0.9681 0.2496 0.0243
vn -0.9998 -0.0152 -0.0134
vn -0.9934 -0.1130 0.0192
vn -0.9937 -0.1117 -0.0121
vn -0.9956 -0.0737 -0.0575
vn -0.9988 -0.0283 -0.0398
vn -0.9990 0.0018 -0.0443
vn -0.9940 0.1086 -0.0093
vn -0.9793 -0.1089 0.1705
vn -0.9922 -0.1085 0.0621
vn -0.9534 -0.2950 0.0628
vn -0.9423 -0.3228 0.0890
vn -0.7588 -0.6184 0.2045
vn -0.8616 -0.4256 0.2767
vn -0.8877 -0.4057 0.2179
vn -0.9659 -0.1470 0.2129
vn -0.9626 -0.1518 0.2242
vn -0.9810 0.0041 0.1939
vn -0.9670 -0.0068 0.2548
vn -0.9727 0.1017 0.2085
vn -0.9627 0.1025 0.2502
vn -0.5009 -0.3462 0.7933
vn -0.9737 0.1727 0.1487
vn -0.5740 -0.3478 0.7413
vn -0.9552 0.2060 0.2123
vn -0.2140 -0.4701 0.8563
vn -0.5539 -0.4555 0.6969
vn -0.1591 -0.6951 0.7011
vn 0.1179 -0.6102 0.7834
vn 0.1058 -0.4585 0.8824
vn -0.0915 -0.6935 0.7146
vn -0.1433 -0.6859 0.7134
vn -0.3325 -0.7283 0.5993
vn -0.2994 -0.8123 0.5005
vn -0.1196 -0.8863 0.4474
vn -0.3419 -0.8857 0.3142
vn -0.0373 -0.8577 0.5128
vn 0.1763 -0.7853 0.5934
vn 0.2308 -0.9224 0.3097
vn 0.2274 -0.8044 0.5488
vn 0.3936 -0.8614 0.3210
vn 0.3333 -0.9187 0.2120
vn 0.3260 -0.9210 0.2133
vn 0.3566 -0.8613 0.3619
vn 0.1971 -0.9178 0.3446
vn 0.3941 -0.7684 0.5043
vn 0.3713 -0.7986 0.4736
vn 0.2000 -0.9696 0.1407
vn 0.3706 -0.7306 0.5735
vn 0.1819 -0.8773 0.4441
vn 0.3798 -0.6567 0.6516
vn 0.3757 -0.5842 0.7194
vn 0.1810 -0.6693 0.7206
vn 0.1646 -0.7534 0.6366
vn 0.1775 -0.6719 0.7190
vn 0.1625 -0.7549 0.6354
vn 0.1488 -0.8318 0.5347
vn 0.3518 -0.5391 0.7653
vn 0.1884 -0.6159 0.7650
vn 0.3564 -0.4808 0.8012
vn 0.3630 -0.4679 0.8058
vn 0.1011 -0.5682 0.8167
vn 0.0989 -0.4552 0.8849
vn 0.1124 -0.4515 0.8852
vn 0.3323 -0.3820 0.8624
vn 0.1064 -0.3485 0.9312
vn 0.1102 -0.3476 0.9312
vn -0.1839 -0.2720 0.9446
vn 0.1166 -0.2320 0.9657
vn -0.1784 -0.1519 0.9722
vn 0.3350 -0.3432 0.8775
vn 0.1667 -0.2204 0.9611
vn -0.1759 -0.3846 0.9062
vn -0.1699 -0.2708 0.9475
vn -0.1695 -0.3841 0.9076
vn -0.1796 -0.5104 0.8410
vn -0.5809 -0.1077 0.8068
vn -0.5889 -0.2060 0.7815
vn -0.1590 -0.5087 0.8461
vn -0.1669 -0.6225 0.7646
vn -0.5944 -0.3190 0.7381
vn -0.5858 -0.2063 0.7838
vn -0.1641 -0.6222 0.7654
vn -0.1720 -0.7141 0.6786
vn -0.7161 -0.2914 0.6343
vn -0.6193 -0.4163 0.6657
vn -0.2006 -0.7153 0.6694
vn -0.6220 -0.5117 0.5928
vn -0.2083 -0.7906 0.5759
vn -0.7103 -0.4745 0.5199
vn 0.1413 -0.8671 0.4777
vn 0.3142 -0.8938 0.3199
vn -0.1968 -0.7906 0.5799
vn -0.6235 -0.5828 0.5211
vn -0.0473 -0.9077 0.4169
vn -0.2058 -0.8799 0.4282
vn 0.1798 -0.9357 0.3037
vn 0.0993 -0.9433 0.3166
vn 0.1608 -0.9728 0.1670
vn 0.2145 -0.9668 0.1391
vn -0.0598 -0.9655 0.2533
vn 0.0377 -0.9827 0.1813
vn -0.2192 -0.8778 0.4259
vn -0.2300 -0.9360 0.2666
vn -0.6221 -0.6741 0.3983
vn -0.0724 -0.9893 0.1269
vn 0.0455 -0.9985 0.0295
vn -0.3800 -0.8943 0.2365
vn -0.2222 -0.9651 0.1383
vn -0.6344 -0.6656 0.3932
vn -0.6335 -0.7377 0.2334
vn 0.0445 -0.9987 0.0232
vn 0.1592 -0.9867 -0.0324
vn 0.0373 -0.9914 -0.1251
vn -0.2598 -0.9573 -0.1268
vn -0.0134 -0.9579 -0.2868
vn -0.1530 -0.9876 -0.0358
vn 0.0397 -0.9810 -0.1898
vn -0.3566 -0.9313 0.0738
vn -0.2001 -0.9792 -0.0339
vn -0.2736 -0.9404 -0.2018
vn -0.4422 -0.8920 -0.0941
vn -0.3475 -0.8829 -0.3157
vn -0.3444 -0.9078 -0.2393
vn -0.4242 -0.8332 -0.3546
vn -0.6591 -0.7466 0.0904
vn -0.6518 -0.7229 0.2293
vn -0.5819 -0.8089 -0.0848
vn -0.8434 -0.5361 0.0354
vn -0.6989 -0.6813 -0.2177
vn -0.7579 -0.6294 -0.1716
vn -0.6915 -0.6409 -0.3334
vn -0.6762 -0.6539 -0.3394
vn -0.2338 -0.8736 -0.4268
vn -0.8721 -0.3988 -0.2834
vn -0.3379 -0.8213 -0.4596
vn -0.9351 -0.3333 -0.1204
vn -0.9254 -0.3113 -0.2162
vn -0.6588 -0.5793 -0.4800
vn -0.8172 -0.4015 -0.4136
vn -0.9253 -0.2350 -0.2977
vn -0.7858 -0.4266 -0.4478
vn -0.9895 -0.0332 -0.1407
vn -0.9750 -0.0151 -0.2217
vn -0.9289 -0.3478 -0.1268
vn -0.9949 0.0939 -0.0368
vn -0.9345 -0.3558 -0.0044
vn -0.8114 -0.5837 0.0322
vn -0.9994 0.0060 0.0337
vn -0.9619 -0.2465 0.1179
vn -0.9847 -0.1354 0.1100
vn -0.8512 -0.4840 0.2031
vn -0.9211 -0.3152 0.2286
vn -0.9915 0.0569 0.1174
vn -0.8562 -0.4098 0.3146
vn -0.9957 0.0887 0.0254
vn -0.9975 0.0165 -0.0691
vn -0.9897 0.0866 0.1139
vn -0.9222 -0.2360 0.3063
vn -0.9868 0.0390 0.1571
vn -0.8435 -0.3212 0.4305
vn -0.9164 -0.1307 0.3784
vn -0.9630 -0.0091 0.2694
vn -0.8198 -0.1912 0.5398
vn -0.9053 0.0187 0.4244
vn -0.9674 0.1754 0.1826
vn -0.8641 0.0091 0.5032
vn -0.9207 0.3903 -0.0059
vn -0.9678 0.2432 0.0646
vn -0.9675 0.1944 0.1618
vn -0.9741 0.2228 0.0376
vn -0.8423 0.1200 0.5255
vn -0.9629 0.2361 0.1305
vn -0.9403 0.2249 0.2553
vn -0.8547 0.1242 0.5041
vn -0.6941 0.0190 0.7196
vn -0.9019 0.3578 0.2419
vn -0.8226 0.2966 0.4851
vn -0.9175 0.3559 0.1775
vn -0.4860 0.0262 0.8736
vn -0.7584 0.2810 0.5881
vn -0.3451 -0.0246 0.9382
vn -0.9319 0.3529 -0.0836
vn -0.9292 0.3693 -0.0126
vn -0.2371 -0.0141 0.9714
vn -0.6989 0.2875 0.6550
vn -0.2374 0.1776 0.9550
vn -0.8036 0.4896 0.3385
vn -0.6841 0.4985 0.5325
vn 0.0375 -0.0959 0.9947
vn 0.1680 -0.1910 0.9671
vn -0.0495 0.1627 0.9854
vn -0.9409 0.2461 -0.2325
vn -0.5467 0.4568 0.7018
vn 0.0377 0.0070 0.9993
vn -0.2634 0.2194 0.9394
vn 0.3094 -0.1519 0.9387
vn 0.2677 -0.0540 0.9620
vn -0.5122 0.4719 0.7176
vn -0.5250 0.6101 0.5934
vn -0.3947 0.2185 0.8924
vn 0.2679 0.0426 0.9625
vn -0.2379 0.4454 0.8631
vn -0.0452 0.2975 0.9537
vn -0.0496 0.3347 0.9410
vn 0.2135 0.1105 0.9707
vn 0.2559 0.0224 0.9664
vn 0.0820 0.3620 0.9286
vn 0.2069 0.2524 0.9453
vn -0.2556 0.5736 0.7782
vn -0.5980 0.5697 0.5638
vn -0.2578 0.5730 0.7780
vn 0.0649 0.3902 0.9185
vn -0.6035 0.6408 0.4745
vn -0.2761 0.6785 0.6807
vn -0.2775 0.6774 0.6813
vn 0.0463 0.5389 0.8411
vn 0.1168 0.4842 0.8672
vn -0.2725 0.6552 0.7045
vn -0.1516 0.7010 0.6969
vn -0.7575 0.6222 0.1975
vn -0.5275 0.7583 0.3831
vn -0.8494 0.5266 0.0344
vn -0.8663 0.4924 0.0841
vn -0.5183 0.7673 0.3777
vn -0.9098 0.4016 -0.1045
vn -0.6608 0.7407 0.1213
vn -0.8562 0.5166 0.0036
vn -0.8529 0.5219 -0.0127
vn -0.8871 0.3768 -0.2665
vn -0.9061 0.3504 -0.2369
vn -0.9083 0.0565 -0.4145
vn -0.8518 0.2296 -0.4709
vn -0.9141 0.0779 -0.3978
vn -0.9612 0.1103 -0.2529
vn -0.9611 0.0029 -0.2762
vn -0.8834 0.4557 -0.1093
vn -0.9297 0.2988 -0.2153
vn -0.6743 0.7377 -0.0332
vn -0.6892 0.7095 0.1473
vn -0.6915 0.7219 -0.0262
vn -0.4272 0.8678 0.2538
vn -0.3019 0.8295 0.4698
vn -0.4264 0.8620 0.2741
vn -0.5840 0.8114 0.0258
vn -0.3424 0.8313 0.4378
vn -0.1336 0.6047 0.7852
vn -0.5338 0.8190 0.2107
vn -0.5595 0.7255 0.4008
vn -0.5717 0.8205 0.0026
vn -0.7180 0.6862 -0.1168
vn -0.9032 0.3618 -0.2310
vn -0.6785 0.7161 -0.1639
vn -0.7167 0.6529 -0.2450
vn -0.8637 0.4086 -0.2952
vn -0.5905 0.7904 -0.1628
vn -0.5643 0.8132 -0.1422
vn -0.6380 0.7098 -0.2986
vn -0.7998 0.6002 -0.0021
vn -0.8047 0.5850 0.1011
vn -0.6497 0.7461 -0.1456
vn -0.7782 0.5756 0.2511
vn -0.6461 0.7184 0.2578
vn -0.6744 0.5899 0.4441
vn -0.3750 0.6815 0.6284
vn -0.3882 0.5495 0.7398
vn -0.2633 0.5729 0.7762
vn -0.3748 0.6143 0.6943
vn -0.7064 0.4898 0.5110
vn -0.9283 0.3461 0.1356
vn -0.7325 0.6480 0.2084
vn -0.7382 0.3677 0.5655
vn -0.2766 0.3855 0.8803
vn -0.7283 0.3743 0.5740
vn -0.3807 0.3570 0.8530
vn -0.7489 0.2571 0.6108
vn -0.9241 0.2968 0.2407
vn -0.9601 0.2313 0.1569
vn -0.7625 0.4193 0.4927
vn -0.8424 0.2288 0.4879
vn 0.1521 0.0804 0.9851
vn -0.6459 0.0834 0.7589
vn -0.0510 0.0893 0.9947
vn -0.7168 0.0708 0.6937
vn -0.0510 -0.0854 0.9950
vn -0.7196 -0.0616 0.6917
vn -0.4751 -0.1382 0.8690
vn -0.6724 -0.0690 0.7370
vn 0.3595 -0.2016 0.9111
vn -0.6666 -0.2083 0.7157
vn 0.0763 -0.6290 0.7737
vn 0.0678 -0.4109 0.9092
vn -0.9669 0.2546 0.0170
vn -0.9612 0.2733 -0.0364
vn -0.9554 0.2950 -0.0102
vn -0.9572 0.2895 0.0028
vn -0.9435 0.3315 0.0027
vn -0.9415 0.3314 0.0606
vn -0.9589 0.2823 0.0297
vn -0.9402 0.3404 0.0135
vn -0.9683 0.2433 0.0571
vn -0.9413 0.3359 0.0349
vn -0.9584 0.2804 0.0532
vn -0.9576 0.2728 0.0925
vn -0.9331 0.3394 0.1188
vn -0.9395 0.3217 0.1179
vn -0.9291 0.3603 0.0830
vn -0.9288 0.3610 0.0830
vn -0.9249 0.3695 0.0895
vn -0.9154 0.3802 0.1324
vn -0.9160 0.4004 0.0254
vn -0.9140 0.4045 0.0318
vn -0.9053 0.4221 0.0477
vn -0.9041 0.4162 0.0970
vn -0.9028 0.4283 0.0380
vn -0.8903 0.4451 0.0963
vn -0.8976 0.4393 0.0353
vn -0.9330 0.3468 0.0964
vn -0.8974 0.4277 0.1080
vn -0.9088 0.4097 0.0791
vn -0.9487 0.3073 0.0751
vn -0.8836 0.4653 0.0521
vn -0.8867 0.4549 0.0833
vn -0.8801 0.4705 0.0641
vn -0.9321 0.3270 0.1560
vn -0.9265 0.3311 0.1788
vn -0.9273 0.3347 0.1674
vn -0.9555 0.2847 0.0770
vn -0.9150 0.3677 0.1663
vn -0.9321 0.3230 0.1637
vn -0.9055 0.3634 0.2193
vn -0.8914 0.4075 0.1981
vn -0.8925 0.4359 0.1155
vn -0.8913 0.3907 0.2299
vn -0.9289 0.3484 0.1253
vn -0.9270 0.3531 0.1266
vn -0.9448 0.3227 0.0564
vn -0.9589 0.2816 0.0356
vn -0.9171 0.3832 0.1095
vn -0.9431 0.3310 -0.0322
vn -0.8957 0.3839 0.2242
vn -0.8928 0.3794 0.2429
vn -0.9034 0.4075 0.1332
vn -0.9648 0.2614 -0.0293
vn -0.9001 0.4120 0.1415
vn -0.8901 0.4121 0.1944
vn -0.8352 0.5122 0.2000
vn -0.9389 0.3434 0.0235
vn -0.9376 0.3464 0.0292
vn -0.9519 0.3055 -0.0242
vn -0.9155 0.4020 0.0159
vn -0.8939 0.4404 0.0831
vn -0.9008 0.4325 0.0384
vn -0.9438 0.3209 -0.0793
vn -0.9208 0.3845 -0.0660
vn -0.9585 0.2564 -0.1245
vn -0.9460 0.3092 -0.0973
vn -0.8318 0.5267 0.1754
vn -0.8235 0.5316 0.1983
vn -0.8887 0.4578 0.0267
vn -0.8135 0.5732 0.0980
vn -0.8342 0.5490 0.0527
vn -0.9141 0.3950 -0.0913
vn -0.8865 0.4525 -0.0961
vn -0.8797 0.4674 -0.0876
vn -0.9197 0.3691 -0.1337
vn -0.9247 0.3548 -0.1380
vn -0.9262 0.3278 -0.1863
vn -0.9531 0.2802 -0.1142
vn -0.9514 0.2966 -0.0828
vn -0.8993 0.4051 -0.1650
vn -0.8887 0.4289 -0.1619
vn -0.9000 0.3917 -0.1913
vn -0.9114 0.3676 -0.1850
vn -0.9065 0.3575 -0.2245
vn -0.8850 0.4056 -0.2284
vn -0.8811 0.4254 -0.2068
vn -0.8586 0.4723 -0.1993
vn -0.8620 0.4594 -0.2144
vn -0.9628 0.2516 -0.0982
vn -0.9652 0.2594 -0.0331
vn -0.9629 0.2345 -0.1333
vn -0.9595 0.2175 -0.1793
vn -0.9585 0.2826 -0.0361
vn -0.9697 0.2442 0.0081
vn -0.9336 0.3181 -0.1649
vn -0.9471 0.3022 -0.1083
vn -0.9980 -0.0638 -0.0021
vn -0.9568 0.2893 -0.0296
vn -0.9596 0.2808 -0.0177
vn -0.9811 -0.1885 -0.0445
vn -0.9397 0.2888 -0.1833
vn -0.9489 0.3112 -0.0524
vn -0.9229 0.3728 -0.0964
vn -0.9123 0.3302 -0.2424
vn -0.9667 0.1522 -0.2059
vn -0.9043 0.3803 -0.1941
vn -0.7176 0.6110 -0.3342
vn -0.9627 0.1654 -0.2140
vn -0.9613 0.1666 -0.2193
vn -0.9227 0.2978 -0.2449
vn -0.8389 0.4348 -0.3275
vn -0.9050 0.3134 -0.2876
vn -0.9681 0.0871 -0.2348
vn -0.8859 0.2224 -0.4070
vn -0.9493 0.2603 -0.1761
vn -0.9198 0.1663 -0.3553
vn -0.9928 -0.0079 -0.1193
vn -0.9997 -0.0232 -0.0114
vn -0.9831 -0.0854 -0.1619
vn -0.9345 -0.1340 -0.3298
vn -0.9650 -0.2600 0.0350
vn -0.9201 -0.3583 -0.1583
vn -0.8951 -0.4458 -0.0028
vn -0.8670 -0.4623 -0.1860
vn -0.8483 -0.3530 -0.3948
vn -0.8809 -0.4733 -0.0021
vn -0.9792 0.1239 -0.1606
vn -0.9525 -0.2158 -0.2149
vn -0.9729 0.1420 -0.1823
vn -0.9922 -0.0514 -0.1132
vn -0.8062 0.4532 -0.3804
vn -0.6127 0.6707 -0.4180
vn -0.6945 -0.7033 -0.1518
vn -0.7321 -0.6235 -0.2742
vn -0.5974 -0.7451 -0.2967
vn -0.6743 -0.6912 -0.2600
vn -0.6806 -0.6822 -0.2673
vn -0.7137 -0.5609 -0.4194
vn -0.8117 -0.4043 -0.4215
vn -0.5061 -0.7287 -0.4614
vn -0.7734 -0.2932 -0.5620
vn -0.8270 0.0238 -0.5617
vn -0.4224 -0.7588 -0.4958
vn -0.6116 -0.5297 -0.5877
vn -0.9132 -0.0492 -0.4046
vn -0.7746 0.4434 -0.4510
vn -0.5926 -0.6494 -0.4765
vn -0.8733 -0.0375 -0.4858
vn -0.7730 -0.4378 -0.4591
vn -0.9353 -0.0076 -0.3537
vn -0.5630 -0.6482 -0.5127
vn -0.8553 -0.1157 -0.5051
vn -0.8346 0.2262 -0.5023
vn -0.8506 0.1734 -0.4964
vn -0.7480 0.4604 -0.4781
vn -0.9224 -0.1477 -0.3568
vn -0.6400 0.6080 -0.4699
vn -0.6717 0.5921 -0.4452
vn -0.7072 0.5537 -0.4395
vn -0.8619 0.3771 -0.3391
vn -0.6267 0.6515 -0.4275
vn -0.6622 0.6214 -0.4188
vn -0.8924 0.3084 -0.3295
vn -0.9147 0.1152 -0.3874
vn -0.9764 -0.0383 -0.2127
vn -0.9530 -0.0152 -0.3027
vn -0.8085 0.4322 -0.3994
vn -0.9586 -0.0217 -0.2840
vn -0.9751 -0.0467 -0.2168
vn -0.8373 0.5020 -0.2167
vn -0.9506 0.2075 -0.2310
vn -0.9639 0.2556 -0.0743
vn -0.9367 0.1974 -0.2893
vn -0.9599 0.1776 -0.2168
vn -0.9367 0.3014 -0.1783
vn -0.8640 0.3509 -0.3609
vn -0.9417 0.2540 -0.2208
vn -0.9322 0.2442 -0.2672
vn -0.9351 0.2664 -0.2337
vn -0.8654 0.4875 -0.1161
vn -0.7896 0.5405 -0.2905
vn -0.7410 0.6301 -0.2323
vn -0.7563 0.6444 -0.1132
vn -0.7604 0.6111 -0.2201
vn -0.7375 0.6628 -0.1292
vn -0.6970 0.6875 -0.2039
vn -0.7612 0.5312 -0.3720
vn -0.7746 0.5210 -0.3586
vn -0.6422 0.6383 -0.4245
vn -0.7538 0.6212 -0.2144
vn -0.5794 0.7216 -0.3790
vn -0.6334 0.7237 -0.2739
vn -0.6301 0.7373 -0.2436
vn -0.5112 0.7797 -0.3616
vn -0.6304 0.7578 -0.1680
vn -0.7772 0.6113 -0.1492
vn -0.8505 0.5177 -0.0931
vn -0.5849 0.8110 0.0137
vn -0.8594 0.5090 -0.0487
vn -0.5415 0.8405 -0.0181
vn -0.5390 0.8419 -0.0245
vn -0.5989 0.7597 0.2535
vn -0.6487 0.6917 0.3174
vn -0.2495 0.9025 0.3511
vn -0.9237 0.3823 0.0244
vn -0.4847 0.8729 -0.0560
vn -0.4303 0.8776 -0.2111
vn -0.3598 0.9223 -0.1410
vn -0.4312 0.8980 -0.0876
vn -0.2562 0.9611 0.1032
vn -0.2777 0.9409 0.1939
vn -0.2456 0.9003 0.3593
vn -0.2443 0.9029 0.3538
vn -0.5473 0.8357 0.0448
vn -0.3999 0.9117 -0.0942
vn -0.3391 0.9185 0.2034
vn -0.4972 0.8439 0.2014
vn -0.2255 0.8861 0.4050
vn -0.4892 0.8169 0.3056
vn -0.6168 0.7836 0.0745
vn -0.7967 0.5330 0.2849
vn -0.3452 0.7431 0.5732
vn -0.4293 0.7190 0.5465
vn -0.5355 0.6643 0.5215
vn -0.8911 0.4330 -0.1360
vn -0.4288 0.7524 0.5000
vn -0.4809 0.8108 0.3336
vn -0.6613 0.6975 0.2760
vn -0.6414 0.6483 0.4103
vn -0.5250 0.6542 0.5444
vn -0.6514 0.6748 0.3468
vn -0.6789 0.6542 0.3332
vn -0.7875 0.6132 0.0618
vn -0.7645 0.6392 0.0838
vn -0.7472 0.6561 0.1065
vn -0.6670 0.7415 0.0727
vn -0.7441 0.6268 0.2312
vn -0.6824 0.6316 0.3680
vn -0.7836 0.6178 0.0661
vn -0.7452 0.5941 0.3030
vn -0.8202 0.5685 -0.0645
vn -0.8165 0.5747 -0.0558
vn -0.7120 0.7003 0.0516
vn -0.6676 0.7392 0.0888
vn -0.6737 0.7345 -0.0812
vn -0.7095 0.6956 -0.1126
vn -0.5712 0.8198 0.0409
vn -0.5438 0.8332 -0.1007
vn -0.7050 0.5880 0.3966
vn -0.5883 0.5136 0.6246
vn -0.8419 0.5000 0.2029
vn -0.6092 0.5079 0.6090
vn -0.8349 0.5142 0.1964
vn -0.8055 0.5900 -0.0560
vn -0.7730 0.4566 0.4403
vn -0.8031 0.3376 0.4910
vn -0.9279 0.3709 -0.0374
vn -0.8908 0.3863 0.2393
vn -0.9820 0.1321 0.1351
vn -0.8854 0.2821 0.3695
vn -0.9085 0.1375 0.3945
vn -0.8184 0.3238 0.4748
vn -0.9828 -0.0906 0.1608
vn -0.9923 0.1214 0.0257
vn -0.9733 -0.0891 0.2114
vn -0.9766 -0.0163 0.2146
vn -0.9510 -0.2945 -0.0942
vn -0.9780 -0.1494 -0.1458
vn -0.8903 -0.4237 -0.1670
vn -0.9053 0.3098 -0.2906
vn -0.9509 -0.3039 -0.0589
vn -0.8038 -0.4687 -0.3663
vn -0.9579 0.2492 -0.1422
vn -0.9167 0.3978 -0.0375
vn -0.8964 0.3611 -0.2572
vn -0.9140 0.4030 -0.0473
vn -0.7325 -0.5565 -0.3922
vn -0.8841 0.4102 -0.2239
vn -0.6892 0.7132 -0.1279
vn -0.9105 -0.4070 -0.0728
vn -0.9450 -0.2993 -0.1322
vn -0.9609 0.0086 0.2767
vn -0.9520 -0.2775 -0.1290
vn -0.9875 0.0142 0.1573
vn -0.6100 0.7383 -0.2878
vn -0.9602 -0.2332 -0.1535
vn -0.8998 -0.1889 -0.3932
vn -0.9881 0.1369 0.0700
vn -0.9849 0.1463 -0.0921
vn -0.8497 0.3931 0.3513
vn -0.9631 0.0612 -0.2620
vn -0.9852 0.1453 -0.0907
vn -0.8787 0.3036 -0.3684
vn -0.7973 0.5498 0.2490
vn -0.9490 0.3092 -0.0621
vn -0.8743 0.3230 -0.3624
vn -0.8609 0.4780 -0.1741
vn -0.7500 0.5084 -0.4232
vn -0.7824 0.5716 0.2472
vn -0.7956 0.5905 -0.1355
vn -0.6812 0.6426 -0.3508
vn -0.7458 0.6498 -0.1468
vn -0.6505 0.6697 -0.3583
vn -0.6130 0.7640 -0.2015
vn -0.5896 0.8065 0.0442
vn -0.7850 0.5451 -0.2945
vn -0.6385 0.7641 -0.0918
vn -0.8372 0.5311 -0.1308
vn -0.6757 0.6798 0.2851
vn -0.6361 0.7513 0.1757
vn -0.8450 0.4772 -0.2412
vn -0.5981 0.6680 0.4428
vn -0.4713 0.7257 0.5012
vn -0.5954 0.7949 -0.1164
vn -0.6508 0.7420 -0.1609
vn -0.6214 0.7740 -0.1215
vn -0.6275 0.7744 -0.0812
vn -0.5882 0.8026 -0.0996
vn -0.7018 0.7046 -0.1047
vn -0.7033 0.6954 -0.1473
vn -0.7641 0.6363 -0.1065
vn -0.7503 0.6405 -0.1637
vn -0.7024 0.6803 -0.2094
vn -0.6414 0.7334 -0.2253
vn -0.7249 0.6638 -0.1842
vn -0.7852 0.5709 -0.2399
vn -0.7706 0.6198 -0.1484
vn -0.7147 0.6368 -0.2892
vn -0.5929 0.7153 -0.3698
vn -0.6245 0.7512 -0.2137
vn -0.6234 0.6622 -0.4158
vn -0.5565 0.6901 -0.4627
vn -0.5320 0.8097 -0.2478
vn -0.5638 0.7242 -0.3970
vn -0.5780 0.6112 -0.5407
vn -0.5994 0.7053 -0.3786
vn -0.5777 0.6252 -0.5248
vn -0.5440 0.4392 -0.7150
vn -0.5237 0.6020 -0.6028
vn -0.5373 0.8116 -0.2292
vn -0.5259 0.8439 -0.1065
vn -0.4992 0.8639 -0.0661
vn -0.5720 0.7915 -0.2152
vn -0.5497 0.8270 -0.1175
vn -0.5594 0.8045 -0.1999
vn -0.4782 0.8654 -0.1497
vn -0.4876 0.8558 -0.1726
vn -0.5407 0.8117 -0.2210
vn -0.4865 0.8565 -0.1726
vn -0.4790 0.8777 0.0116
vn -0.5836 0.6909 -0.4266
vn -0.4973 0.8384 -0.2232
vn -0.4365 0.8379 -0.3276
vn -0.5171 0.7206 -0.4619
vn -0.3699 0.8815 -0.2936
vn -0.4078 0.8334 -0.3731
vn -0.4087 0.7935 -0.4509
vn -0.2765 0.8965 -0.3461
vn -0.3970 0.7932 -0.4618
vn -0.4151 0.8793 -0.2336
vn -0.2616 0.9318 -0.2516
vn -0.3793 0.9001 -0.2142
vn -0.4288 0.8784 -0.2108
vn -0.2548 0.9302 -0.2644
vn -0.2951 0.9185 -0.2633
vn -0.1670 0.9585 -0.2311
vn -0.2774 0.9191 -0.2799
vn -0.1894 0.9416 -0.2784
vn -0.3418 0.9188 -0.1974
vn -0.3251 0.9231 -0.2055
vn -0.2618 0.9400 -0.2188
vn -0.2394 0.9465 -0.2162
vn -0.2622 0.9340 -0.2426
vn -0.4718 0.7619 -0.4438
vn -0.1411 0.9595 -0.2438
vn -0.1413 0.9638 -0.2261
vn -0.2229 0.9250 -0.3078
vn -0.0045 0.9784 -0.2068
vn -0.0902 0.9448 -0.3149
vn -0.1197 0.9593 -0.2558
vn -0.0903 0.9461 -0.3110
vn -0.1143 0.9412 -0.3179
vn -0.1580 0.9434 -0.2917
vn -0.0560 0.9629 -0.2641
vn 0.0396 0.9460 -0.3216
vn -0.0062 0.9627 -0.2704
vn -0.0050 0.9292 -0.3696
vn -0.0181 0.9616 -0.2738
vn 0.0007 0.9489 -0.3156
vn 0.0016 0.9487 -0.3162
vn 0.1154 0.9526 -0.2815
vn 0.0931 0.9392 -0.3305
vn -0.0571 0.9696 -0.2378
vn 0.0384 0.9624 -0.2688
vn 0.0399 0.9705 -0.2379
vn 0.0393 0.9626 -0.2681
vn -0.1613 0.9552 -0.2481
vn 0.0389 0.9534 -0.2993
vn 0.0709 0.9672 -0.2441
vn 0.1556 0.9430 -0.2940
vn -0.1551 0.8828 -0.4433
vn -0.1519 0.8807 -0.4486
vn -0.0206 0.9364 -0.3502
vn -0.1294 0.8863 -0.4447
vn 0.0446 0.8485 -0.5273
vn -0.2360 0.7323 -0.6387
vn -0.0333 0.8125 -0.5819
vn -0.2231 0.6219 -0.7506
vn 0.1645 0.9237 -0.3461
vn 0.1541 0.9308 -0.3315
vn 0.1574 0.9597 -0.2330
vn 0.1359 0.8968 -0.4211
vn 0.2276 0.9259 -0.3014
vn 0.3054 0.8611 -0.4064
vn 0.1825 0.9532 -0.2412
vn 0.1952 0.9404 -0.2784
vn 0.2957 0.9266 -0.2323
vn 0.3358 0.8757 -0.3469
vn 0.1881 0.7905 -0.5828
vn 0.0738 0.8590 -0.5067
vn 0.2960 0.7769 -0.5556
vn 0.2748 0.7932 -0.5434
vn 0.3353 0.5569 -0.7599
vn 0.1359 0.6441 -0.7528
vn 0.4551 0.7472 -0.4844
vn 0.0386 0.7535 -0.6563
vn 0.4084 0.8557 -0.3177
vn 0.4863 0.7229 -0.4909
vn 0.4186 0.5705 -0.7066
vn 0.3865 0.5926 -0.7067
vn 0.5498 0.7061 -0.4462
vn 0.5255 0.5940 -0.6091
vn 0.5198 0.6789 -0.5185
vn 0.3388 0.3552 -0.8712
vn 0.5083 0.7897 -0.3435
vn 0.5189 0.7875 -0.3326
vn 0.5815 0.6307 -0.5139
vn 0.5912 0.7333 -0.3356
vn 0.5757 0.6971 -0.4274
vn 0.4815 0.5235 -0.7029
vn 0.4647 0.4152 -0.7821
vn 0.5682 0.4910 -0.6604
vn 0.5747 0.5856 -0.5716
vn 0.5061 0.3142 -0.8032
vn 0.5499 0.7434 -0.3807
vn 0.5729 0.7798 -0.2525
vn 0.5404 0.8040 -0.2480
vn 0.5678 0.8105 -0.1436
vn 0.4719 0.8388 -0.2717
vn 0.5234 0.8267 -0.2064
vn 0.5369 0.8344 -0.1245
vn 0.6335 0.6797 -0.3697
vn 0.6020 0.5962 -0.5311
vn 0.6298 0.5713 -0.5262
vn 0.6095 0.4523 -0.6512
vn 0.6074 0.4560 -0.6504
vn 0.6007 0.4543 -0.6578
vn 0.6465 0.5780 -0.4979
vn 0.6833 0.3387 -0.6468
vn 0.6481 0.6578 -0.3838
vn 0.5540 0.3007 -0.7763
vn 0.6467 0.2775 -0.7105
vn 0.4975 0.0382 -0.8666
vn 0.5261 0.2050 -0.8254
vn 0.5428 0.1704 -0.8224
vn 0.5223 0.1989 -0.8292
vn 0.5973 0.2147 -0.7727
vn 0.6003 0.2029 -0.7736
vn 0.6831 0.1514 -0.7145
vn 0.4490 0.1838 -0.8744
vn 0.5098 0.2978 -0.8071
vn 0.3997 0.2990 -0.8665
vn 0.4346 0.2131 -0.8751
vn 0.3895 0.1563 -0.9077
vn 0.4093 0.0716 -0.9096
vn 0.3669 0.1852 -0.9116
vn 0.3540 0.1409 -0.9246
vn 0.3321 0.1701 -0.9278
vn 0.2944 0.4105 -0.8630
vn 0.1794 0.3362 -0.9245
vn 0.2069 0.2102 -0.9555
vn 0.1969 0.4809 -0.8544
vn 0.4978 0.1117 -0.8601
vn 0.4960 0.0951 -0.8631
vn -0.0346 0.6191 -0.7846
vn 0.3290 0.7121 -0.6202
vn 0.0464 0.3457 -0.9372
vn 0.0259 0.4632 -0.8859
vn 0.0239 0.3260 -0.9451
vn -0.1446 0.6353 -0.7586
vn -0.0874 0.7098 -0.6990
vn -0.1244 0.4580 -0.8802
vn -0.1290 0.4424 -0.8875
vn -0.2377 0.5774 -0.7811
vn -0.2166 0.4988 -0.8392
vn -0.1192 0.5106 -0.8515
vn -0.1199 0.3995 -0.9088
vn -0.1986 0.3545 -0.9137
vn -0.3103 0.5529 -0.7733
vn -0.3350 0.3347 -0.8808
vn -0.1556 0.3172 -0.9355
vn 0.0259 0.3222 -0.9463
vn -0.1420 0.1849 -0.9725
vn -0.2511 0.1781 -0.9514
vn -0.0244 0.2259 -0.9738
vn -0.3670 0.4872 -0.7925
vn -0.3076 0.6964 -0.6484
vn -0.3863 0.6485 -0.6560
vn -0.4930 0.6678 -0.5577
vn -0.4519 0.5215 -0.7237
vn -0.4605 0.4607 -0.7588
vn -0.5386 0.4909 -0.6847
vn -0.4007 0.3003 -0.8656
vn -0.4996 0.2775 -0.8206
vn -0.4002 0.3021 -0.8652
vn -0.4744 0.2393 -0.8472
vn -0.5180 0.2694 -0.8118
vn -0.3554 0.1628 -0.9204
vn -0.4454 0.1543 -0.8819
vn -0.4866 0.2078 -0.8486
vn -0.5252 0.1772 -0.8323
vn -0.5173 0.1006 -0.8499
vn -0.4778 0.1824 -0.8593
vn -0.4936 0.0426 -0.8686
vn -0.4676 0.0444 -0.8828
vn -0.5108 0.0590 -0.8577
vn -0.6030 0.0708 -0.7946
vn -0.4573 0.0727 -0.8863
vn -0.5143 -0.0289 -0.8571
vn -0.6120 0.1917 -0.7673
vn -0.4531 -0.0002 -0.8915
vn -0.4513 -0.0049 -0.8923
vn -0.4228 0.0794 -0.9027
vn -0.3657 -0.0414 -0.9298
vn -0.3182 0.0071 -0.9480
vn -0.3459 0.0597 -0.9364
vn -0.3659 -0.0428 -0.9297
vn -0.3596 -0.0444 -0.9320
vn -0.1720 0.0593 -0.9833
vn -0.2115 0.0024 -0.9774
vn -0.1838 0.0820 -0.9795
vn 0.0155 0.1487 -0.9888
vn -0.0000 0.1270 -0.9919
vn 0.1561 0.0521 -0.9864
vn 0.0451 0.2253 -0.9732
vn 0.2581 0.0562 -0.9645
vn -0.0000 -0.0108 -0.9999
vn 0.1504 0.0064 -0.9886
vn 0.2622 0.0784 -0.9618
vn 0.3904 -0.0062 -0.9206
vn 0.3779 -0.0519 -0.9244
vn 0.3823 -0.0218 -0.9238
vn 0.3878 -0.0550 -0.9201
vn 0.4235 -0.0217 -0.9056
vn 0.3305 -0.0105 -0.9438
vn 0.1309 0.0002 -0.9914
vn 0.3739 -0.1026 -0.9218
vn 0.4533 0.0102 -0.8913
vn 0.4251 -0.1066 -0.8989
vn 0.5284 0.0494 -0.8476
vn 0.4974 0.0060 -0.8675
vn 0.5079 -0.0538 -0.8598
vn 0.5283 0.0494 -0.8476
vn 0.5320 0.0156 -0.8466
vn 0.4945 0.0933 -0.8642
vn 0.5809 0.0476 -0.8126
vn 0.5595 0.0912 -0.8238
vn 0.5639 0.0544 -0.8240
vn 0.5979 0.0806 -0.7975
vn 0.4912 -0.0748 -0.8678
vn 0.5665 -0.0020 -0.8241
vn 0.6012 0.0244 -0.7987
vn 0.4636 -0.0376 -0.8852
vn 0.6402 0.1304 -0.7570
vn 0.6391 0.0825 -0.7647
vn 0.6306 0.0973 -0.7700
vn 0.7477 0.0169 -0.6638
vn 0.6868 0.1178 -0.7173
vn 0.6931 0.1958 -0.6937
vn 0.6818 0.0885 -0.7261
vn 0.6748 0.1305 -0.7264
vn 0.6698 0.1876 -0.7185
vn 0.7266 0.2142 -0.6528
vn 0.6578 0.0684 -0.7501
vn 0.6490 0.0769 -0.7569
vn 0.7680 0.1299 -0.6272
vn 0.7770 0.2026 -0.5961
vn 0.6866 0.1682 -0.7074
vn 0.6443 0.0696 -0.7616
vn 0.7468 0.2576 -0.6131
vn 0.7467 0.2579 -0.6131
vn 0.7162 0.1559 -0.6803
vn 0.7053 0.1462 -0.6937
vn 0.6078 0.0746 -0.7906
vn 0.5541 0.0282 -0.8319
vn 0.5437 0.0266 -0.8388
vn 0.6355 0.1685 -0.7535
vn 0.5194 0.0754 -0.8512
vn 0.5749 0.1581 -0.8028
vn 0.6507 0.1966 -0.7334
vn 0.6721 0.1980 -0.7135
vn 0.7605 0.2985 -0.5766
vn 0.6559 0.3483 -0.6697
vn 0.7265 0.3594 -0.5857
vn 0.7546 0.2984 -0.5845
vn 0.7558 0.2210 -0.6164
vn 0.7823 0.3397 -0.5221
vn 0.7720 0.4794 -0.4172
vn 0.7750 0.2424 -0.5837
vn 0.7637 0.3177 -0.5620
vn 0.8149 0.3632 -0.4516
vn 0.8111 0.3853 -0.4401
vn 0.7709 0.4598 -0.4409
vn 0.8093 0.4826 -0.3349
vn 0.7959 0.4807 -0.3680
vn 0.7318 0.4963 -0.4671
vn 0.6578 0.3465 -0.6687
vn 0.6674 0.4945 -0.5569
vn 0.5816 0.3442 -0.7370
vn 0.5574 0.1822 -0.8100
vn 0.6341 0.5305 -0.5626
vn 0.5551 0.4795 -0.6796
vn 0.5795 0.3459 -0.7379
vn 0.5474 0.4237 -0.7217
vn 0.4834 0.1742 -0.8579
vn 0.4469 0.2494 -0.8591
vn 0.4372 0.0959 -0.8942
vn 0.4621 0.0531 -0.8852
vn 0.4233 -0.0042 -0.9060
vn 0.4508 -0.0397 -0.8918
vn 0.3714 -0.1005 -0.9230
vn 0.3331 -0.0883 -0.9388
vn 0.3470 -0.0351 -0.9372
vn 0.2789 -0.0937 -0.9558
vn 0.3613 0.0809 -0.9289
vn 0.3177 -0.0031 -0.9482
vn 0.3548 0.1017 -0.9294
vn 0.4297 0.2542 -0.8665
vn 0.2464 -0.0763 -0.9662
vn 0.2731 -0.0104 -0.9619
vn 0.1694 -0.0632 -0.9835
vn 0.1500 -0.0687 -0.9863
vn 0.2152 0.0217 -0.9763
vn 0.1379 -0.0175 -0.9903
vn 0.2537 0.1646 -0.9532
vn 0.3969 0.2927 -0.8700
vn 0.3217 0.1727 -0.9310
vn 0.2122 0.0734 -0.9745
vn 0.2137 0.2391 -0.9472
vn 0.1258 0.1501 -0.9806
vn 0.3846 0.3840 -0.8394
vn 0.2054 0.2959 -0.9329
vn 0.3777 0.3412 -0.8608
vn 0.4511 0.4209 -0.7870
vn 0.1626 0.3438 -0.9249
vn 0.3038 0.4605 -0.8340
vn 0.1738 0.3940 -0.9025
vn 0.4308 0.5547 -0.7118
vn 0.3003 0.5014 -0.8114
vn 0.0964 0.5744 -0.8129
vn 0.0823 0.3223 -0.9431
vn 0.0693 0.3388 -0.9383
vn 0.1304 0.1498 -0.9801
vn 0.0715 0.2229 -0.9722
vn 0.0812 0.0769 -0.9937
vn 0.2398 0.5822 -0.7769
vn 0.0723 0.0020 -0.9974
vn 0.0724 0.0019 -0.9974
vn 0.0677 -0.0513 -0.9964
vn -0.0097 0.0020 -1.0000
vn -0.0123 0.1376 -0.9904
vn -0.0443 -0.0519 -0.9977
vn 0.0555 0.0293 -0.9980
vn -0.0364 -0.0501 -0.9981
vn -0.0131 -0.0068 -0.9999
vn -0.2217 -0.0032 -0.9751
vn -0.1137 -0.0493 -0.9923
vn -0.2032 -0.0826 -0.9757
vn -0.0883 0.0287 -0.9957
vn -0.1162 -0.0349 -0.9926
vn -0.0193 0.1548 -0.9878
vn -0.1460 0.1102 -0.9831
vn -0.0066 0.1986 -0.9801
vn -0.2126 0.0141 -0.9770
vn -0.2082 -0.0816 -0.9747
vn -0.2695 -0.0158 -0.9629
vn -0.1067 0.0957 -0.9897
vn -0.1648 0.0801 -0.9831
vn -0.0350 0.2690 -0.9625
vn -0.1248 0.1957 -0.9727
vn -0.2667 0.1765 -0.9475
vn -0.1909 0.2657 -0.9450
vn -0.3050 -0.0901 -0.9481
vn -0.3230 -0.1007 -0.9410
vn -0.2487 -0.0184 -0.9684
vn -0.3994 -0.0937 -0.9120
vn -0.4380 -0.1218 -0.8907
vn -0.3086 -0.0535 -0.9497
vn -0.2774 -0.0243 -0.9604
vn -0.3996 -0.0934 -0.9119
vn -0.3923 -0.0343 -0.9192
vn -0.5050 -0.0557 -0.8613
vn -0.4662 -0.0567 -0.8829
vn -0.3711 0.0477 -0.9274
vn -0.5813 0.0067 -0.8136
vn -0.5633 0.0139 -0.8261
vn -0.4391 0.0363 -0.8977
vn -0.4513 0.0004 -0.8924
vn -0.5265 0.0242 -0.8498
vn -0.6023 0.0353 -0.7975
vn -0.5066 0.0429 -0.8611
vn -0.6336 0.1294 -0.7628
vn -0.6351 0.0672 -0.7695
vn -0.6714 0.1672 -0.7220
vn -0.3753 0.0935 -0.9222
vn -0.4853 0.1789 -0.8558
vn -0.3128 0.1344 -0.9403
vn -0.2981 0.1724 -0.9388
vn -0.6965 0.2076 -0.6868
vn -0.7216 0.2290 -0.6533
vn -0.7528 0.2831 -0.5942
vn -0.7230 0.1662 -0.6706
vn -0.6484 0.0863 -0.7564
vn -0.7778 0.2662 -0.5693
vn -0.7463 0.2124 -0.6308
vn -0.7762 0.2611 -0.5739
vn -0.8186 0.3732 -0.4366
vn -0.6887 0.2407 -0.6840
vn -0.7786 0.3095 -0.5459
vn -0.7303 0.3162 -0.6055
vn -0.8144 0.4120 -0.4086
vn -0.8092 0.4041 -0.4264
vn -0.6457 0.1312 -0.7523
vn -0.7335 0.2781 -0.6202
vn -0.6181 0.1529 -0.7711
vn -0.5720 0.1365 -0.8088
vn -0.6397 0.2517 -0.7263
vn -0.6448 0.2568 -0.7200
vn -0.5020 0.2012 -0.8411
vn -0.5531 0.2530 -0.7937
vn -0.4967 0.1993 -0.8447
vn -0.7300 0.3712 -0.5738
vn -0.7786 0.4169 -0.4691
vn -0.4544 0.2532 -0.8541
vn -0.3553 0.2366 -0.9043
vn -0.5679 0.3663 -0.7371
vn -0.6413 0.3966 -0.6568
vn -0.6164 0.4118 -0.6712
vn -0.7026 0.4065 -0.5841
vn -0.7050 0.4056 -0.5818
vn -0.4635 0.3461 -0.8157
vn -0.5190 0.3886 -0.7614
vn -0.3370 0.3508 -0.8737
vn -0.4007 0.4069 -0.8209
vn -0.2378 0.3719 -0.8973
vn -0.1879 0.3041 -0.9339
vn -0.6078 0.4534 -0.6519
vn -0.6462 0.5482 -0.5309
vn -0.5080 0.4958 -0.7044
vn -0.5478 0.5245 -0.6519
vn -0.4012 0.4457 -0.8002
vn -0.4317 0.5277 -0.7315
vn -0.2627 0.4831 -0.8352
vn -0.2278 0.4491 -0.8640
vn -0.4352 0.5168 -0.7373
vn -0.3031 0.6294 -0.7156
vn -0.5469 0.5721 -0.6112
vn -0.4795 0.6413 -0.5990
vn -0.6062 0.6093 -0.5112
vn -0.6434 0.5845 -0.4944
vn -0.4687 0.6678 -0.5783
vn -0.5627 0.6825 -0.4665
vn -0.3159 0.6018 -0.7335
vn -0.4504 0.6877 -0.5694
vn -0.3409 0.6891 -0.6394
vn -0.4362 0.7657 -0.4726
vn -0.5488 0.7440 -0.3811
vn -0.2802 0.7617 -0.5842
vn -0.6345 0.5816 -0.5090
vn -0.7497 0.5381 -0.3851
vn -0.6582 0.6704 -0.3425
vn -0.7354 0.6294 -0.2513
vn -0.7623 0.5215 -0.3834
vn -0.5712 0.7574 -0.3164
vn -0.5614 0.7583 -0.3313
vn -0.8265 0.4830 -0.2891
vn -0.8089 0.5266 -0.2616
vn -0.7340 0.6266 -0.2621
vn -0.8067 0.5510 -0.2137
vn -0.7376 0.6247 -0.2564
vn -0.7887 0.6052 -0.1079
vn -0.7696 0.6295 -0.1076
vn -0.8059 0.5096 -0.3015
vn -0.6797 0.7156 -0.1612
vn -0.5810 0.7679 -0.2697
vn -0.6747 0.7326 -0.0899
vn -0.7147 0.6992 -0.0194
vn -0.5504 0.8208 -0.1527
vn -0.7886 0.6047 -0.1116
vn -0.7457 0.6573 -0.1090
vn -0.5937 0.8038 -0.0382
vn -0.5666 0.8227 -0.0459
vn -0.7153 0.6974 -0.0443
vn -0.6195 0.7730 0.1366
vn -0.7328 0.6774 0.0640
vn -0.7161 0.6940 0.0751
vn -0.6288 0.7721 0.0921
vn -0.6772 0.7176 0.1628
vn -0.5092 0.8605 0.0151
vn -0.5410 0.8138 0.2120
vn -0.7167 0.6961 0.0412
vn -0.7153 0.6975 0.0424
vn -0.4755 0.8632 -0.1695
vn -0.4364 0.8554 -0.2789
vn -0.4745 0.8800 0.0205
vn -0.4278 0.9018 -0.0613
vn -0.5676 0.8116 0.1384
vn -0.5624 0.7720 0.2962
vn -0.5872 0.7561 0.2891
vn -0.4660 0.8518 0.2392
vn -0.4675 0.7937 0.3893
vn -0.4796 0.7826 0.3969
vn -0.4489 0.8915 0.0614
vn -0.4216 0.8765 0.2325
vn -0.3496 0.8945 0.2785
vn -0.3474 0.8545 0.3862
vn -0.2813 0.9486 0.1451
vn -0.3048 0.9215 0.2408
vn -0.2974 0.9405 0.1643
vn -0.3165 0.9454 -0.0774
vn -0.2048 0.9165 0.3438
vn -0.1144 0.9470 0.3001
vn -0.1544 0.9758 0.1550
vn -0.2221 0.8426 0.4906
vn -0.3381 0.8542 0.3950
vn -0.1398 0.9287 0.3436
vn -0.3119 0.9314 0.1874
vn -0.3596 0.9330 -0.0112
vn -0.1726 0.9846 -0.0265
vn -0.1368 0.9831 0.1213
vn -0.3288 0.9313 -0.1568
vn -0.2011 0.9649 -0.1689
vn -0.1681 0.9843 -0.0533
vn -0.3456 0.9127 -0.2179
vn -0.4113 0.8628 -0.2941
vn -0.1895 0.9589 -0.2113
vn -0.2443 0.9051 -0.3479
vn -0.0452 0.9898 -0.1352
vn -0.0841 0.9569 -0.2779
vn -0.3995 0.8542 -0.3327
vn -0.4522 0.7504 -0.4821
vn -0.2465 0.9241 -0.2920
vn -0.3286 0.8629 -0.3840
vn -0.3277 0.7977 -0.5062
vn -0.3020 0.8470 -0.4374
vn -0.1713 0.8767 -0.4494
vn -0.1752 0.8774 -0.4466
vn -0.0714 0.9405 -0.3323
vn -0.1521 0.8413 -0.5187
vn -0.2000 0.7800 -0.5929
vn -0.1512 0.7136 -0.6840
vn -0.1727 0.6330 -0.7547
vn -0.0691 0.8340 -0.5475
vn -0.0599 0.7231 -0.6882
vn 0.0129 0.8526 -0.5225
vn -0.1319 0.5711 -0.8102
vn -0.0300 0.7050 -0.7086
vn -0.0246 0.5797 -0.8145
vn -0.1500 0.4968 -0.8548
vn 0.0157 0.7364 -0.6764
vn 0.0179 0.8401 -0.5422
vn 0.0648 0.7174 -0.6937
vn 0.1135 0.7699 -0.6280
vn -0.0853 0.4226 -0.9023
vn -0.1277 0.3355 -0.9334
vn -0.0356 0.2804 -0.9592
vn -0.0074 0.3686 -0.9296
vn -0.0246 0.4261 -0.9043
vn 0.0043 0.5396 -0.8419
vn 0.0334 0.5458 -0.8373
vn 0.0902 0.6463 -0.7578
vn 0.1150 0.4727 -0.8737
vn 0.2211 0.5861 -0.7795
vn 0.1773 0.6353 -0.7516
vn 0.2001 0.7526 -0.6273
vn 0.1533 0.7774 -0.6101
vn 0.2513 0.7585 -0.6012
vn 0.1632 0.8416 -0.5149
vn 0.3349 0.7023 -0.6282
vn 0.3398 0.6721 -0.6579
vn 0.4413 0.5851 -0.6804
vn 0.2645 0.8204 -0.5069
vn 0.2343 0.8479 -0.4756
vn 0.0796 0.8756 -0.4764
vn 0.0148 0.8552 -0.5181
vn -0.0382 0.9331 -0.3575
vn 0.1333 0.9376 -0.3211
vn 0.0866 0.9543 -0.2859
vn 0.2398 0.8789 -0.4124
vn 0.1531 0.9368 -0.3145
vn 0.3995 0.7772 -0.4862
vn 0.3466 0.8737 -0.3414
vn 0.3893 0.7862 -0.4800
vn 0.4070 0.7556 -0.5132
vn 0.3549 0.8803 -0.3149
vn 0.4803 0.7046 -0.5223
vn 0.4411 0.5851 -0.6805
vn 0.5212 0.5497 -0.6528
vn 0.5555 0.6479 -0.5212
vn 0.5142 0.6961 -0.5010
vn 0.6053 0.6180 -0.5016
vn 0.4949 0.7969 -0.3464
vn 0.5246 0.7331 -0.4328
vn 0.4979 0.8178 -0.2886
vn 0.6377 0.6469 -0.4181
vn 0.5789 0.7334 -0.3564
vn 0.6936 0.6413 -0.3282
vn 0.5830 0.7699 -0.2597
vn 0.5271 0.8194 -0.2255
vn 0.7046 0.6552 -0.2726
vn 0.6659 0.7098 -0.2297
vn 0.7058 0.6543 -0.2715
vn 0.6613 0.7423 -0.1082
vn 0.7762 0.6112 -0.1547
vn 0.6972 0.7166 -0.0198
vn 0.5302 0.8108 -0.2478
vn 0.5638 0.8231 -0.0681
vn 0.3952 0.9137 -0.0951
vn 0.5628 0.8241 -0.0644
vn 0.4317 0.9020 -0.0030
vn 0.5751 0.8160 0.0587
vn 0.5438 0.8311 0.1161
vn 0.4212 0.9021 0.0943
vn 0.6470 0.7612 0.0440
vn 0.6998 0.7132 -0.0391
vn 0.6575 0.7329 0.1751
vn 0.5396 0.8114 0.2245
vn 0.7300 0.6810 0.0586
vn 0.6621 0.7274 0.1800
vn 0.6988 0.7001 0.1471
vn 0.5087 0.8074 0.2990
vn 0.5955 0.7464 0.2973
vn 0.5089 0.8072 0.2993
vn 0.6599 0.7512 0.0127
vn 0.5507 0.8321 0.0651
vn 0.6166 0.7787 0.1160
vn 0.4264 0.8267 0.3672
vn 0.5013 0.8100 0.3044
vn 0.4446 0.7974 0.4081
vn 0.3741 0.8819 0.2869
vn 0.3724 0.9142 0.1599
vn 0.3530 0.8784 0.3221
vn 0.3364 0.8538 0.3973
vn 0.2781 0.9072 0.3156
vn 0.2106 0.9263 0.3124
vn 0.2304 0.8898 0.3939
vn 0.3726 0.9141 0.1599
vn 0.4175 0.9005 -0.1215
vn 0.5123 0.8445 0.1562
vn 0.1943 0.9480 0.2523
vn 0.1984 0.9331 0.3000
vn 0.2429 0.9684 0.0565
vn 0.1565 0.9681 0.1956
vn 0.1595 0.9649 -0.2087
vn 0.2640 0.9628 -0.0584
vn 0.2872 0.9101 0.2987
vn 0.1970 0.8898 0.4116
vn 0.1134 0.9860 -0.1225
vn 0.0777 0.9020 0.4247
vn 0.0383 0.9738 0.2241
vn 0.0960 0.9370 0.3359
vn -0.0290 0.9811 0.1914
vn 0.0082 0.9213 0.3887
vn 0.2603 0.9170 -0.3023
vn 0.3240 0.9214 -0.2147
vn 0.1130 0.9747 -0.1929
vn -0.0386 0.9556 -0.2920
vn 0.0202 0.9961 0.0858
vn 0.0084 0.9993 0.0356
vn -0.1914 0.9777 0.0858
vn -0.0440 0.9304 0.3639
vn -0.1095 0.9181 0.3810
vn -0.1748 0.9527 0.2485
vn -0.0467 0.9644 0.2604
vn -0.0155 0.9509 0.3091
vn 0.0576 0.9512 0.3031
vn 0.1228 0.9733 0.1942
vn -0.1693 0.9856 -0.0018
vn -0.3550 0.9349 -0.0039
vn -0.1678 0.9549 -0.2450
vn 0.0567 0.9165 -0.3960
vn -0.3260 0.9163 -0.2325
vn -0.1366 0.9237 -0.3580
vn 0.1291 0.9707 0.2026
vn 0.0191 0.8043 -0.5939
vn 0.1246 0.9003 -0.4171
vn 0.0723 0.9855 0.1532
vn -0.0164 0.9781 0.2076
vn -0.0876 0.9888 0.1205
vn -0.0375 0.9977 0.0563
vn -0.0384 0.9908 -0.1297
vn 0.0284 0.9993 -0.0229
vn 0.0896 0.9944 0.0561
vn 0.0417 0.9907 -0.1297
vn 0.1403 0.9899 -0.0191
vn 0.0461 0.9894 -0.1377
vn 0.1832 0.9821 -0.0442
vn 0.2080 0.9695 -0.1298
vn 0.2381 0.9637 0.1211
vn 0.2145 0.9664 -0.1414
vn 0.3234 0.9444 -0.0601
vn 0.2146 0.9551 -0.2041
vn 0.4098 0.9079 -0.0879
vn 0.3442 0.8990 -0.2706
vn 0.1033 0.7286 -0.6771
vn 0.0516 0.7455 -0.6646
vn 0.1651 0.7565 -0.6328
vn 0.2622 0.7299 -0.6312
vn 0.2492 0.8244 -0.5082
vn 0.3055 0.7477 -0.5895
vn -0.5473 0.4828 -0.6837
vn 0.2472 0.8002 -0.5465
vn 0.1654 0.7579 -0.6310
vn 0.4855 0.7452 -0.4572
vn 0.0060 0.7719 -0.6357
vn 0.0665 0.8198 -0.5688
vn 0.2460 0.7960 -0.5531
vn 0.3522 0.8765 -0.3282
vn 0.0735 0.8969 -0.4360
vn 0.1302 0.9245 -0.3583
vn -0.0625 0.7785 -0.6246
vn -0.1282 0.7534 -0.6449
vn -0.1214 0.7978 -0.5906
vn -0.0685 0.8453 -0.5299
vn -0.0164 0.9292 -0.3692
vn -0.2053 0.7596 -0.6171
vn -0.0974 0.7836 -0.6136
vn -0.1793 0.9029 -0.3907
vn -0.2319 0.8712 -0.4327
vn -0.0340 0.9562 -0.2908
vn -0.1325 0.9679 -0.2136
vn -0.3449 0.8701 -0.3521
vn -0.3330 0.7469 -0.5756
vn -0.3730 0.7592 -0.5334
vn -0.2986 0.8008 -0.5192
vn -0.3239 0.9157 -0.2380
vn -0.4667 0.7953 -0.3869
vn -0.4503 0.7444 -0.4930
vn -0.4166 0.8876 -0.1967
vn -0.4468 0.8734 0.1938
vn -0.4810 0.8670 0.1299
vn -0.4895 0.8702 -0.0563
vn -0.4236 0.9049 0.0419
vn -0.4400 0.8300 -0.3428
vn -0.6238 0.7770 0.0845
vn -0.5597 0.8231 -0.0958
vn -0.5986 0.7913 -0.1246
vn -0.5773 0.8078 -0.1191
vn -0.6293 0.7769 -0.0204
vn -0.6241 0.7772 -0.0807
vn -0.6792 0.7330 -0.0382
vn -0.6281 0.7310 -0.2667
vn -0.5117 0.7599 -0.4010
vn -0.6366 0.7340 -0.2365
vn -0.4923 0.8326 -0.2536
vn -0.5838 0.8049 -0.1061
vn -0.4140 0.8939 -0.1718
vn -0.3877 0.8998 -0.2003
vn -0.5840 0.8117 0.0101
vn -0.6830 0.7261 -0.0792
vn -0.6464 0.7600 0.0675
vn -0.7242 0.6881 0.0458
vn -0.6734 0.7263 0.1379
vn -0.3765 0.9068 -0.1896
vn -0.1386 0.9725 -0.1871
vn -0.4010 0.8886 -0.2224
vn -0.5529 0.8320 0.0447
vn -0.2201 0.9711 0.0927
vn -0.3939 0.8861 0.2442
vn -0.1403 0.9894 -0.0379
vn -0.2927 0.9520 0.0893
vn -0.0822 0.9948 0.0609
vn 0.0194 0.9930 -0.1167
vn -0.4786 0.8370 0.2652
vn -0.6544 0.7193 0.2331
vn -0.0656 0.9882 0.1382
vn -0.1571 0.9407 0.3008
vn -0.0216 0.9774 0.2102
vn -0.3895 0.8922 0.2285
vn -0.5097 0.8330 0.2153
vn 0.0663 0.9885 0.1362
vn 0.1043 0.9935 -0.0450
vn -0.0176 0.8898 0.4559
vn 0.1218 0.9293 0.3486
vn -0.1445 0.8875 0.4376
vn -0.0121 0.8985 0.4387
vn -0.3387 0.8563 0.3899
vn -0.1144 0.9092 0.4003
vn -0.3393 0.7951 0.5028
vn -0.5318 0.7003 0.4762
vn -0.1453 0.7771 0.6124
vn -0.2941 0.7392 0.6058
vn -0.0010 0.8575 0.5145
vn -0.0983 0.7482 0.6562
vn 0.0956 0.7851 0.6120
vn 0.1945 0.9013 0.3871
vn 0.0850 0.8174 0.5698
vn 0.1806 0.9016 0.3931
vn 0.2093 0.7252 0.6559
vn 0.2699 0.7337 0.6235
vn 0.1202 0.6099 -0.7833
vn 0.2412 0.6556 -0.7155
vn -0.1432 0.6076 -0.7812
vn 0.1206 0.6095 -0.7836
vn 0.1810 0.9017 0.3928
vn 0.2944 0.9511 0.0938
vn 0.1151 0.9917 -0.0573
vn 0.1533 0.9508 -0.2691
vn 0.3465 0.8975 -0.2727
vn 0.3520 0.9342 0.0575
vn 0.3845 0.9156 -0.1179
vn 0.3738 0.8453 0.3818
vn 0.4367 0.8713 0.2239
vn 0.3847 0.7767 0.4988
vn 0.3191 0.7167 0.6201
vn 0.5053 0.8355 0.2159
vn 0.3269 0.6997 0.6353
vn 0.4954 0.7219 0.4833
vn 0.5232 0.7725 0.3599
vn 0.4644 0.6272 0.6252
vn 0.5029 0.6977 0.5101
vn -0.1275 -0.3095 0.9423
vn 0.4606 0.6395 0.6155
vn 0.5698 0.8157 0.0997
vn 0.5135 0.8486 -0.1269
vn 0.6462 0.6869 0.3326
vn 0.6533 0.7523 0.0855
vn 0.6222 0.7824 -0.0270
vn 0.6535 0.6320 0.4166
vn 0.7187 0.6729 0.1751
vn 0.6460 0.5974 0.4751
vn 0.6334 0.5933 0.4968
vn 0.5820 0.5489 0.5999
vn 0.5390 0.7978 -0.2702
vn 0.4213 0.7697 -0.4796
vn 0.6570 0.7527 0.0422
vn 0.5763 0.7779 -0.2508
vn 0.4426 0.7547 -0.4843
vn 0.4212 0.8491 -0.3187
vn 0.5993 0.7512 -0.2767
vn 0.5833 0.7471 -0.3189
vn 0.6824 0.7265 -0.0805
vn 0.6669 0.7305 -0.1470
vn 0.5789 0.7642 -0.2844
vn 0.6363 0.7704 -0.0402
vn 0.5879 0.8065 -0.0632
vn 0.6256 0.7771 -0.0690
vn 0.6279 0.7769 -0.0461
vn 0.7316 0.6778 0.0723
vn 0.6814 0.7206 0.1283
vn 0.7266 0.6688 0.1572
vn 0.6201 0.7821 -0.0611
vn 0.6385 0.7687 -0.0370
vn 0.7338 0.5828 0.3491
vn 0.5875 0.5313 0.6104
vn 0.6906 0.5142 0.5086
vn 0.6859 0.6389 0.3484
vn 0.7956 0.6058 0.0024
vn 0.6525 0.7545 0.0707
vn 0.6407 0.4431 0.6271
vn 0.5160 0.4970 0.6977
vn 0.6814 0.6410 0.3533
vn 0.6156 0.3834 0.6885
vn 0.5293 0.3394 0.7776
vn 0.6644 0.7199 0.2006
vn 0.6081 0.7907 0.0708
vn 0.4097 0.8281 0.3826
vn 0.6669 0.7167 0.2039
vn 0.5190 0.5871 0.6213
vn 0.4380 0.6377 0.6337
vn 0.5823 0.3991 0.7083
vn 0.3537 0.3379 0.8722
vn -0.0728 0.4621 0.8838
vn 0.5920 0.8015 0.0846
vn 0.2354 0.5721 0.7857
vn 0.1935 0.9382 0.2869
vn 0.4590 0.8537 0.2462
vn 0.5920 0.8012 0.0874
vn 0.4107 0.8891 0.2019
vn 0.6280 0.7740 -0.0809
vn 0.4978 -0.2467 0.8315
vn -0.4790 0.8193 -0.3151
vn -0.0470 -0.0783 -0.9958
vn -0.2899 -0.1067 -0.9511
vn 0.1449 0.1119 -0.9831
vn -0.3495 0.9366 -0.0242
vn 0.1363 0.1300 -0.9821
vn -0.2775 0.3063 -0.9106
vn -0.1127 0.0870 -0.9898
vn -0.4706 0.6951 -0.5434
vn -0.2298 0.3086 -0.9230
vn 0.1127 0.5852 -0.8030
vn -0.1760 0.4785 -0.8603
vn 0.2906 0.2838 -0.9138
vn -0.2550 0.7753 -0.5778
vn -0.1143 0.9831 -0.1433
vn -0.1204 0.8755 -0.4680
vn 0.1439 0.7401 -0.6569
vn 0.2355 0.8782 -0.4162
vn 0.2385 0.8721 -0.4273
vn -0.1326 0.9064 -0.4011
vn -0.0561 0.9425 -0.3294
vn 0.1491 0.9859 0.0763
vn 0.4025 0.9148 -0.0341
vn 0.4143 0.9082 -0.0603
vn 0.4497 0.8688 -0.2071
vn 0.3353 0.9217 -0.1953
vn 0.5505 0.8299 -0.0905
vn 0.4919 0.8557 -0.1608
vn 0.5656 0.8167 -0.1143
vn 0.1023 0.5067 -0.8560
vn 0.6568 0.7415 -0.1370
vn 0.4744 0.5603 -0.6790
vn 0.3157 0.8503 -0.4212
vn 0.4671 0.8557 -0.2228
vn 0.4770 0.5863 -0.6547
vn 0.6194 0.6722 -0.4055
vn 0.6129 0.6721 -0.4154
vn 0.6195 0.6710 -0.4073
vn 0.4580 0.8516 -0.2550
vn 0.4895 0.8427 -0.2243
vn 0.4355 0.6255 -0.6474
vn 0.6237 0.6844 -0.3777
vn 0.6734 0.7018 -0.2323
vn 0.4631 0.6739 -0.5757
vn 0.3395 0.6748 -0.6553
vn 0.5551 0.7212 -0.4145
vn 0.5147 0.7152 -0.4727
vn 0.3254 0.7330 -0.5973
vn 0.4885 0.7650 -0.4196
vn 0.3179 0.7119 -0.6262
vn 0.4941 0.7784 -0.3873
vn 0.3236 0.6753 -0.6627
vn 0.3811 0.8289 -0.4094
vn 0.2262 0.8212 -0.5239
vn 0.5252 0.7922 -0.3107
vn 0.3602 0.8551 -0.3728
vn 0.3362 0.8635 -0.3759
vn 0.5048 0.8544 -0.1236
vn 0.6401 0.7557 -0.1381
vn 0.6479 0.7494 -0.1367
vn 0.6289 0.7775 -0.0040
vn 0.6886 0.7236 -0.0471
vn 0.6220 0.7825 -0.0279
vn 0.4283 0.8783 -0.2125
vn 0.5193 0.8443 -0.1319
vn 0.3375 0.9393 -0.0615
vn 0.2674 0.9480 -0.1725
vn 0.6550 0.7457 0.1218
vn 0.6872 0.7160 0.1229
vn 0.4627 0.8797 0.1096
vn 0.6250 0.7496 0.2180
vn 0.5213 0.8240 0.2219
vn 0.6265 0.7449 0.2295
vn 0.7003 0.6788 0.2210
vn 0.4842 0.8118 0.3264
vn 0.5336 0.7672 0.3560
vn 0.4489 0.8868 0.1097
vn 0.3358 0.9418 0.0157
vn 0.4037 0.8397 0.3631
vn 0.3001 0.8944 0.3318
vn 0.1353 0.9780 0.1586
vn 0.6076 0.7909 0.0730
vn 0.1052 0.9881 0.1123
vn 0.1046 0.9885 0.1091
vn 0.2007 0.9714 -0.1272
vn -0.0297 0.9995 0.0148
vn -0.1663 0.8759 0.4530
vn 0.0965 0.9548 -0.2812
vn 0.1224 0.9377 0.3251
vn 0.1390 0.9335 0.3305
vn 0.1726 0.8627 -0.4754
vn 0.2145 0.8235 -0.5252
vn 0.1284 0.7571 -0.6406
vn -0.0736 0.8735 -0.4813
vn -0.0687 0.9829 -0.1709
vn -0.2079 0.7467 -0.6318
vn -0.0745 0.9838 -0.1628
vn -0.0985 0.7953 -0.5982
vn -0.1911 0.6823 -0.7057
vn -0.2274 0.8701 -0.4374
vn -0.3486 0.7258 -0.5931
vn -0.2201 0.9486 -0.2276
vn -0.2288 0.9420 -0.2455
vn -0.0452 0.9792 0.1979
vn -0.2061 0.9744 0.0900
vn -0.2699 0.9602 -0.0716
vn -0.0399 0.9386 0.3426
vn -0.4025 0.8062 0.4337
vn 0.0105 0.9234 0.3837
vn -0.2978 0.7293 -0.6159
vn -0.3451 0.8815 -0.3221
vn -0.3739 0.8201 -0.4331
vn -0.4845 0.8685 -0.1048
vn -0.4520 0.8128 -0.3675
vn -0.4937 0.8318 -0.2538
vn -0.3178 0.7118 -0.6263
vn -0.4559 0.7587 -0.4654
vn -0.3146 0.7374 -0.5978
vn -0.5058 0.7339 -0.4534
vn -0.4253 0.6337 -0.6462
vn -0.3021 0.7081 0.6383
vn -0.5528 0.7456 -0.3721
vn -0.5953 0.7681 -0.2358
vn -0.4234 0.6270 -0.6539
vn -0.4586 0.6296 0.6271
vn 0.1269 -0.3072 0.9431
vn -0.5100 0.6387 0.5761
vn -0.4861 0.5548 0.6752
vn -0.3360 0.9224 0.1904
vn -0.5768 0.7018 0.4180
vn -0.6494 0.6791 0.3420
vn -0.6588 0.7058 0.2603
vn -0.7251 0.6829 0.0882
vn -0.6560 0.6486 0.3861
vn -0.7250 0.6105 0.3189
vn -0.5862 0.5335 0.6096
vn -0.6056 0.5448 0.5800
vn -0.6546 0.7128 0.2518
vn -0.7230 0.6269 0.2901
vn -0.6585 0.5293 0.5350
vn -0.6797 0.6620 0.3158
vn -0.6225 0.7812 0.0476
vn -0.6544 0.5044 0.5633
vn -0.7931 0.5822 0.1790
vn -0.5671 0.8116 0.1404
vn -0.5673 0.8230 0.0283
vn -0.5541 0.8190 0.1487
vn -0.6142 0.5892 0.5250
vn -0.5988 0.5930 0.5384
vn -0.4096 0.3810 -0.8289
vn -0.6283 0.3911 0.6725
vn -0.3793 0.1546 -0.9123
vn -0.5761 0.6965 0.4277
vn -0.3056 0.9485 0.0832
vn -0.5086 0.8584 0.0668
vn -0.5531 0.6072 0.5704
vn -0.2755 0.5012 0.8203
vn -0.2615 0.8533 0.4512
vn -0.1172 0.8338 0.5394
vn -0.1659 0.6447 0.7462
vn -0.2780 0.4778 0.8333
vn -0.1758 0.5815 0.7943
vn -0.0849 0.5859 0.8060
vn -0.2028 0.1219 0.9716
vn -0.5145 -0.2644 0.8157
vn 0.2606 -0.1816 -0.9482
vn 0.3146 0.1191 -0.9417
vn 0.3798 0.7957 -0.4718
vn 0.2191 0.3806 -0.8984
vn 0.2144 0.0153 -0.9766
vn 0.2886 0.0155 -0.9573
vn -0.0122 0.1788 -0.9838
vn 0.2182 0.4364 -0.8729
vn -0.3062 0.3089 -0.9005
vn -0.0681 0.5339 -0.8428
vn -0.3971 0.6719 -0.6251
vn -0.4268 0.6938 -0.5801
vn 0.0834 0.6750 -0.7330
vn -0.4691 0.6712 -0.5740
vn -0.5406 0.5436 -0.6420
vn -0.5299 0.4810 -0.6985
vn -0.3988 0.6248 -0.6712
vn -0.5555 0.6909 -0.4626
vn -0.6049 0.6448 -0.4672
vn -0.5965 0.7297 -0.3342
vn -0.6701 0.7173 -0.1909
vn -0.6609 0.7285 -0.1803
vn -0.4889 0.7434 -0.4565
vn -0.6653 0.7389 -0.1063
vn -0.6374 0.7574 -0.1417
vn -0.6383 0.7531 -0.1591
vn -0.6263 0.7796 -0.0067
vn -0.5618 0.8268 -0.0295
vn -0.6914 0.7222 0.0193
vn -0.5261 0.8440 -0.1045
vn -0.4777 0.8604 -0.1776
vn -0.4181 0.9058 -0.0690
vn -0.5344 0.8117 0.2359
vn -0.6348 0.7721 0.0287
vn -0.4170 0.8931 0.1687
vn -0.5553 0.8149 0.1659
vn -0.6804 0.7228 0.1212
vn -0.5915 0.7428 0.3135
vn -0.6620 0.7119 0.2344
vn -0.5827 0.7544 0.3024
vn -0.6203 0.7790 0.0915
vn -0.3265 0.8960 0.3010
vn -0.1143 0.9474 0.2990
vn -0.3818 0.8559 0.3489
vn -0.5601 0.7556 0.3397
vn -0.1189 0.9732 0.1968
vn -0.3924 0.8941 0.2156
vn -0.2011 0.9691 0.1430
vn -0.2800 0.9533 0.1130
vn -0.1914 0.9724 0.1331
vn 0.0069 0.9842 0.1767
vn 0.0125 0.9855 0.1691
vn 0.2336 0.9537 0.1894
vn -0.5743 0.7997 0.1748
vn -0.4488 0.8747 0.1831
vn -0.0137 0.9921 -0.1245
vn 0.1814 0.9694 0.1654
vn -0.3075 0.9469 -0.0939
vn 0.0208 0.9831 -0.1817
vn -0.3090 0.9466 -0.0923
vn 0.1019 0.9944 -0.0271
vn 0.1197 0.9925 -0.0232
vn 0.3759 0.9079 0.1855
vn 0.3694 0.9094 0.1911
vn 0.4817 0.8527 0.2019
vn 0.3731 0.9141 0.1585
vn 0.5179 0.8427 0.1467
vn 0.2421 0.9691 0.0481
vn 0.5205 0.8514 0.0648
vn 0.5770 0.8011 0.1591
vn 0.5895 0.7865 0.1844
vn 0.5919 0.7865 0.1764
vn 0.6551 0.7425 0.1396
vn -0.5107 0.4048 0.7585
vn 0.5840 0.7927 0.1750
vn 0.5129 0.7745 0.3703
vn 0.5737 0.7687 0.2826
vn 0.4727 0.8434 0.2556
vn 0.4412 0.8490 0.2906
vn 0.5740 0.7688 0.2821
vn 0.4829 0.8210 0.3045
vn 0.6056 0.7893 0.1013
vn 0.7327 0.6789 -0.0476
vn 0.5738 0.8082 0.1323
vn 0.5789 0.8087 0.1044
vn 0.5717 0.8171 0.0741
vn 0.3700 0.9063 0.2043
vn 0.5749 0.8152 0.0700
vn 0.6172 0.7841 -0.0653
vn 0.5318 0.8466 -0.0231
vn 0.5308 0.8461 0.0483
vn 0.5364 0.8428 -0.0438
vn 0.4310 0.9023 0.0076
vn 0.3956 0.8913 0.2214
vn 0.5076 0.8583 -0.0749
vn 0.5072 0.8615 -0.0233
vn 0.3921 0.9199 -0.0095
vn 0.5033 0.8599 -0.0853
vn 0.4333 0.8978 -0.0785
vn 0.3285 0.9332 -0.1454
vn 0.3870 0.9134 -0.1265
vn 0.5343 0.8158 -0.2216
vn 0.4534 0.8785 -0.1506
vn 0.3840 0.9058 -0.1792
vn 0.3290 0.9331 -0.1454
vn 0.4413 0.8862 -0.1410
vn 0.4656 0.8742 -0.1376
vn 0.3351 0.9281 -0.1625
vn 0.4074 0.9090 -0.0878
vn 0.2328 0.9722 0.0245
vn 0.1565 0.9877 -0.0046
vn 0.2789 0.9483 -0.1512
vn 0.1960 0.9643 -0.1783
vn 0.2198 0.9684 0.1181
vn 0.0700 0.9955 -0.0637
vn 0.3073 0.9384 -0.1580
vn 0.1108 0.9752 -0.1914
vn 0.2801 0.9405 -0.1921
vn 0.1088 0.9721 -0.2079
vn 0.3104 0.9494 -0.0483
vn 0.2549 0.9656 -0.0512
vn 0.3429 0.8986 -0.2736
vn 0.3544 0.8998 -0.2546
vn 0.2700 0.9624 0.0309
vn 0.6575 0.7534 -0.0087
vn 0.6574 0.7532 -0.0226
vn 0.7346 0.6706 0.1031
vn 0.5209 0.7581 -0.3923
vn 0.5961 0.7608 -0.2567
vn 0.9117 0.3937 -0.1171
vn 0.9270 0.2370 -0.2908
vn 0.9238 0.2279 -0.3077
vn 0.8887 0.4433 -0.1173
vn 0.7050 0.6956 -0.1385
vn 0.2780 0.9479 -0.1559
vn 0.3862 0.9224 0.0088
vn 0.9486 0.2841 -0.1393
vn 0.9130 0.1324 -0.3859
vn 0.7967 0.2482 -0.5510
vn 0.9853 0.1236 -0.1183
vn 0.8586 0.5121 -0.0241
vn 0.9921 0.0714 0.1032
vn 0.6239 0.7614 -0.1761
vn 0.8709 0.4862 0.0715
vn 0.4654 0.8846 -0.0310
vn 0.4384 0.8969 -0.0573
vn 0.7940 0.6054 0.0559
vn 0.7830 0.6212 0.0334
vn 0.9978 0.0481 -0.0461
vn 0.9377 0.1327 -0.3212
vn 0.9848 0.1642 0.0564
vn 0.9628 0.1600 0.2179
vn 0.9643 0.1677 0.2050
vn 0.9095 0.3676 -0.1940
vn 0.9147 0.3373 0.2225
vn 0.9103 0.3416 -0.2339
vn 0.9297 0.3452 -0.1286
vn 0.7771 0.3979 -0.4876
vn 0.7019 0.3805 -0.6021
vn 0.9069 0.1476 0.3947
vn 0.9220 0.3077 0.2349
vn 0.9211 0.3290 0.2082
vn 0.8148 0.2790 0.5083
vn 0.8662 0.4871 -0.1111
vn 0.8433 0.4273 0.3261
vn 0.8547 0.4736 0.2128
vn 0.8484 0.5123 0.1334
vn 0.8120 0.2806 0.5118
vn 0.8318 0.2928 0.4715
vn 0.8148 0.4324 0.3863
vn 0.8460 0.4325 0.3120
vn 0.8724 0.2794 0.4011
vn 0.7700 0.5330 -0.3507
vn 0.7326 0.5020 -0.4597
vn 0.8734 0.4588 0.1634
vn 0.8460 0.4320 0.3126
vn 0.7584 0.4806 -0.4403
vn 0.8108 0.5420 -0.2210
vn 0.8633 0.4631 0.2006
vn 0.8882 0.3240 0.3257
vn 0.8506 0.4841 -0.2055
vn 0.9371 0.3489 -0.0109
vn 0.8765 0.4761 -0.0712
vn 0.9339 0.2769 0.2264
vn 0.9317 0.3289 0.1538
vn 0.9040 0.2520 0.3454
vn 0.8481 0.4531 0.2747
vn 0.8942 0.2460 0.3739
vn 0.8953 0.2346 0.3788
vn 0.9098 0.3336 0.2469
vn 0.9100 0.2983 0.2880
vn 0.8922 0.4067 0.1965
vn 0.8111 0.5762 0.1007
vn 0.8057 0.5923 -0.0060
vn 0.8116 0.4539 0.3678
vn 0.7677 0.6061 0.2079
vn 0.7884 0.4044 0.4636
vn 0.7995 0.4582 0.3884
vn 0.8461 0.3772 0.3766
vn 0.8807 0.3125 0.3560
vn 0.8218 0.5696 0.0147
vn 0.6088 0.6551 0.4474
vn 0.6143 0.5889 0.5251
vn 0.6608 0.6895 0.2964
vn 0.5729 0.7016 0.4237
vn 0.6072 0.7941 0.0260
vn 0.5456 0.8352 0.0695
vn 0.7333 0.6487 -0.2036
vn 0.6212 0.7530 -0.2172
vn 0.7538 0.5745 -0.3189
vn 0.7644 0.5598 -0.3198
vn 0.7390 0.4890 -0.4634
vn 0.5829 0.6787 -0.4467
vn 0.6659 0.4489 -0.5959
vn 0.5521 0.7925 -0.2592
vn 0.5467 0.8344 0.0695
vn 0.4367 0.8928 -0.1101
vn 0.3644 0.9134 0.1815
vn 0.5269 0.7316 0.4327
vn 0.3838 0.9168 -0.1103
vn 0.5463 0.7934 -0.2683
vn 0.2480 0.9229 -0.2944
vn 0.2970 0.9370 0.1837
vn 0.2173 0.9734 0.0730
vn 0.3553 0.7905 0.4988
vn 0.3429 0.9334 0.1057
vn 0.2587 0.8378 0.4808
vn 0.3044 0.7264 0.6162
vn 0.0503 0.9272 0.3712
vn 0.4705 0.6565 0.5896
vn 0.1609 0.9857 0.0504
vn 0.0637 0.9923 0.1060
vn 0.1129 0.9897 -0.0883
vn 0.2820 0.9179 -0.2793
vn -0.0444 0.9934 0.1061
vn -0.0000 0.9875 -0.1576
vn -0.0557 0.9908 -0.1232
vn 0.2102 0.9040 -0.3724
vn -0.0000 0.9669 -0.2550
vn 0.2098 0.9121 -0.3522
vn 0.2832 0.8549 -0.4346
vn 0.5421 0.7412 -0.3959
vn 0.5801 0.6806 -0.4475
vn 0.2820 0.8125 -0.5102
vn 0.4571 0.6698 -0.5852
vn -0.0521 0.8576 -0.5117
vn 0.0678 0.7625 -0.6434
vn -0.1624 0.9230 -0.3487
vn -0.1012 0.8624 -0.4960
vn 0.4426 0.6423 -0.6257
vn -0.3432 0.9016 -0.2633
vn 0.6190 0.4001 -0.6759
vn 0.3411 0.6043 -0.7200
vn 0.0685 0.7939 -0.6042
vn 0.5835 0.3291 -0.7424
vn 0.2996 0.5083 -0.8074
vn 0.3763 0.4072 -0.8322
vn 0.2022 0.4962 -0.8443
vn -0.0996 0.6265 -0.7730
vn 0.4010 0.2460 -0.8824
vn 0.4988 0.0852 -0.8625
vn 0.5595 0.1637 -0.8125
vn 0.5108 0.2300 -0.8284
vn 0.2050 0.2270 -0.9521
vn 0.0646 -0.3391 -0.9385
vn 0.3901 0.3687 -0.8437
vn 0.4918 -0.1425 -0.8590
vn 0.5140 -0.1812 -0.8384
vn 0.3704 0.2233 -0.9016
vn 0.1465 0.3805 -0.9131
vn 0.3703 0.2353 -0.8986
vn -0.1522 0.2967 -0.9428
vn -0.0263 0.2719 -0.9620
vn 0.2206 0.2711 -0.9370
vn -0.2468 0.4027 -0.8814
vn -0.3899 0.2248 -0.8930
vn -0.3095 0.3586 -0.8807
vn -0.2123 0.4907 -0.8451
vn 0.3801 0.6851 -0.6214
vn -0.2704 0.7010 -0.6599
vn -0.3043 0.6527 -0.6938
vn -0.2764 0.7884 -0.5496
vn -0.4716 0.5937 -0.6520
vn -0.5358 0.4338 -0.7244
vn -0.4741 0.7671 -0.4322
vn -0.5459 0.6834 -0.4848
vn -0.4764 0.7997 -0.3655
vn -0.7183 0.6654 -0.2033
vn -0.7100 0.5613 -0.4252
vn -0.7293 0.6491 -0.2165
vn -0.7319 0.5207 -0.4395
vn -0.5475 0.4229 -0.7221
vn -0.7339 0.5187 -0.4385
vn -0.8680 0.4603 -0.1862
vn -0.8628 0.5032 -0.0482
vn -0.7312 0.5081 -0.4551
vn -0.5587 0.2794 -0.7809
vn -0.7159 0.5256 -0.4597
vn -0.7190 0.6738 -0.1704
vn -0.3539 -0.0739 -0.9323
vn -0.8274 0.5546 -0.0884
vn -0.8117 0.5225 -0.2609
vn -0.8921 0.4480 -0.0592
vn -0.8455 0.5340 -0.0034
vn -0.8442 0.5358 0.0127
vn -0.8032 0.5955 0.0171
vn -0.9355 0.3348 0.1130
vn -0.8447 0.4882 0.2194
vn -0.8989 0.4168 0.1355
vn -0.8377 0.4261 -0.3416
vn -0.8520 0.4536 0.2615
vn -0.8991 0.4129 0.1454
vn -0.9320 0.3293 0.1513
vn -0.8853 0.4327 0.1702
vn -0.8307 0.4013 0.3858
vn -0.9279 0.2751 0.2515
vn -0.9078 0.3894 0.1560
vn -0.7843 0.5206 0.3373
vn -0.9160 0.2650 0.3011
vn -0.8018 0.4763 0.3609
vn -0.8980 0.2143 0.3843
vn -0.7900 0.4105 0.4554
vn -0.7840 0.5212 0.3372
vn -0.7380 0.6483 0.1874
vn -0.6110 0.6372 0.4697
vn -0.6333 0.7475 0.2006
vn -0.5476 0.6971 0.4628
vn -0.6148 0.5662 0.5491
vn -0.6650 0.5175 0.5385
vn -0.4385 0.6632 0.6066
vn -0.2906 0.7563 0.5861
vn -0.3945 0.7794 0.4867
vn -0.1829 0.7123 0.6777
vn -0.1501 0.7701 0.6200
vn -0.5984 0.7794 0.1856
vn -0.6389 0.7621 -0.1047
vn -0.3340 0.9367 -0.1052
vn -0.3422 0.9321 -0.1188
vn -0.3285 0.9442 0.0247
vn -0.4419 0.8752 0.1966
vn -0.1149 0.9824 0.1475
vn -0.0895 0.9145 0.3947
vn -0.3634 0.8770 0.3144
vn -0.1885 0.8993 0.3947
vn -0.6532 0.0536 0.7553
vn 0.0031 0.8967 0.4426
vn 0.0304 0.8741 0.4849
vn -0.0111 0.8089 0.5878
vn 0.1620 0.7515 0.6395
vn 0.1466 0.7509 0.6439
vn -0.1453 0.7510 0.6441
vn 0.1648 0.8275 0.5368
vn -0.1619 0.8216 0.5465
vn -0.3015 0.7483 0.5909
vn -0.5237 0.6383 0.5642
vn -0.6582 0.5969 0.4588
vn -0.0682 0.8393 0.5394
vn 0.2256 0.8141 0.5351
vn 0.5163 0.7262 0.4540
vn -0.4636 0.7410 0.4857
vn -0.4843 0.7353 0.4741
vn -0.0723 0.8894 0.4514
vn 0.3587 0.8355 0.4163
vn 0.1798 0.8824 0.4347
vn -0.0000 0.8702 0.4927
vn 0.4109 0.7775 0.4761
vn 0.4246 0.7773 0.4641
vn 0.7020 0.6167 0.3562
vn -0.7045 0.5742 0.4171
vn 0.7798 0.5588 0.2822
vn 0.7384 0.5803 0.3435
vn 0.8945 0.3830 0.2305
vn 0.8101 0.5693 0.1402
vn 0.8016 0.5361 0.2647
vn 0.7923 0.5937 0.1402
vn 0.7829 0.5987 0.1689
vn 0.6367 0.7651 0.0958
vn 0.7138 0.6921 0.1071
vn 0.7018 0.6805 0.2106
vn 0.6274 0.7761 0.0635
vn 0.5470 0.8213 0.1619
vn 0.4440 0.8845 0.1431
vn 0.4326 0.8850 0.1722
vn 0.6006 0.7700 0.2152
vn 0.7391 0.6035 0.2991
vn 0.5761 0.7493 0.3266
vn 0.6150 0.7385 0.2764
vn 0.7267 0.6050 0.3253
vn 0.5293 0.7615 0.3742
vn 0.4029 -0.3456 0.8475
vn 0.5105 0.8315 0.2189
vn 0.5111 0.7779 0.3656
vn 0.4587 0.7583 0.4632
vn 0.6199 0.6572 0.4287
vn 0.4747 0.6837 0.5543
vn 0.6866 0.6144 0.3886
vn 0.5745 0.6412 0.5087
vn 0.4227 0.8314 0.3606
vn 0.4461 0.8833 0.1443
vn 0.3853 0.7867 0.4824
vn 0.3951 0.8472 0.3553
vn 0.7073 0.6172 0.3446
vn 0.7285 0.6016 0.3277
vn 0.3749 0.8919 0.2531
vn 0.3979 0.8478 0.3505
vn 0.3624 0.8752 0.3204
vn 0.3736 0.9228 0.0941
vn 0.3393 0.8758 0.3433
vn 0.3608 0.9165 0.1727
vn 0.3227 0.9436 0.0737
vn 0.4005 0.8873 0.2287
vn 0.4107 0.9002 0.1447
vn 0.4199 0.8464 0.3276
vn 0.3657 0.9305 0.0215
vn 0.4153 0.8996 0.1349
vn 0.3680 0.9298 -0.0099
vn 0.4127 0.9097 -0.0448
vn 0.4599 0.8877 -0.0233
vn 0.4514 0.8872 0.0959
vn 0.4854 0.8724 -0.0565
vn 0.4938 0.8624 -0.1119
vn 0.3745 0.9254 0.0584
vn 0.4629 0.8839 -0.0670
vn 0.4672 0.8799 -0.0864
vn 0.3812 0.9198 0.0930
vn 0.4668 0.8837 -0.0333
vn 0.4321 0.8989 0.0721
vn 0.6192 0.7842 -0.0399
vn 0.5248 0.8381 -0.1489
vn 0.3384 0.9172 0.2104
vn 0.2605 0.9057 0.3345
vn 0.3261 0.8970 0.2985
vn 0.4000 0.8704 0.2872
vn 0.3209 0.8566 0.4040
vn 0.4307 0.8999 0.0691
vn 0.4125 0.8688 0.2738
vn 0.5724 0.8173 0.0661
vn 0.5806 0.8122 -0.0560
vn 0.3291 0.9007 0.2835
vn 0.4608 0.8486 0.2599
vn 0.3139 0.8427 0.4375
vn 0.5195 0.8359 0.1773
vn 0.5682 0.8212 0.0534
vn 0.4714 0.8316 0.2938
vn 0.4063 0.7951 0.4502
vn 0.5781 0.7949 0.1846
vn 0.5542 0.7925 0.2545
vn 0.5682 0.7754 0.2754
vn 0.4059 0.7879 0.4632
vn 0.6215 0.7749 0.1148
vn 0.6279 0.7762 0.0569
vn 0.6126 0.7901 0.0202
vn 0.6950 0.7075 0.1284
vn 0.6437 0.7267 0.2398
vn 0.7290 0.6835 0.0360
vn 0.7041 0.7006 0.1156
vn 0.6885 0.7218 -0.0707
vn 0.7325 0.6802 0.0284
vn 0.6874 0.7238 -0.0604
vn 0.6320 0.7678 -0.1052
vn 0.8040 0.5907 -0.0688
vn 0.7369 0.6647 -0.1231
vn 0.8018 0.5949 -0.0576
vn 0.6240 0.7781 -0.0717
vn 0.7359 0.6684 -0.1078
vn 0.6953 0.6981 -0.1708
vn 0.6167 0.7615 -0.1996
vn 0.5046 0.8563 -0.1098
vn 0.6172 0.7607 -0.2010
vn 0.6941 0.6904 -0.2038
vn 0.5168 0.8402 -0.1644
vn 0.5291 0.8339 -0.1569
vn 0.6043 0.7631 -0.2291
vn 0.5583 0.7989 -0.2237
vn 0.7127 0.6653 -0.2222
vn 0.5386 0.8234 -0.1785
vn 0.5703 0.7919 -0.2185
vn 0.5344 0.8317 -0.1504
vn 0.6363 0.7268 -0.2586
vn 0.6858 0.6735 -0.2759
vn 0.5938 0.7847 -0.1781
vn 0.5966 0.7827 -0.1774
vn 0.7501 0.6234 -0.2206
vn 0.7892 0.3670 -0.4925
vn 0.7774 0.5987 -0.1932
vn 0.7728 0.6012 -0.2035
vn 0.6318 0.7434 -0.2194
vn 0.6761 0.7066 -0.2085
vn 0.7040 0.6651 -0.2491
vn 0.6291 0.7745 -0.0655
vn 0.5969 0.7991 -0.0718
vn 0.6062 0.7884 -0.1044
vn 0.6305 0.7729 -0.0708
vn 0.5917 0.7992 -0.1052
vn 0.5181 0.8511 -0.0849
vn 0.6757 0.7121 -0.1907
vn 0.6928 0.7158 -0.0873
vn 0.6564 0.7422 -0.1354
vn 0.6831 0.7156 -0.1461
vn 0.7591 0.6505 -0.0251
vn 0.6826 0.7160 -0.1461
vn 0.6973 0.6789 -0.2300
vn 0.7451 0.6407 -0.1853
vn 0.7252 0.6516 -0.2227
vn 0.7111 0.6760 -0.1932
vn 0.7456 0.6388 -0.1896
vn 0.6943 0.6995 -0.1693
vn 0.7656 0.6251 -0.1517
vn 0.6835 0.7215 -0.1108
vn 0.6724 0.7306 -0.1186
vn 0.7043 0.6956 -0.1417
vn 0.7553 0.6298 -0.1816
vn 0.6840 0.7149 -0.1450
vn 0.7626 0.6168 -0.1948
vn 0.6807 0.7301 -0.0597
vn 0.7829 0.5974 -0.1738
vn 0.7355 0.6764 -0.0399
vn 0.7361 0.6751 0.0485
vn 0.7841 0.6076 -0.1265
vn 0.8154 0.5582 -0.1536
vn 0.7824 0.6036 -0.1533
vn 0.8025 0.5580 -0.2112
vn 0.8091 0.4804 -0.3386
vn 0.8127 0.5173 -0.2681
vn 0.7758 0.5751 -0.2595
vn 0.7712 0.5903 -0.2385
vn 0.7751 0.5707 -0.2711
vn 0.7479 0.6203 -0.2362
vn 0.7702 0.5884 -0.2462
vn 0.7768 0.5700 -0.2677
vn 0.8068 0.5450 -0.2281
vn 0.7937 0.5542 -0.2509
vn 0.8122 0.5317 -0.2402
vn 0.7990 0.5239 -0.2952
vn 0.8241 0.5005 -0.2652
vn 0.8126 0.4406 -0.3815
vn 0.8103 0.3848 -0.4419
vn 0.8016 0.5076 -0.3158
vn 0.7816 0.5196 -0.3452
vn 0.8112 0.4777 -0.3374
vn 0.7932 0.4243 -0.4368
vn 0.7756 0.3311 -0.5374
vn 0.7773 0.3228 -0.5401
vn 0.7630 0.2749 -0.5851
vn 0.8026 0.3277 -0.4984
vn 0.7990 0.2482 -0.5477
vn 0.7864 0.4201 -0.4529
vn 0.7931 0.4539 -0.4062
vn 0.8197 0.3571 -0.4479
vn 0.8504 0.4684 -0.2397
vn 0.8163 0.3576 -0.4537
vn 0.8061 0.4000 -0.4362
vn 0.7929 0.2659 -0.5483
vn 0.7806 0.2088 -0.5892
vn 0.8373 0.2721 -0.4741
vn 0.8395 0.3123 -0.4446
vn 0.8600 0.2146 -0.4631
vn 0.8531 0.3846 -0.3526
vn 0.8419 0.4373 -0.3163
vn 0.8703 0.3197 -0.3747
vn 0.8616 0.3686 -0.3489
vn 0.8467 0.4562 -0.2737
vn 0.8820 0.3778 -0.2818
vn 0.8643 0.4308 -0.2595
vn 0.8674 0.3258 -0.3761
vn 0.8500 0.2287 -0.4746
vn 0.8798 0.2544 -0.4016
vn 0.9019 0.3010 -0.3099
vn 0.9026 0.3354 -0.2697
vn 0.8797 0.2544 -0.4017
vn 0.9099 0.2643 -0.3196
vn 0.9097 0.2626 -0.3216
vn 0.9067 0.1924 -0.3754
vn 0.9182 0.1841 -0.3508
vn 0.8537 0.1627 -0.4947
vn 0.8831 0.1427 -0.4469
vn 0.9378 0.2349 -0.2554
vn 0.9149 0.3239 -0.2411
vn 0.9286 0.1580 -0.3359
vn 0.8643 0.4308 -0.2597
vn 0.8476 0.4798 -0.2266
vn 0.8295 0.5081 -0.2319
vn 0.8868 0.4020 -0.2282
vn 0.8821 0.4254 -0.2026
vn 0.9071 0.3560 -0.2244
vn 0.9128 0.3151 -0.2597
vn 0.9193 0.3480 -0.1837
vn 0.9513 0.2671 -0.1539
vn 0.8853 0.4204 -0.1987
vn 0.9119 0.3665 -0.1847
vn 0.8401 0.5042 -0.1999
vn 0.8182 0.5481 -0.1734
vn 0.8849 0.4225 -0.1962
vn 0.8751 0.4454 -0.1894
vn 0.8270 0.5529 -0.1022
vn 0.8674 0.4863 -0.1059
vn 0.8918 0.4459 -0.0767
vn 0.9131 0.3873 -0.1277
vn 0.9269 0.3444 -0.1495
vn 0.9198 0.3713 -0.1268
vn 0.9459 0.2894 -0.1466
vn 0.8920 0.4460 -0.0734
vn 0.9403 0.3360 -0.0541
vn 0.9159 0.4007 -0.0220
vn 0.8652 0.5012 0.0171
vn 0.8317 0.5541 0.0360
vn 0.8051 0.5850 0.0976
vn 0.8877 0.4534 0.0803
vn 0.9023 0.4251 0.0719
vn 0.8059 0.5856 0.0872
vn 0.8673 0.4752 0.1481
vn 0.8301 0.5312 0.1696
vn 0.7714 0.6054 0.1962
vn 0.8016 0.5624 0.2031
vn 0.7334 0.6387 0.2329
vn 0.6433 0.7295 0.2325
vn 0.7791 0.5796 0.2388
vn 0.8573 0.4590 0.2332
vn 0.6872 0.6538 0.3167
vn 0.5823 0.7295 0.3590
vn 0.6539 0.6907 0.3089
vn 0.4840 0.7627 0.4290
vn 0.4165 0.7961 0.4390
vn 0.6765 0.6842 0.2725
vn 0.5243 0.7743 0.3544
vn 0.5046 0.8341 0.2226
vn 0.3715 0.7971 0.4761
vn 0.3845 0.8390 0.3849
vn 0.3878 0.8354 0.3894
vn 0.4215 0.8999 0.1121
vn 0.3608 0.8379 0.4096
vn 0.3972 0.8830 0.2502
vn 0.3685 0.9161 0.1579
vn 0.5737 0.8170 0.0582
vn 0.4593 0.8715 0.1719
vn 0.1625 0.9841 -0.0721
vn 0.7568 0.6536 0.0002
vn 0.6668 0.7412 0.0768
vn 0.7014 0.7096 -0.0671
vn 0.7761 0.6076 0.1687
vn 0.7514 0.6349 0.1799
vn 0.7390 0.6731 -0.0297
vn 0.6835 0.7300 0.0027
vn 0.7911 0.6095 0.0524
vn 0.8646 0.4992 0.0566
vn -0.9249 -0.3319 -0.1854
vn 0.8967 0.4085 0.1703
vn 0.8764 0.4794 0.0453
vn 0.8723 0.4873 0.0397
vn 0.7842 0.6024 -0.1487
vn 0.9004 0.3634 0.2394
vn 0.8752 0.4326 0.2167
vn 0.8692 0.4773 0.1291
vn 0.8896 0.3869 0.2426
vn 0.8345 0.5410 0.1046
vn 0.8230 0.5651 0.0578
vn 0.8097 0.5849 -0.0478
vn 0.8413 0.5329 -0.0906
vn 0.7539 0.6383 -0.1559
vn 0.7430 0.6685 -0.0341
vn 0.7176 0.6513 -0.2466
vn 0.7167 0.6535 -0.2435
vn 0.8399 0.4341 0.3257
vn 0.8351 0.5412 0.0984
vn 0.8539 0.4279 0.2963
vn 0.7498 0.6608 -0.0338
vn 0.7030 0.7034 -0.1049
vn 0.6659 0.7083 -0.2343
vn 0.6739 0.6886 -0.2679
vn 0.6407 0.7644 -0.0716
vn 0.6107 0.7554 -0.2376
vn 0.7411 0.6683 0.0647
vn 0.6412 0.7639 -0.0731
vn 0.6758 0.7360 0.0391
vn 0.6133 0.7860 -0.0776
vn 0.7686 0.6131 0.1827
vn 0.7892 0.5814 0.1979
vn 0.6500 0.7460 0.1445
vn 0.5334 0.8415 0.0860
vn 0.7332 0.6378 0.2360
vn 0.6440 0.7566 0.1128
vn 0.8032 0.4960 0.3300
vn 0.7464 0.5876 0.3124
vn 0.6907 0.6272 0.3598
vn 0.7151 0.5803 0.3897
vn 0.6413 0.6859 0.3439
vn 0.6246 0.7079 0.3299
vn 0.5513 0.7554 0.3543
vn 0.5506 0.7623 0.3402
vn 0.4802 0.8338 0.2724
vn 0.4560 0.7710 0.4445
vn 0.7137 0.6617 0.2299
vn 0.7143 0.6605 0.2314
vn 0.7857 0.5507 0.2818
vn 0.6910 0.6814 0.2412
vn 0.7233 0.6617 0.1973
vn 0.6664 0.7096 0.2290
vn 0.7693 0.6102 0.1894
vn 0.7598 0.6175 0.2035
vn 0.6669 0.7083 0.2314
vn 0.7687 0.6104 0.1909
vn 0.7509 0.6279 0.2045
vn 0.7772 0.5975 0.1974
vn 0.7915 0.5851 0.1767
vn 0.8416 0.5239 0.1313
vn 0.8411 0.5008 0.2043
vn 0.8305 0.5417 0.1299
vn 0.8799 0.4368 0.1868
vn 0.8742 0.4353 0.2152
vn 0.8683 0.4841 0.1084
vn 0.8719 0.4803 0.0954
vn 0.8978 0.3862 0.2114
vn 0.8880 0.4455 0.1139
vn 0.8867 0.4536 0.0890
vn 0.8933 0.3839 0.2338
vn 0.8702 0.4911 0.0408
vn 0.8898 0.4135 0.1929
vn 0.8785 0.4441 0.1758
vn 0.9159 0.3908 0.0920
vn 0.9074 0.3875 0.1625
vn 0.9099 0.4032 0.0971
vn 0.9194 0.3487 0.1819
vn 0.9100 0.3737 0.1796
vn 0.9090 0.3729 0.1863
vn 0.9242 0.3468 0.1601
vn 0.9231 0.3525 0.1535
vn 0.9322 0.3580 0.0530
vn 0.9349 0.3483 0.0684
vn 0.9397 0.3105 0.1431
vn 0.9405 0.3142 0.1292
vn 0.9661 0.2581 -0.0026
vn 0.8998 0.4259 0.0945
vn 0.8965 0.4402 0.0506
vn 0.9184 0.3841 0.0947
vn 0.9161 0.3880 0.1006
vn 0.8906 0.4533 0.0374
vn 0.9223 0.3840 0.0438
vn 0.9063 0.4215 0.0288
vn 0.8875 0.4544 0.0764
vn 0.9135 0.4031 0.0547
vn 0.9081 0.4082 0.0936
vn 0.9272 0.3696 0.0609
vn 0.9313 0.3636 0.0225
vn 0.9144 0.3801 0.1393
vn 0.9317 0.3507 0.0943
vn 0.9259 0.3561 0.1265
vn 0.8862 0.4563 0.0801
vn 0.8644 0.4958 0.0833
vn 0.8571 0.5055 0.0989
vn 0.8834 0.4462 0.1429
vn 0.9130 0.3805 0.1468
vn 0.8547 0.4963 0.1522
vn 0.8839 0.4459 0.1409
vn 0.8568 0.4949 0.1448
vn 0.8820 0.4239 0.2060
vn 0.8546 0.4831 0.1906
vn 0.9099 0.3675 0.1922
vn 0.8800 0.4380 0.1837
vn 0.8322 0.5261 0.1752
vn 0.8284 0.5334 0.1708
vn 0.7999 0.5658 0.2000
vn 0.8294 0.5196 0.2055
vn 0.8429 0.4863 0.2301
vn 0.8420 0.4877 0.2306
vn 0.8495 0.4611 0.2564
vn 0.8763 0.4261 0.2250
vn 0.7711 0.5322 0.3496
vn 0.8446 0.4545 0.2830
vn 0.8093 0.5347 0.2431
vn 0.7951 0.5662 0.2172
vn 0.8066 0.5312 0.2590
vn 0.8163 0.4970 0.2944
vn 0.7822 0.5562 0.2808
vn 0.7720 0.5851 0.2484
vn 0.7699 0.5831 0.2591
vn 0.7665 0.5503 0.3311
vn 0.8053 0.4970 0.3232
vn 0.7324 0.6059 0.3106
vn 0.7696 0.5482 0.3274
vn 0.7160 0.6625 0.2202
vn 0.7405 0.6200 0.2593
vn 0.7176 0.6173 0.3225
vn 0.7167 0.6187 0.3217
vn 0.6852 0.6749 0.2738
vn 0.6728 0.6635 0.3273
vn 0.6554 0.6923 0.3018
vn 0.6831 0.7022 0.2006
vn 0.7001 0.6049 0.3793
vn 0.5910 0.6740 0.4433
vn 0.6219 0.7185 0.3115
vn 0.6134 0.7437 0.2657
vn 0.5928 0.7483 0.2977
vn 0.5659 0.7909 0.2328
vn 0.5741 0.7920 0.2077
vn 0.5766 0.7896 0.2098
vn 0.5240 0.8063 0.2745
vn 0.5561 0.7722 0.3073
vn 0.4754 0.8530 0.2153
vn 0.4323 0.8621 0.2643
vn 0.3780 0.9112 0.1638
vn 0.5815 0.7078 0.4011
vn 0.5895 0.6972 0.4078
vn 0.6602 0.6417 0.3902
vn 0.5413 0.6774 0.4982
vn 0.6328 0.6302 0.4499
vn 0.5285 0.7430 0.4107
vn 0.6309 0.6159 0.4718
vn 0.5450 0.6775 0.4939
vn 0.4774 0.7228 0.4997
vn 0.5510 0.6119 0.5675
vn 0.5402 0.6423 0.5437
vn 0.5808 0.5986 0.5517
vn 0.6139 0.5624 0.5540
vn 0.6834 0.5460 0.4846
vn 0.5165 0.5595 0.6483
vn 0.4925 0.6485 0.5804
vn 0.4835 0.5904 0.6463
vn 0.4629 0.6665 0.5844
vn 0.4697 0.7246 0.5043
vn 0.3965 0.6698 0.6278
vn 0.4475 0.7360 0.5080
vn 0.4140 0.6210 0.6656
vn 0.4580 0.5978 0.6579
vn 0.4062 0.6625 0.6293
vn 0.4154 0.7333 0.5383
vn 0.3704 0.6767 0.6363
vn 0.3505 0.7128 0.6075
vn 0.3542 0.7503 0.5583
vn 0.3287 0.6673 0.6683
vn 0.0775 0.7431 0.6647
vn 0.3264 0.6472 0.6889
vn 0.3869 0.5694 0.7253
vn 0.2719 0.6315 0.7262
vn 0.2919 0.6079 0.7384
vn 0.2360 0.6439 0.7278
vn 0.2423 0.7105 0.6607
vn 0.1926 0.6381 0.7455
vn 0.3367 0.7655 0.5482
vn 0.2815 0.6878 0.6691
vn 0.2590 0.7668 0.5873
vn 0.2401 0.7498 0.6165
vn 0.1418 0.7026 0.6973
vn 0.1407 0.6651 0.7333
vn 0.1307 0.7101 0.6919
vn 0.1897 0.6089 0.7703
vn 0.2432 0.5917 0.7686
vn 0.1313 0.7647 0.6309
vn 0.1246 0.7615 0.6361
vn 0.0598 0.7129 0.6988
vn 0.0079 0.7682 0.6402
vn 0.1091 0.6598 0.7435
vn 0.0322 0.6780 0.7344
vn 0.1696 0.6011 0.7809
vn 0.1081 0.6191 0.7778
vn 0.1251 0.8075 0.5764
vn 0.1394 0.8201 0.5550
vn 0.1956 0.8227 0.5338
vn 0.0422 0.8116 0.5827
vn -0.2237 0.9560 0.1901
vn 0.0425 0.7561 0.6531
vn 0.0438 0.7539 0.6555
vn -0.0094 0.7382 0.6745
vn -0.0257 0.8001 0.5993
vn -0.0555 0.7711 0.6343
vn 0.0595 0.6853 0.7258
vn -0.0231 0.7183 0.6954
vn 0.0198 0.6598 0.7512
vn 0.0715 0.6114 0.7881
vn -0.0557 0.6991 0.7129
vn -0.0125 0.6549 0.7556
vn -0.0414 0.6739 0.7376
vn -0.0563 0.6991 0.7128
vn -0.1003 0.7329 0.6729
vn -0.0999 0.7617 0.6402
vn -0.1378 0.6795 0.7206
vn -0.1680 0.7019 0.6921
vn -0.1411 0.6261 0.7668
vn -0.0230 0.6356 0.7716
vn -0.0874 0.6033 0.7927
vn -0.1522 0.6591 0.7365
vn -0.1071 0.6223 0.7754
vn -0.1856 0.7041 0.6854
vn -0.2216 0.6382 0.7373
vn -0.2741 0.6748 0.6852
vn -0.1875 0.7413 0.6445
vn -0.1476 0.7754 0.6140
vn -0.2901 0.6747 0.6787
vn -0.2950 0.7262 0.6210
vn -0.2954 0.4982 0.8152
vn -0.3188 0.6613 0.6790
vn -0.1670 0.6054 0.7782
vn -0.2707 0.5961 0.7559
vn -0.1600 0.5595 0.8133
vn -0.0853 0.5682 0.8185
vn -0.1168 0.5509 0.8264
vn -0.1055 0.5706 0.8144
vn 0.0400 0.5721 0.8192
vn 0.0057 0.5205 0.8538
vn 0.0131 0.5817 0.8133
vn 0.0117 0.5223 0.8527
vn 0.0552 0.5883 0.8067
vn -0.2171 0.5560 0.8023
vn -0.2252 0.6042 0.7644
vn -0.1841 0.6764 0.7132
vn -0.2270 0.5499 0.8038
vn -0.3276 0.5398 0.7754
vn -0.3636 0.5683 0.7382
vn -0.3155 0.5434 0.7779
vn 0.0900 0.5697 0.8169
vn 0.0851 0.5303 0.8435
vn 0.0334 0.5190 0.8541
vn 0.1444 0.5677 0.8104
vn 0.1674 0.5861 0.7927
vn 0.3242 0.4853 0.8120
vn 0.1785 0.5251 0.8321
vn 0.1471 0.5131 0.8456
vn 0.2553 0.5541 0.7923
vn 0.3370 0.5811 0.7408
vn 0.3186 0.6163 0.7201
vn 0.3961 0.6028 0.6926
vn 0.3993 0.5380 0.7424
vn 0.2650 0.5226 0.8103
vn 0.4102 0.5737 0.7089
vn 0.3706 0.5462 0.7512
vn 0.4515 0.5539 0.6995
vn 0.2032 0.5237 0.8273
vn 0.2844 0.5524 0.7836
vn 0.2433 0.4723 0.8472
vn 0.1398 0.4770 0.8677
vn 0.3192 0.4774 0.8187
vn 0.2660 0.4584 0.8480
vn 0.3881 0.5344 0.7509
vn 0.4746 0.5351 0.6989
vn 0.4533 0.5120 0.7297
vn 0.3785 0.4760 0.7938
vn 0.3549 0.4680 0.8093
vn 0.2652 0.4549 0.8501
vn 0.4340 0.4689 0.7693
vn 0.4411 0.5280 0.7257
vn 0.3769 0.4229 0.8240
vn 0.5138 0.5317 0.6732
vn 0.5177 0.5545 0.6515
vn 0.6060 0.5203 0.6017
vn 0.5548 0.4927 0.6704
vn 0.5931 0.5485 0.5894
vn 0.5815 0.4879 0.6510
vn 0.6445 0.4831 0.5927
vn 0.5970 0.4823 0.6410
vn 0.5516 0.4875 0.6768
vn 0.5106 0.4759 0.7161
vn 0.6104 0.4562 0.6475
vn 0.5732 0.4530 0.6828
vn 0.5933 0.4415 0.6731
vn 0.5424 0.4425 0.7141
vn 0.5114 0.4854 0.7091
vn 0.6016 0.4201 0.6794
vn 0.4635 0.4485 0.7642
vn 0.4637 0.4485 0.7641
vn 0.5398 0.4106 0.7349
vn 0.5325 0.4115 0.7396
vn 0.4996 0.4242 0.7553
vn 0.5981 0.4325 0.6747
vn 0.3762 0.3804 0.8449
vn 0.4961 0.3740 0.7836
vn 0.5346 0.3701 0.7597
vn 0.4918 0.3712 0.7876
vn 0.4254 0.3921 0.8156
vn 0.5790 0.3131 0.7528
vn 0.4891 0.3199 0.8114
vn 0.6096 0.3546 0.7090
vn 0.6106 0.4142 0.6750
vn 0.5596 0.3264 0.7618
vn 0.6024 0.3754 0.7044
vn 0.5678 0.3061 0.7642
vn 0.6361 0.4146 0.6507
vn 0.6396 0.4466 0.6257
vn 0.6341 0.3502 0.6894
vn 0.5861 0.2936 0.7552
vn 0.6353 0.3247 0.7006
vn 0.6676 0.4553 0.5891
vn 0.6475 0.4822 0.5901
vn 0.6691 0.3988 0.6270
vn 0.6700 0.3599 0.6493
vn 0.6764 0.3761 0.6333
vn 0.7196 0.2813 0.6348
vn 0.7429 0.3389 0.5773
vn 0.6773 0.2622 0.6874
vn 0.6927 0.2616 0.6721
vn 0.7192 0.2854 0.6335
vn 0.6660 0.2533 0.7016
vn 0.6057 0.2555 0.7536
vn 0.6693 0.2099 0.7127
vn 0.7848 0.1111 0.6097
vn 0.5822 0.2067 0.7863
vn 0.5001 0.2324 0.8342
vn 0.5704 0.2344 0.7872
vn 0.6403 0.1869 0.7450
vn 0.5726 0.1086 0.8126
vn 0.4749 0.2281 0.8500
vn 0.5633 0.1083 0.8192
vn 0.6423 0.1380 0.7539
vn 0.6574 0.0457 0.7522
vn 0.6976 0.1174 0.7068
vn 0.7088 0.1209 0.6950
vn 0.7280 0.1868 0.6597
vn 0.7549 0.0834 0.6505
vn 0.4489 0.2655 0.8532
vn 0.7696 0.1877 0.6103
vn 0.7794 0.1129 0.6163
vn 0.5323 0.2306 0.8145
vn 0.8151 0.1160 0.5676
vn 0.7968 0.0559 0.6016
vn 0.7824 0.1981 0.5904
vn 0.7840 0.2290 0.5770
vn 0.3647 0.2371 0.9005
vn 0.3592 0.1878 0.9142
vn 0.3373 0.1606 0.9276
vn 0.3500 0.2626 0.8992
vn 0.4267 0.2950 0.8549
vn 0.2501 0.2505 0.9353
vn 0.3070 0.2849 0.9080
vn 0.3921 0.3575 0.8476
vn 0.3083 0.2922 0.9053
vn 0.3895 0.3389 0.8564
vn 0.2967 0.3935 0.8701
vn 0.3151 0.3925 0.8641
vn 0.2726 0.3612 0.8918
vn 0.1712 0.3876 0.9058
vn 0.2645 0.3978 0.8785
vn 0.1055 0.4406 0.8915
vn 0.4226 0.2706 0.8650
vn 0.2306 0.1885 0.9546
vn 0.2251 0.3694 0.9016
vn 0.2094 0.2091 0.9552
vn 0.2742 0.2782 0.9206
vn 0.2145 0.3083 0.9268
vn 0.2140 0.2539 0.9433
vn 0.1105 0.2087 0.9717
vn 0.1702 0.3088 0.9358
vn 0.1760 0.3510 0.9197
vn 0.1757 0.2717 0.9462
vn 0.1805 0.3166 0.9312
vn 0.1392 0.1561 0.9779
vn 0.1456 0.2595 0.9547
vn 0.0713 0.2151 0.9740
vn 0.0728 0.2908 0.9540
vn 0.0155 0.2151 0.9765
vn 0.0903 0.3177 0.9439
vn 0.0884 0.2705 0.9587
vn -0.0000 0.2710 0.9626
vn 0.0692 0.3454 0.9359
vn -0.0000 0.3181 0.9480
vn 0.0691 0.3442 0.9364
vn 0.1355 0.3702 0.9190
vn -0.0182 0.2289 0.9733
vn -0.0182 0.2560 0.9665
vn -0.1026 0.1570 0.9823
vn -0.0717 0.2116 0.9747
vn -0.1067 0.2916 0.9506
vn -0.1078 0.2901 0.9509
vn -0.1784 0.2121 0.9608
vn -0.2144 0.1779 0.9604
vn -0.2736 0.2271 0.9347
vn -0.1825 0.2616 0.9478
vn -0.2774 0.2600 0.9249
vn -0.1920 0.2526 0.9483
vn -0.1069 0.2959 0.9492
vn -0.2015 0.3330 0.9211
vn -0.1016 0.3030 0.9476
vn -0.0335 0.3317 0.9428
vn -0.2776 0.2603 0.9248
vn -0.3465 0.2743 0.8970
vn -0.1865 0.3217 0.9283
vn -0.2649 0.2830 0.9218
vn -0.0342 0.3712 0.9279
vn -0.3510 0.3015 0.8865
vn -0.2821 0.3816 0.8802
vn 0.0485 0.3710 0.9274
vn -0.1922 0.3602 0.9129
vn -0.1058 0.3621 0.9261
vn -0.0994 0.3680 0.9245
vn -0.0306 0.3683 0.9292
vn -0.1033 0.4130 0.9048
vn -0.0334 0.4767 0.8785
vn -0.2094 0.3782 0.9017
vn -0.2916 0.3557 0.8880
vn -0.1980 0.4099 0.8904
vn 0.0503 0.4162 0.9079
vn 0.1412 0.4149 0.8988
vn 0.2123 0.4662 0.8588
vn 0.0816 0.4725 0.8775
vn 0.0455 0.4226 0.9052
vn 0.0467 0.4451 0.8943
vn -0.0629 0.4222 0.9043
vn -0.0369 0.4803 0.8763
vn -0.0656 0.4605 0.8852
vn -0.0279 0.4976 0.8669
vn -0.1218 0.5368 0.8349
vn -0.1034 0.4681 0.8776
vn -0.1564 0.5073 0.8475
vn -0.1998 0.4185 0.8860
vn -0.2142 0.4948 0.8422
vn -0.2347 0.4534 0.8599
vn -0.2240 0.4890 0.8430
vn -0.3036 0.5012 0.8103
vn -0.3734 0.4075 0.8334
vn -0.3227 0.5206 0.7905
vn -0.3200 0.4419 0.8380
vn -0.3048 0.3696 0.8778
vn -0.3478 0.4397 0.8280
vn -0.4121 0.4866 0.7704
vn -0.3914 0.3648 0.8448
vn -0.3981 0.4090 0.8211
vn -0.4027 0.3427 0.8487
vn -0.4646 0.3226 0.8246
vn -0.4715 0.4003 0.7858
vn -0.4474 0.4158 0.7918
vn -0.5213 0.4067 0.7502
vn -0.4525 0.4621 0.7627
vn -0.4266 0.4868 0.7623
vn -0.5242 0.4558 0.7194
vn -0.5338 0.4483 0.7170
vn -0.5834 0.4428 0.6809
vn -0.4396 0.5053 0.7426
vn -0.5148 0.4901 0.7035
vn -0.4517 0.4668 0.7603
vn -0.5871 0.4723 0.6574
vn -0.5265 0.5036 0.6850
vn -0.3879 0.5535 0.7370
vn -0.2656 0.5687 0.7785
vn -0.4620 0.5426 0.7015
vn -0.4323 0.5658 0.7021
vn -0.5180 0.5176 0.6810
vn -0.3838 0.6048 0.6978
vn -0.4316 0.5691 0.6999
vn -0.3582 0.6541 0.6662
vn -0.3929 0.6688 0.6312
vn -0.3652 0.7199 0.5902
vn -0.4715 0.6101 0.6367
vn -0.4026 0.6664 0.6276
vn -0.4539 0.6949 0.5578
vn -0.4291 0.7287 0.5338
vn -0.5342 0.6643 0.5228
vn -0.3207 0.7494 0.5793
vn -0.4998 0.6061 0.6187
vn -0.5109 0.6824 0.5228
vn -0.4314 0.7524 0.4978
vn -0.4910 0.7302 0.4751
vn -0.5154 0.5946 0.6171
vn -0.5362 0.5370 0.6513
vn -0.5374 0.6756 0.5048
vn -0.5870 0.5856 0.5590
vn -0.5946 0.6320 0.4971
vn -0.6366 0.5441 0.5466
vn -0.5920 0.5158 0.6193
vn -0.5755 0.6920 0.4359
vn -0.6217 0.5484 0.5592
vn -0.6214 0.6251 0.4723
vn -0.6633 0.5714 0.4833
vn -0.6633 0.6398 0.3882
vn -0.6608 0.6419 0.3889
vn -0.5522 0.7278 0.4067
vn -0.6006 0.7120 0.3637
vn -0.5270 0.7439 0.4110
vn -0.6595 0.5143 0.5482
vn -0.6344 0.4137 0.6530
vn -0.6278 0.4763 0.6156
vn -0.6316 0.4830 0.6064
vn -0.6635 0.4435 0.6025
vn -0.7001 0.4360 0.5655
vn -0.7037 0.4654 0.5368
vn -0.7178 0.4505 0.5309
vn -0.6986 0.5052 0.5066
vn -0.7098 0.4931 0.5029
vn -0.7685 0.4484 0.4565
vn -0.7580 0.4778 0.4440
vn -0.7061 0.5456 0.4514
vn -0.6894 0.5633 0.4554
vn -0.7272 0.5378 0.4266
vn -0.7591 0.4825 0.4370
vn -0.6936 0.5933 0.4084
vn -0.6732 0.6352 0.3786
vn -0.7444 0.5460 0.3843
vn -0.7396 0.5585 0.3757
vn -0.7681 0.5258 0.3653
vn -0.7769 0.4996 0.3833
vn -0.7415 0.5814 0.3349
vn -0.6653 0.6363 0.3904
vn -0.7276 0.6020 0.3289
vn -0.6677 0.6775 0.3086
vn -0.7847 0.5330 0.3165
vn -0.7810 0.5457 0.3037
vn -0.8046 0.5048 0.3126
vn -0.8094 0.4820 0.3355
vn -0.7842 0.5490 0.2891
vn -0.8296 0.5162 0.2126
vn -0.7423 0.6142 0.2678
vn -0.7065 0.6538 0.2709
vn -0.6204 0.7167 0.3186
vn -0.7358 0.6192 0.2741
vn -0.7694 0.5823 0.2625
vn -0.7960 0.5637 0.2205
vn -0.7728 0.6043 0.1939
vn -0.7692 0.6145 0.1753
vn -0.8060 0.5663 0.1721
vn -0.8235 0.5276 0.2085
vn -0.8186 0.5538 0.1523
vn -0.8192 0.5359 0.2043
vn -0.8240 0.5186 0.2280
vn -0.8370 0.5329 0.1239
vn -0.8504 0.5095 0.1312
vn -0.8072 0.5551 0.2009
vn -0.8299 0.5097 0.2268
vn -0.8358 0.5339 0.1279
vn -0.8475 0.5073 0.1563
vn -0.8731 0.4796 0.0875
vn -0.8745 0.4402 0.2037
vn -0.8451 0.4856 0.2235
vn -0.8599 0.5044 0.0782
vn -0.8900 0.4534 0.0481
vn -0.8449 0.5175 0.1354
vn -0.8553 0.5056 0.1134
vn -0.8684 0.4777 0.1329
vn -0.8517 0.4895 0.1871
vn -0.8686 0.4686 0.1614
vn -0.8585 0.4790 0.1832
vn -0.8831 0.4382 0.1676
vn -0.8883 0.4005 0.2246
vn -0.8617 0.4372 0.2576
vn -0.8538 0.4418 0.2755
vn -0.8418 0.4651 0.2740
vn -0.8052 0.4891 0.3352
vn -0.8516 0.4281 0.3026
vn -0.8661 0.3818 0.3227
vn -0.8595 0.3664 0.3565
vn -0.8220 0.4355 0.3670
vn -0.8217 0.4021 0.4039
vn -0.8104 0.4527 0.3719
vn -0.8161 0.4008 0.4164
vn -0.7573 0.4571 0.4665
vn -0.7757 0.4315 0.4605
vn -0.8790 0.4567 -0.1373
vn -0.8687 0.4672 -0.1643
vn -0.8568 0.4876 -0.1677
vn -0.9246 0.3665 -0.1036
vn -0.8285 0.5426 -0.1385
vn -0.8987 0.4296 -0.0881
vn -0.9084 0.4085 -0.0891
vn -0.8947 0.4375 -0.0901
vn -0.8150 0.5660 -0.1242
vn -0.7816 0.6123 -0.1195
vn -0.8314 0.5235 -0.1865
vn -0.7060 0.6944 -0.1391
vn -0.6844 0.7162 -0.1366
vn -0.8158 0.5654 -0.1216
vn -0.8325 0.5216 -0.1869
vn -0.7081 0.6765 -0.2024
vn -0.8404 0.4757 -0.2596
vn -0.9046 0.4175 -0.0866
vn -0.9051 0.4171 -0.0826
vn -0.9807 0.1955 -0.0002
vn -0.8447 0.4864 -0.2233
vn -0.8661 0.3459 -0.3607
vn -0.9719 0.2353 -0.0034
vn -0.9838 0.1786 0.0133
vn -0.9731 0.2153 0.0820
vn -0.9587 0.2828 0.0293
vn -0.9207 0.3902 -0.0024
vn -0.9368 0.3446 0.0611
vn -0.9205 0.3670 -0.1339
vn -0.9255 0.3553 -0.1311
vn -0.8731 0.4010 -0.2771
vn -0.9106 0.3237 -0.2571
vn -0.8650 0.3878 -0.3185
vn -0.8618 0.3095 -0.4018
vn -0.9264 0.2838 -0.2476
vn -0.9467 0.3216 -0.0168
vn -0.8288 0.1765 -0.5310
vn -0.9514 0.2169 -0.2186
vn -0.9728 0.1313 -0.1909
vn -0.8195 0.0727 -0.5685
vn -0.7326 0.0733 -0.6767
vn -0.7769 -0.0466 -0.6279
vn -0.7490 -0.0421 -0.6612
vn -0.7868 -0.1402 -0.6011
vn -0.5549 -0.2193 -0.8025
vn -0.4494 -0.1711 -0.8768
vn -0.5564 -0.2849 -0.7806
vn -0.5744 -0.1597 -0.8029
vn -0.5557 -0.0314 -0.8308
vn -0.5192 -0.3162 -0.7940
vn -0.3784 -0.2169 -0.8999
vn -0.3792 -0.3194 -0.8685
vn -0.5618 -0.3487 -0.7502
vn -0.7789 -0.3227 -0.5378
vn -0.7671 -0.3994 -0.5021
vn -0.5551 -0.4162 -0.7202
vn -0.6884 -0.4590 -0.5616
vn -0.6342 -0.4559 -0.6244
vn -0.4181 -0.3976 -0.8168
vn -0.3530 -0.3298 -0.8756
vn -0.5608 -0.4954 -0.6634
vn -0.3545 -0.4347 -0.8279
vn -0.7590 -0.4944 -0.4236
vn -0.8852 -0.4535 -0.1040
vn -0.8013 -0.5975 -0.0295
vn -0.7228 -0.5812 -0.3739
vn -0.6096 -0.5631 -0.5579
vn -0.8146 -0.5796 0.0214
vn -0.7649 -0.6108 -0.2044
vn -0.7190 -0.6911 0.0734
vn -0.7132 -0.6903 0.1221
vn -0.6934 -0.6611 -0.2866
vn -0.6897 -0.7151 -0.1139
vn -0.5826 -0.5751 -0.5743
vn -0.6183 -0.6466 -0.4468
vn -0.4692 -0.5353 -0.7023
vn -0.4001 -0.4351 -0.8066
vn -0.6447 -0.7509 0.1430
vn -0.6400 -0.7500 0.1671
vn -0.6303 -0.7532 -0.1883
vn -0.6301 -0.7764 -0.0149
vn -0.5988 -0.6549 -0.4611
vn -0.6168 -0.7516 -0.2340
vn -0.5698 -0.8028 0.1757
vn -0.5418 -0.7823 0.3075
vn -0.5473 -0.8369 0.0014
vn -0.5466 -0.8328 -0.0876
vn -0.6207 -0.7504 -0.2270
vn -0.5049 -0.8135 0.2887
vn -0.4980 -0.8670 0.0185
vn -0.4779 -0.8218 0.3102
vn -0.5336 -0.8404 -0.0952
vn -0.5361 -0.8203 -0.1990
vn -0.4415 -0.8908 -0.1071
vn -0.4258 -0.8494 -0.3117
vn -0.4314 -0.8986 -0.0802
vn -0.4499 -0.8724 0.1910
vn -0.4355 -0.7498 -0.4982
vn -0.5483 -0.7292 -0.4094
vn -0.5108 -0.6297 -0.5853
vn -0.5202 -0.6261 -0.5808
vn -0.4678 -0.5359 -0.7028
vn -0.4415 -0.6017 -0.6656
vn -0.3553 -0.4903 -0.7958
vn -0.3341 -0.5021 -0.7977
vn -0.2963 -0.4073 -0.8639
vn -0.3122 -0.4077 -0.8581
vn -0.4896 -0.7675 -0.4138
vn -0.4115 -0.7041 -0.5787
vn -0.4109 -0.8120 -0.4145
vn -0.4555 -0.8695 -0.1910
vn -0.3896 -0.6936 -0.6059
vn -0.3191 -0.7219 -0.6140
vn -0.2454 -0.5312 -0.8110
vn -0.2549 -0.4723 -0.8438
vn -0.2381 -0.6514 -0.7204
vn -0.1966 -0.5363 -0.8208
vn -0.1592 -0.8310 -0.5330
vn -0.3023 -0.6456 -0.7013
vn -0.2191 -0.3803 -0.8985
vn -0.1931 -0.4021 -0.8950
vn -0.1086 -0.3040 -0.9465
vn -0.2464 -0.3249 -0.9131
vn -0.2578 -0.3223 -0.9109
vn -0.1100 -0.3045 -0.9461
vn -0.2572 -0.2587 -0.9311
vn -0.1231 -0.2738 -0.9539
vn -0.1038 -0.3504 -0.9308
vn -0.1498 -0.3061 -0.9402
vn -0.0621 -0.3412 -0.9379
vn -0.0718 -0.3260 -0.9426
vn -0.1099 -0.4266 -0.8978
vn -0.0391 -0.2871 -0.9571
vn -0.0386 -0.2882 -0.9568
vn -0.0323 -0.3305 -0.9433
vn -0.0230 -0.2882 -0.9573
vn -0.0446 -0.4166 -0.9080
vn -0.0258 -0.3613 -0.9321
vn -0.0606 -0.5048 -0.8611
vn -0.0748 -0.5457 -0.8346
vn -0.0043 -0.3628 -0.9319
vn -0.0432 -0.4730 -0.8800
vn -0.0028 -0.3656 -0.9308
vn -0.0853 -0.5309 -0.8431
vn -0.0566 -0.3436 -0.9374
vn 0.0275 -0.2913 -0.9562
vn 0.0101 -0.2463 -0.9691
vn -0.0016 -0.2755 -0.9613
vn 0.0426 -0.2887 -0.9565
vn -0.0280 -0.2783 -0.9601
vn -0.0059 -0.2793 -0.9602
vn -0.0003 -0.2799 -0.9600
vn -0.0575 -0.2635 -0.9629
vn -0.0391 -0.2573 -0.9655
vn -0.0438 -0.2687 -0.9622
vn -0.1111 -0.2495 -0.9620
vn -0.0390 -0.2354 -0.9711
vn -0.1568 -0.1811 -0.9709
vn -0.0887 -0.1935 -0.9771
vn -0.0010 -0.2804 -0.9599
vn -0.1359 -0.1919 -0.9720
vn -0.1397 -0.2335 -0.9623
vn 0.0001 -0.2803 -0.9599
vn -0.0012 -0.2575 -0.9663
vn -0.0118 -0.2368 -0.9715
vn -0.0004 -0.2800 -0.9600
vn -0.0008 -0.2813 -0.9596
vn -0.0007 -0.2808 -0.9598
vn -0.0031 -0.2808 -0.9598
vn 0.0010 -0.2572 -0.9664
vn 0.0028 -0.2630 -0.9648
vn -0.0140 -0.2190 -0.9756
vn 0.0030 -0.2797 -0.9601
vn -0.0223 -0.2378 -0.9711
vn 0.0036 -0.1903 -0.9817
vn 0.0068 -0.2011 -0.9795
vn 0.0028 -0.2558 -0.9667
vn -0.0009 -0.2799 -0.9600
vn 0.0256 -0.2236 -0.9743
vn 0.0385 -0.1439 -0.9888
vn 0.0075 -0.2886 -0.9574
vn 0.0988 -0.2047 -0.9738
vn 0.0007 -0.2794 -0.9602
vn 0.0015 -0.2806 -0.9598
vn 0.0134 -0.2683 -0.9632
vn -0.0210 -0.2682 -0.9631
vn -0.0112 -0.2690 -0.9631
vn 0.0303 -0.2716 -0.9619
vn 0.0170 -0.2835 -0.9588
vn 0.0878 -0.2124 -0.9732
vn -0.0011 -0.3006 -0.9537
vn 0.0153 -0.2820 -0.9593
vn 0.0178 -0.2911 -0.9565
vn 0.0171 -0.2956 -0.9552
vn 0.0645 -0.2861 -0.9560
vn 0.0727 -0.2589 -0.9632
vn 0.0824 -0.2775 -0.9572
vn -0.0011 -0.3030 -0.9530
vn -0.0169 -0.3339 -0.9425
vn 0.0315 -0.5063 -0.8618
vn 0.0540 -0.4121 -0.9095
vn -0.0288 -0.4218 -0.9062
vn 0.1066 -0.2385 -0.9653
vn 0.1213 -0.2019 -0.9719
vn 0.0272 -0.3817 -0.9239
vn 0.0279 -0.3478 -0.9371
vn 0.0819 -0.3269 -0.9415
vn 0.0889 -0.3100 -0.9466
vn 0.0716 -0.3574 -0.9312
vn 0.0695 -0.3095 -0.9483
vn 0.1160 -0.4274 -0.8966
vn 0.0396 -0.4157 -0.9086
vn 0.1529 -0.3629 -0.9192
vn 0.1635 -0.3302 -0.9296
vn 0.1987 -0.3776 -0.9044
vn 0.1795 -0.4890 -0.8536
vn 0.1863 -0.4888 -0.8523
vn 0.0714 -0.5285 -0.8459
vn 0.1493 -0.5921 -0.7919
vn 0.1252 -0.7950 -0.5936
vn 0.2213 -0.6050 -0.7649
vn 0.2224 -0.5033 -0.8350
vn 0.2355 -0.3998 -0.8858
vn 0.2495 -0.4958 -0.8318
vn 0.3790 -0.4506 -0.8083
vn 0.3744 -0.5403 -0.7536
vn 0.2909 -0.4385 -0.8503
vn 0.3896 -0.6936 -0.6059
vn 0.3208 -0.7213 -0.6139
vn 0.5002 -0.6524 -0.5694
vn 0.5238 -0.7454 -0.4124
vn 0.4529 -0.7423 -0.4939
vn 0.4109 -0.8120 -0.4145
vn 0.3263 -0.7297 -0.6008
vn 0.4835 -0.6524 -0.5837
vn 0.5228 -0.5250 -0.6716
vn 0.5391 -0.7977 -0.2703
vn 0.4391 -0.8503 -0.2900
vn 0.5014 -0.8566 -0.1218
vn 0.4193 -0.8732 -0.2484
vn 0.1710 -0.8342 -0.5242
vn 0.6440 -0.7098 -0.2853
vn 0.5575 -0.7955 -0.2376
vn 0.5107 -0.8573 -0.0652
vn 0.6022 -0.7975 -0.0356
vn 0.5926 -0.8031 0.0613
vn 0.5810 -0.7213 -0.3770
vn 0.6505 -0.6082 -0.4548
vn 0.3561 -0.4980 -0.7907
vn 0.6605 -0.7367 -0.1452
vn 0.6623 -0.7471 -0.0561
vn 0.5068 -0.6041 -0.6150
vn 0.7268 -0.6601 -0.1899
vn 0.4374 -0.4620 -0.7715
vn 0.6409 -0.5479 -0.5376
vn 0.5657 -0.4965 -0.6584
vn 0.6820 -0.6798 -0.2695
vn 0.7548 -0.5581 -0.3447
vn 0.6821 -0.7235 0.1065
vn 0.7584 -0.6475 0.0747
vn 0.6454 -0.7095 0.2829
vn 0.3839 -0.3949 -0.8347
vn 0.3892 -0.3937 -0.8328
vn 0.5803 -0.4202 -0.6977
vn 0.2585 -0.3656 -0.8941
vn 0.2942 -0.3627 -0.8842
vn 0.1623 -0.3304 -0.9298
vn 0.2596 -0.3090 -0.9149
vn 0.3935 -0.3124 -0.8646
vn 0.1623 -0.2857 -0.9445
vn 0.2143 -0.2846 -0.9344
vn 0.1220 -0.2751 -0.9536
vn 0.1963 -0.2196 -0.9556
vn 0.1486 -0.2219 -0.9637
vn 0.3157 -0.2218 -0.9226
vn 0.2275 -0.2091 -0.9511
vn 0.4384 -0.2930 -0.8497
vn 0.4084 -0.1977 -0.8912
vn 0.3045 -0.2055 -0.9301
vn 0.5698 -0.2793 -0.7729
vn 0.5580 -0.4264 -0.7120
vn 0.4966 -0.1406 -0.8565
vn 0.2946 -0.1626 -0.9417
vn 0.3986 -0.1096 -0.9106
vn 0.4257 -0.1034 -0.8990
vn 0.5463 -0.0349 -0.8369
vn 0.6145 -0.0425 -0.7878
vn 0.6487 0.0679 -0.7580
vn 0.2909 -0.1317 -0.9477
vn 0.2334 -0.1624 -0.9587
vn 0.4175 -0.0573 -0.9069
vn 0.6010 0.0545 -0.7974
vn 0.3501 -0.0879 -0.9326
vn 0.1861 -0.1520 -0.9707
vn 0.2016 -0.1458 -0.9685
vn 0.3408 -0.0415 -0.9392
vn 0.3526 -0.0381 -0.9350
vn 0.4761 -0.0105 -0.8793
vn 0.3424 -0.0715 -0.9368
vn 0.4604 0.0499 -0.8863
vn 0.5857 0.1051 -0.8036
vn 0.6191 0.1205 -0.7760
vn 0.4041 0.0700 -0.9120
vn 0.7233 0.2159 -0.6559
vn 0.5260 0.1454 -0.8380
vn 0.4677 0.1241 -0.8752
vn 0.5937 0.1907 -0.7818
vn 0.6263 0.2411 -0.7414
vn 0.4831 0.1480 -0.8630
vn 0.7128 0.3093 -0.6295
vn 0.7361 0.2591 -0.6253
vn 0.6990 0.3810 -0.6051
vn 0.7133 0.3104 -0.6284
vn 0.6801 0.3736 -0.6308
vn 0.8390 0.3704 -0.3986
vn 0.7879 0.3986 -0.4695
vn 0.8392 0.3865 -0.3825
vn 0.7829 0.4772 -0.3992
vn 0.7476 0.4672 -0.4720
vn 0.8598 0.4174 -0.2942
vn 0.7846 0.4802 -0.3922
vn 0.8447 0.4864 -0.2233
vn 0.6983 0.5351 -0.4755
vn 0.7606 0.5649 -0.3199
vn 0.7210 0.5813 -0.3772
vn 0.6572 0.4489 -0.6054
vn 0.7129 0.5388 -0.4489
vn 0.6504 0.4464 -0.6145
vn 0.5754 0.3464 -0.7409
vn 0.6525 0.6077 -0.4527
vn 0.6295 0.5582 -0.5405
vn 0.5758 0.3466 -0.7405
vn 0.5763 0.3472 -0.7398
vn 0.5577 0.5091 -0.6556
vn 0.5853 0.5629 -0.5836
vn 0.3661 0.2631 -0.8926
vn 0.4838 0.5018 -0.7170
vn 0.4756 0.3620 -0.8017
vn 0.5403 0.6707 -0.5082
vn 0.4595 0.5631 -0.6869
vn 0.4791 0.6197 -0.6217
vn 0.3400 0.4755 -0.8113
vn 0.3276 0.4367 -0.8379
vn 0.4128 0.6563 -0.6315
vn 0.4019 0.2511 -0.8806
vn 0.3674 0.0546 -0.9285
vn 0.2707 -0.0316 -0.9621
vn 0.2391 -0.0272 -0.9706
vn 0.2619 0.1946 -0.9453
vn 0.0964 -0.0695 -0.9929
vn 0.2285 0.1980 -0.9532
vn 0.2704 0.3326 -0.9035
vn 0.1046 -0.0805 -0.9912
vn 0.0361 -0.1489 -0.9882
vn 0.1660 0.1154 -0.9793
vn 0.1269 0.0184 -0.9917
vn 0.1639 0.1358 -0.9771
vn 0.2175 0.3143 -0.9241
vn 0.0715 -0.0229 -0.9972
vn 0.1059 0.1163 -0.9875
vn 0.0577 -0.0539 -0.9969
vn 0.1061 0.0946 -0.9899
vn 0.2144 0.3393 -0.9159
vn 0.1418 0.2361 -0.9613
vn 0.0511 0.0973 -0.9939
vn 0.1042 0.3353 -0.9363
vn 0.0755 0.2810 -0.9567
vn 0.0045 -0.0516 -0.9987
vn 0.0058 0.0166 -0.9998
vn -0.0029 -0.1021 -0.9948
vn -0.0024 -0.1274 -0.9918
vn -0.0365 -0.1611 -0.9863
vn -0.0755 0.0021 -0.9971
vn -0.0363 -0.1487 -0.9882
vn -0.1044 -0.0807 -0.9913
vn -0.0961 -0.0696 -0.9929
vn -0.1203 -0.0105 -0.9927
vn -0.0826 0.0204 -0.9964
vn -0.2391 -0.0272 -0.9706
vn -0.2136 0.1994 -0.9564
vn -0.2619 0.1946 -0.9453
vn -0.2141 0.2057 -0.9549
vn -0.0977 0.0835 -0.9917
vn -0.3529 0.2316 -0.9065
vn -0.2641 0.3715 -0.8901
vn -0.4398 0.4418 -0.7819
vn -0.2588 0.3310 -0.9075
vn -0.0954 0.0421 -0.9945
vn -0.1517 0.2596 -0.9537
vn -0.0570 0.0977 -0.9936
vn -0.0034 0.0693 -0.9976
vn -0.0859 0.2909 -0.9529
vn -0.1521 0.2426 -0.9581
vn -0.0051 0.2538 -0.9672
vn -0.0833 0.3017 -0.9498
vn -0.0000 0.2832 -0.9591
vn -0.1111 0.5080 -0.8542
vn -0.0000 0.5130 -0.8584
vn -0.2008 0.4421 -0.8742
vn -0.0830 0.4469 -0.8907
vn -0.1728 0.4852 -0.8572
vn -0.2531 0.5054 -0.8249
vn -0.2901 0.3815 -0.8777
vn -0.2978 0.4567 -0.8383
vn -0.2751 0.5980 -0.7528
vn -0.2035 0.6542 -0.7285
vn -0.2534 0.6665 -0.7011
vn -0.4219 0.5491 -0.7215
vn -0.4605 0.4654 -0.7559
vn -0.3641 0.6229 -0.6924
vn -0.3524 0.6615 -0.6620
vn -0.4487 0.6321 -0.6317
vn -0.4383 0.6632 -0.6067
vn -0.4862 0.4707 -0.7362
vn -0.5568 0.6349 -0.5356
vn -0.2741 0.7885 -0.5506
vn -0.3700 0.7446 -0.5556
vn -0.3198 0.8037 -0.5017
vn -0.4555 0.7300 -0.5096
vn -0.4075 0.7789 -0.4767
vn -0.4806 0.7469 -0.4596
vn -0.3258 0.8684 -0.3737
vn -0.4118 0.8112 -0.4152
vn -0.3547 0.8831 -0.3070
vn -0.3545 0.8891 -0.2896
vn -0.2335 0.8939 -0.3827
vn -0.2294 0.8483 -0.4772
vn -0.2222 0.9096 -0.3510
vn -0.1090 0.9267 -0.3598
vn -0.1696 0.8214 -0.5446
vn -0.1054 0.8778 -0.4674
vn -0.1566 0.7132 -0.6832
vn -0.1086 0.6741 -0.7306
vn -0.0358 0.8315 -0.5543
vn -0.0331 0.7684 -0.6391
vn -0.0000 0.8924 -0.4512
vn -0.0000 0.9226 -0.3858
vn 0.0098 0.6749 -0.7379
vn 0.0153 0.8681 -0.4961
vn -0.0000 0.7222 -0.6917
vn 0.1008 0.7178 -0.6889
vn 0.1133 0.8627 -0.4929
vn 0.0902 0.5094 -0.8558
vn 0.1104 0.6912 -0.7141
vn 0.1160 0.4104 -0.9045
vn 0.0309 0.9450 -0.3256
vn 0.0329 0.9709 -0.2371
vn 0.0878 0.8306 -0.5499
vn 0.1164 0.9180 -0.3790
vn 0.1192 0.9613 -0.2485
vn 0.0955 0.9410 -0.3245
vn 0.1965 0.5030 -0.8416
vn 0.2333 0.4078 -0.8828
vn 0.2785 0.4794 -0.8322
vn 0.3395 0.4936 -0.8007
vn 0.3756 0.6130 -0.6951
vn 0.3249 0.6669 -0.6705
vn 0.2276 0.6608 -0.7152
vn 0.3285 0.6347 -0.6995
vn 0.2248 0.6760 -0.7018
vn 0.1910 0.8538 -0.4843
vn 0.2421 0.7837 -0.5721
vn 0.1956 0.9049 -0.3780
vn 0.3523 0.7471 -0.5636
vn 0.2911 0.8152 -0.5006
vn 0.3995 0.7887 -0.4673
vn 0.4327 0.7368 -0.5195
vn 0.2963 0.8669 -0.4009
vn 0.2414 0.9230 -0.2996
vn 0.2523 0.9176 -0.3073
vn 0.3496 0.8621 -0.3670
vn 0.3485 0.9040 -0.2477
vn 0.4023 0.8107 -0.4253
vn 0.2202 0.9467 -0.2349
vn 0.2101 0.9494 -0.2336
vn 0.1794 0.9432 -0.2796
vn 0.3143 0.9179 -0.2421
vn 0.2632 0.9417 -0.2098
vn 0.3185 0.9173 -0.2388
vn 0.3511 0.9048 -0.2410
vn 0.3162 0.9261 -0.2059
vn 0.4476 0.8708 -0.2034
vn 0.5037 0.8522 -0.1415
vn 0.3393 0.9212 -0.1902
vn 0.3417 0.9200 -0.1921
vn 0.3929 0.9009 -0.1845
vn 0.3947 0.9004 -0.1830
vn 0.4395 0.8831 -0.1640
vn 0.4706 0.8737 -0.1230
vn 0.4860 0.8236 -0.2924
vn 0.4803 0.8605 -0.1700
vn 0.3841 0.8918 -0.2390
vn 0.4219 0.8937 -0.1528
vn 0.4500 0.8418 -0.2980
vn 0.4153 0.8557 -0.3088
vn 0.4806 0.8525 -0.2055
vn 0.5222 0.7811 -0.3423
vn 0.5228 0.8237 -0.2193
vn 0.5008 0.8592 -0.1047
vn 0.5202 0.8512 -0.0702
vn 0.5267 0.8354 -0.1570
vn 0.5229 0.8437 -0.1211
vn 0.6177 0.7791 -0.1069
vn 0.6196 0.7782 -0.1023
vn 0.5283 0.8343 -0.1573
vn 0.6306 0.7633 -0.1400
vn 0.5642 0.8048 -0.1840
vn 0.5351 0.8168 -0.2155
vn 0.6146 0.7687 -0.1771
vn 0.6460 0.7489 -0.1476
vn 0.6239 0.7403 -0.2505
vn 0.6401 0.7342 -0.2262
vn 0.6359 0.7333 -0.2405
vn 0.6616 0.7354 -0.1469
vn 0.6976 0.6928 -0.1826
vn 0.6978 0.6619 -0.2739
vn 0.6930 0.6436 -0.3249
vn 0.6430 0.6617 -0.3856
vn 0.6106 0.7364 -0.2913
vn 0.6418 0.6581 -0.3937
vn 0.5480 0.7698 -0.3272
vn 0.5274 0.6790 -0.5108
vn 0.4783 0.8363 -0.2679
vn 0.5486 0.6987 -0.4593
vn 0.4682 0.7488 -0.4691
vn 0.7549 0.6157 -0.2260
vn 0.7378 0.6519 -0.1751
vn 0.7678 0.5978 -0.2306
vn 0.7698 0.5939 -0.2340
vn 0.7625 0.6333 -0.1323
vn 0.8279 0.5493 -0.1131
vn 0.7361 0.6643 -0.1298
vn 0.8456 0.4888 -0.2148
vn 0.7216 0.6834 -0.1107
vn 0.6488 0.7548 -0.0965
vn 0.8079 0.5764 -0.1227
vn 0.7850 0.6120 -0.0960
vn 0.6320 0.7575 -0.1637
vn 0.6474 0.7401 -0.1820
vn 0.6183 0.7659 -0.1765
vn 0.7033 0.6959 -0.1453
vn 0.7002 0.7110 -0.0644
vn 0.7448 0.6479 -0.1597
vn 0.5844 0.7711 -0.2527
vn 0.6443 0.7116 -0.2803
vn 0.7819 0.6079 -0.1380
vn 0.7803 0.6009 -0.1733
vn 0.8651 0.4890 -0.1120
vn 0.8530 0.4852 -0.1923
vn 0.8563 0.5039 -0.1131
vn 0.8404 0.5286 -0.1198
vn 0.8686 0.4723 -0.1498
vn 0.9198 0.3875 -0.0617
vn 0.9020 0.4153 -0.1177
vn 0.9175 0.3733 -0.1375
vn 0.8835 0.4460 -0.1432
vn 0.9093 0.4119 -0.0599
vn 0.9127 0.3877 -0.1295
vn 0.9110 0.3823 -0.1548
vn 0.8755 0.4618 -0.1422
vn 0.8789 0.4539 -0.1464
vn 0.9485 0.2963 -0.1122
vn 0.9417 0.3202 -0.1032
vn 0.8502 0.4912 -0.1895
vn 0.9082 0.3942 -0.1405
vn 0.8630 0.3210 -0.3902
vn 0.8618 0.3095 -0.4018
vn 0.7917 0.2394 -0.5621
vn 0.7501 0.1387 -0.6466
vn 0.9202 0.3263 -0.2165
vn 0.9288 0.3475 -0.1292
vn 0.8285 0.1762 -0.5315
vn 0.9181 0.2701 -0.2900
vn 0.7537 0.0376 -0.6561
vn 0.7758 0.0439 -0.6294
vn 0.9526 0.2241 -0.2057
vn 0.9504 0.3075 -0.0459
vn 0.7921 -0.0426 -0.6089
vn 0.9758 0.1307 -0.1751
vn 0.7348 -0.1207 -0.6674
vn 0.5951 -0.1739 -0.7846
vn 0.4377 -0.3249 -0.8384
vn 0.7836 -0.1347 -0.6065
vn 0.7246 -0.2953 -0.6227
vn 0.7858 -0.2334 -0.5728
vn 0.7733 -0.3257 -0.5441
vn 0.7611 -0.4044 -0.5071
vn 0.7252 -0.4328 -0.5356
vn 0.9553 -0.2371 -0.1764
vn 0.9709 -0.1240 -0.2048
vn 0.9608 -0.2241 -0.1630
vn 0.9744 0.0079 -0.2245
vn 0.9777 -0.1031 -0.1831
vn 0.9795 0.0322 -0.1989
vn 0.9631 0.1328 -0.2340
vn 0.9902 0.0096 0.1395
vn 0.9349 -0.3274 -0.1369
vn 0.9294 -0.3380 -0.1484
vn 0.9818 -0.1176 0.1489
vn 0.9805 -0.0869 0.1762
vn 0.9599 -0.2337 0.1545
vn 0.9621 -0.2029 0.1819
vn 0.9035 -0.4138 -0.1120
vn 0.9817 0.0561 0.1819
vn 0.9780 0.1525 0.1423
vn 0.9216 0.0010 0.3882
vn 0.9318 0.1180 0.3432
vn 0.9628 0.1964 0.1856
vn 0.9522 0.2617 0.1575
vn 0.9172 0.1529 0.3680
vn 0.9125 0.2429 0.3291
vn 0.9408 0.0098 0.3388
vn 0.9160 -0.1151 0.3842
vn 0.8631 0.1920 0.4670
vn 0.8731 0.0745 0.4818
vn 0.9387 0.2891 0.1879
vn 0.8754 0.3034 0.3764
vn 0.8741 0.3327 0.3538
vn 0.9221 0.3520 0.1605
vn 0.9406 0.3297 0.0812
vn 0.8656 0.3725 0.3346
vn 0.9094 0.3822 0.1642
vn 0.9128 0.2921 0.2854
vn 0.9336 0.3032 0.1908
vn 0.9351 0.3521 0.0399
vn 0.8745 0.2991 0.3818
vn 0.8806 0.1165 0.4594
vn 0.9191 0.2836 0.2736
vn 0.9317 0.1738 0.3189
vn 0.9558 0.2712 0.1139
vn 0.9613 0.1874 0.2021
vn 0.9248 0.3743 0.0684
vn 0.9640 0.2426 0.1091
vn 0.9700 0.2403 0.0379
vn 0.9251 0.3779 -0.0364
vn 0.9758 0.2057 0.0745
vn 0.9747 0.2105 0.0751
vn 0.9789 0.2011 -0.0356
vn 0.9837 0.1550 0.0906
vn 0.9789 0.1987 -0.0472
vn 0.9751 0.2180 -0.0402
vn 0.9881 0.1354 0.0728
vn 0.9715 0.2307 -0.0540
vn 0.9865 0.1538 -0.0567
vn 0.9809 0.1700 -0.0944
vn 0.9951 0.0576 0.0805
vn 0.9566 0.1957 0.2158
vn 0.9621 0.0556 0.2669
vn 0.9364 0.1709 0.3065
vn 0.9948 0.0590 0.0834
vn 0.9986 0.0424 0.0313
vn 0.9987 -0.0163 0.0488
vn 0.9936 0.0909 -0.0670
vn 0.9944 0.0751 -0.0742
vn 0.9995 -0.0310 0.0103
vn 0.9995 -0.0304 0.0106
vn 0.9686 -0.0596 0.2413
vn 0.9762 0.0186 0.2163
vn 0.9774 -0.0421 0.2073
vn 0.9658 0.0270 0.2579
vn 0.9907 -0.0555 0.1245
vn 0.9909 -0.1130 0.0737
vn 0.9513 -0.0890 0.2952
vn 0.9970 -0.0394 -0.0664
vn 0.9976 0.0449 -0.0521
vn 0.9677 -0.1067 0.2285
vn 0.9678 -0.1062 0.2284
vn 0.9924 -0.1106 0.0537
vn 0.9767 -0.1149 0.1811
vn 0.9690 -0.2315 0.0858
vn 0.9774 -0.2112 0.0038
vn 0.9793 -0.2024 0.0046
vn 0.9750 -0.2218 -0.0159
vn 0.9810 -0.1941 -0.0056
vn 0.9575 -0.2351 0.1672
vn 0.9525 -0.1190 0.2804
vn 0.9704 -0.2280 0.0792
vn 0.9572 -0.2895 -0.0000
vn 0.9462 -0.3075 0.1004
vn 0.9618 -0.2431 0.1257
vn 0.9582 -0.2849 -0.0275
vn 0.9677 -0.2272 -0.1094
vn 0.9672 -0.2328 -0.1014
vn 0.9382 -0.3362 -0.0815
vn 0.9857 -0.1361 -0.0996
vn 0.9709 -0.1476 -0.1885
vn 0.9539 -0.2578 -0.1539
vn 0.9882 -0.0313 -0.1498
vn 0.9901 -0.0588 -0.1273
vn 0.9811 -0.0379 -0.1897
vn 0.9815 -0.0560 -0.1829
vn 0.9824 0.1355 -0.1283
vn 0.9850 0.0605 -0.1615
vn 0.9760 0.0854 -0.2005
vn 0.9752 0.1752 -0.1352
vn 0.9829 0.1568 -0.0963
vn 0.9764 0.1675 -0.1360
vn 0.9669 0.1565 -0.2015
vn 0.9456 0.2860 -0.1551
vn 0.9257 0.3293 -0.1864
vn 0.9230 0.3451 -0.1702
vn 0.9550 0.2357 -0.1802
vn 0.9398 0.2697 -0.2097
vn 0.9024 0.3837 -0.1962
vn 0.9106 0.3219 -0.2592
vn 0.9496 0.1911 -0.2483
vn 0.8769 0.3772 -0.2980
vn 0.8528 0.4557 -0.2550
vn 0.8587 0.4213 -0.2918
vn 0.8768 0.4229 -0.2288
vn 0.9491 0.1920 -0.2496
vn 0.9688 0.0284 -0.2462
vn 0.8841 0.3218 -0.3387
vn 0.9357 0.1342 -0.3263
vn 0.8983 0.3125 -0.3088
vn 0.7954 0.5603 -0.2311
vn 0.7017 0.6420 -0.3090
vn 0.7112 0.5922 -0.3787
vn 0.7645 0.5281 -0.3698
vn 0.7894 0.5097 -0.3422
vn 0.6950 0.5880 -0.4139
vn 0.7660 0.5140 -0.3861
vn 0.7341 0.4821 -0.4783
vn 0.8329 0.4072 -0.3748
vn 0.7576 0.5171 -0.3983
vn 0.8183 0.4006 -0.4122
vn 0.8924 0.2785 -0.3552
vn 0.7723 0.4381 -0.4600
vn 0.8508 0.2656 -0.4535
vn 0.7197 0.4836 -0.4981
vn 0.8350 0.1869 -0.5175
vn 0.8815 0.2821 -0.3787
vn 0.9418 0.1312 -0.3096
vn 0.8072 0.3206 -0.4956
vn 0.8498 0.1841 -0.4940
vn 0.8914 0.1554 -0.4258
vn 0.9002 0.0859 -0.4269
vn 0.9404 0.1341 -0.3124
vn 0.9409 0.0592 -0.3334
vn 0.9622 0.0322 -0.2703
vn 0.8688 0.0277 -0.4945
vn 0.8442 0.1120 -0.5241
vn 0.9210 -0.0057 -0.3894
vn 0.7690 0.0699 -0.6354
vn 0.7802 0.1002 -0.6174
vn 0.8445 0.0198 -0.5352
vn 0.7670 0.1237 -0.6296
vn 0.7727 0.1227 -0.6229
vn 0.6964 0.3458 -0.6289
vn 0.6856 -0.0155 -0.7278
vn 0.7141 0.0755 -0.6959
vn 0.7698 0.0209 -0.6379
vn 0.7238 0.0537 -0.6879
vn 0.7880 0.0184 -0.6154
vn 0.8207 -0.0211 -0.5709
vn 0.7420 0.0864 -0.6648
vn 0.8036 0.0837 -0.5893
vn 0.7416 0.1987 -0.6407
vn 0.8320 0.1168 -0.5423
vn 0.8342 0.1321 -0.5354
vn 0.8392 -0.0233 -0.5433
vn 0.8547 0.0539 -0.5163
vn 0.9003 0.0543 -0.4319
vn 0.9029 0.0733 -0.4236
vn 0.8224 -0.0076 -0.5688
vn 0.9022 -0.0105 -0.4311
vn 0.8742 -0.0847 -0.4781
vn 0.9078 0.0219 -0.4188
vn 0.9327 0.1178 -0.3410
vn 0.9142 -0.1041 -0.3918
vn 0.8806 -0.0853 -0.4661
vn 0.9042 -0.1326 -0.4061
vn 0.9077 -0.0405 -0.4178
vn 0.9113 0.0099 -0.4117
vn 0.9400 0.0932 -0.3283
vn 0.9362 0.0008 -0.3513
vn 0.9600 0.0696 -0.2712
vn 0.9561 -0.0441 -0.2898
vn 0.9096 -0.1374 -0.3921
vn 0.9219 -0.0993 -0.3746
vn 0.9166 -0.1941 -0.3495
vn 0.9553 -0.0675 -0.2878
vn 0.9488 -0.0967 -0.3007
vn 0.9269 -0.2053 -0.3141
vn 0.9521 0.0095 -0.3056
vn 0.9360 -0.1279 -0.3280
vn 0.9722 -0.0504 -0.2288
vn 0.9607 -0.1229 -0.2491
vn 0.9724 -0.0662 -0.2237
vn 0.9659 0.0849 -0.2448
vn 0.9741 0.0500 -0.2204
vn 0.9642 0.1208 -0.2362
vn 0.9424 0.1981 -0.2697
vn 0.9373 0.2366 -0.2559
vn 0.9687 0.1623 -0.1878
vn 0.9528 0.2212 -0.2078
vn 0.9834 0.0590 -0.1717
vn 0.9688 0.1622 -0.1876
vn 0.9853 0.0505 -0.1633
vn 0.9463 0.2613 -0.1904
vn 0.9112 0.3589 -0.2024
vn 0.9731 0.1708 -0.1548
vn 0.9594 0.2404 -0.1476
vn 0.9821 0.1433 -0.1221
vn 0.9461 0.2886 -0.1472
vn 0.9586 0.2479 -0.1398
vn 0.9595 0.2446 -0.1400
vn 0.9642 0.2273 -0.1365
vn 0.9629 0.2434 -0.1165
vn 0.9800 0.1202 -0.1584
vn 0.9854 0.0491 -0.1632
vn 0.9760 -0.0591 -0.2095
vn 0.9783 0.0808 -0.1907
vn 0.9578 0.0681 -0.2792
vn 0.9490 0.2425 -0.2016
vn 0.9850 0.0623 -0.1609
vn 0.9626 0.2357 -0.1334
vn 0.9791 0.1384 -0.1487
vn 0.9594 0.2704 -0.0805
vn 0.9529 0.2429 -0.1816
vn 0.9674 0.2217 -0.1228
vn 0.9663 0.2429 -0.0854
vn 0.9563 0.2022 -0.2110
vn 0.9488 0.1881 -0.2538
vn 0.9597 0.2687 -0.0826
vn 0.9497 0.2984 -0.0948
vn 0.9377 0.3427 -0.0568
vn 0.9406 0.3395 0.0046
vn 0.9584 0.2794 -0.0582
vn 0.9579 0.2865 0.0198
vn 0.9654 0.2608 -0.0049
vn 0.9452 0.3120 0.0964
vn 0.9661 0.2580 0.0006
vn 0.9597 0.2714 0.0736
vn 0.9331 0.3386 -0.1213
vn 0.9381 0.2544 -0.2349
vn 0.9229 0.3604 -0.1354
vn 0.9673 0.2534 -0.0029
vn 0.8790 0.4329 -0.1999
vn 0.9592 0.2742 0.0686
vn 0.8891 0.4126 -0.1982
vn 0.9224 0.3610 -0.1375
vn 0.9555 0.2821 0.0858
vn 0.8694 0.3973 -0.2937
vn 0.8983 0.3689 -0.2386
vn 0.9288 0.3692 0.0324
vn 0.9280 0.3693 0.0486
vn 0.9376 0.3477 0.0103
vn 0.9471 0.3189 0.0359
vn 0.9453 0.3262 -0.0014
vn 0.9580 0.2866 0.0076
vn 0.9726 0.2268 0.0506
vn 0.9612 0.2755 -0.0118
vn 0.9653 0.2613 0.0017
vn 0.9519 0.3015 0.0552
vn 0.9434 0.3179 0.0944
vn 0.9753 0.2205 0.0137
vn 0.9586 0.2800 0.0527
vn 0.9756 0.2189 0.0159
vn 0.9672 0.2525 0.0270
vn 0.9599 0.2800 -0.0128
vn 0.9642 0.2354 0.1223
vn 0.9496 0.2876 0.1250
vn 0.9683 0.2297 0.0976
vn 0.9419 0.2764 0.1907
vn 0.9306 0.3260 0.1663
vn 0.9631 0.2060 0.1733
vn 0.9720 0.2329 0.0302
vn 0.9759 0.2021 0.0823
vn 0.9773 0.2001 0.0693
vn 0.9776 0.1121 0.1780
vn 0.9814 0.1243 0.1461
vn 0.9889 0.1411 0.0474
vn 0.9908 0.1187 0.0646
vn 0.9785 0.2063 -0.0038
vn 0.9760 0.2160 -0.0270
vn 0.9897 0.1427 0.0141
vn 0.9864 0.1645 -0.0030
vn 0.9943 0.0872 0.0620
vn 0.9738 0.1843 0.1330
vn 0.9418 0.2799 0.1862
vn 0.9423 0.2813 0.1816
vn 0.9494 0.1967 0.2449
vn 0.9464 0.2216 0.2348
vn 0.9555 0.1847 0.2298
vn 0.9250 0.2995 0.2336
vn 0.9253 0.2522 0.2831
vn 0.9240 0.3029 0.2333
vn 0.9157 0.3469 0.2028
vn 0.9102 0.3630 0.1996
vn 0.9103 0.3229 0.2591
vn 0.8970 0.3637 0.2513
vn 0.9212 0.2490 0.2989
vn 0.8997 0.2873 0.3286
vn 0.8939 0.3669 0.2576
vn 0.8827 0.3942 0.2560
vn 0.8560 0.4156 0.3075
vn 0.8882 0.3455 0.3029
vn 0.8604 0.3710 0.3494
vn 0.8482 0.4291 0.3104
vn 0.8954 0.3028 0.3265
vn 0.9006 0.2865 0.3269
vn 0.8643 0.3731 0.3373
vn 0.8613 0.3242 0.3913
vn 0.8164 0.4366 0.3780
vn 0.8221 0.4052 0.4000
vn 0.8154 0.4189 0.3995
vn 0.8586 0.3212 0.3996
vn 0.8238 0.3775 0.4230
vn 0.8913 0.2660 0.3672
vn 0.8121 0.4450 0.3775
vn 0.8048 0.4961 0.3259
vn 0.7680 0.4656 0.4397
vn 0.7484 0.5036 0.4317
vn 0.7708 0.4333 0.4670
vn 0.7413 0.3841 0.5504
vn 0.7450 0.4526 0.4900
vn 0.7059 0.4378 0.5568
vn 0.7053 0.4308 0.5630
vn 0.7968 0.3682 0.4791
vn 0.7449 0.3829 0.5464
vn 0.7955 0.3695 0.4802
vn 0.7217 0.3338 0.6064
vn 0.7760 0.3084 0.5502
vn 0.8044 0.3302 0.4939
vn 0.7918 0.2368 0.5630
vn 0.8380 0.2823 0.4669
vn 0.8587 0.3152 0.4042
vn 0.8370 0.2986 0.4585
vn 0.8177 0.2407 0.5228
vn 0.8790 0.2701 0.3930
vn 0.8626 0.2338 0.4487
vn 0.8588 0.1814 0.4792
vn 0.8557 0.2024 0.4762
vn 0.8768 0.1971 0.4385
vn 0.8960 0.2171 0.3874
vn 0.8494 0.1864 0.4937
vn 0.8039 0.1803 0.5668
vn 0.8147 0.1156 0.5683
vn 0.8439 0.1448 0.5166
vn 0.8297 0.1176 0.5456
vn 0.9048 0.2115 0.3696
vn 0.9211 0.2401 0.3065
vn 0.8912 0.1325 0.4337
vn 0.9154 0.1639 0.3677
vn 0.9347 0.1703 0.3121
vn 0.9302 0.1520 0.3342
vn 0.9490 0.1702 0.2655
vn 0.8698 0.1194 0.4788
vn 0.8941 0.1472 0.4230
vn 0.8582 0.0605 0.5097
vn 0.8363 0.0706 0.5436
vn 0.8586 0.0594 0.5091
vn 0.8040 0.0210 0.5942
vn 0.8133 0.0261 0.5812
vn 0.8398 -0.0063 0.5428
vn 0.8352 -0.0101 0.5498
vn 0.8797 0.0482 0.4730
vn 0.9043 0.0756 0.4201
vn 0.8828 -0.0588 0.4661
vn 0.8179 -0.0575 0.5724
vn 0.7701 -0.0917 0.6313
vn 0.8587 0.0358 0.5113
vn 0.8208 -0.1460 0.5522
vn 0.7773 -0.1975 0.5973
vn 0.8492 -0.0937 0.5197
vn 0.8604 -0.0640 0.5056
vn 0.8386 -0.1426 0.5258
vn 0.8480 -0.1135 0.5178
vn 0.8995 -0.0181 0.4364
vn 0.8992 -0.0569 0.4339
vn 0.9097 0.0720 0.4091
vn 0.9320 0.1400 0.3344
vn 0.9251 0.0390 0.3777
vn 0.9258 0.0243 0.3772
vn 0.9418 0.1105 0.3175
vn 0.9447 0.0815 0.3178
vn 0.9564 0.1129 0.2695
vn 0.8974 -0.0507 0.4383
vn 0.8946 -0.1054 0.4344
vn 0.9328 0.0116 0.3601
vn 0.9329 -0.0430 0.3575
vn 0.9583 0.0515 0.2811
vn 0.9596 0.0185 0.2806
vn 0.9688 0.0808 0.2341
vn 0.9673 0.0982 0.2337
vn 0.9697 0.1196 0.2131
vn 0.9815 0.1204 0.1485
vn 0.9844 0.0945 0.1483
vn 0.9792 0.0336 0.1999
vn 0.9941 0.0166 0.1074
vn 0.9660 -0.0193 0.2578
vn 0.9787 0.0449 0.2002
vn 0.9658 -0.0332 0.2571
vn 0.9329 -0.0428 0.3576
vn 0.9837 0.0080 0.1796
vn 0.9314 -0.0778 0.3555
vn 0.9008 -0.1365 0.4122
vn 0.9605 0.0170 0.2779
vn 0.9823 -0.0685 0.1741
vn 0.9375 -0.0930 0.3353
vn 0.9583 -0.0869 0.2721
vn 0.9929 0.0179 0.1177
vn 0.9930 0.0429 0.1097
vn 0.9818 -0.0415 0.1855
vn 0.9933 -0.0269 0.1125
vn 0.9606 -0.1192 0.2510
vn 0.9818 -0.0395 0.1857
vn 0.9322 -0.1456 0.3314
vn 0.9625 -0.0986 0.2528
vn 0.9369 -0.1614 0.3101
vn 0.9634 -0.1745 0.2036
vn 0.9838 -0.0853 0.1575
vn 0.9820 -0.1082 0.1549
vn 0.9938 -0.0417 0.1031
vn 0.9925 -0.0730 0.0982
vn 0.9981 -0.0270 0.0556
vn 0.9989 -0.0075 0.0460
vn 0.9919 -0.0977 0.0815
vn 0.9833 -0.1456 0.1093
vn 0.9933 -0.1092 0.0371
vn 0.9991 -0.0063 0.0425
vn 0.9987 0.0476 0.0160
vn 0.9976 0.0612 -0.0311
vn 0.9956 0.0896 0.0266
vn 0.9991 -0.0406 -0.0126
vn 0.9992 0.0012 -0.0396
vn 0.9928 -0.1165 0.0260
vn 0.9952 -0.0966 -0.0121
vn 0.9925 0.1099 -0.0528
vn 0.9993 0.0011 -0.0374
vn 0.9992 0.0375 -0.0121
vn 0.9852 0.1661 -0.0427
vn 0.9978 -0.0284 -0.0600
vn 0.9958 -0.0914 0.0061
vn 0.9948 -0.0816 -0.0609
vn 0.9937 -0.1110 0.0182
vn 0.9970 0.0267 0.0729
vn 0.9875 -0.1324 -0.0858
vn 0.9856 -0.1600 -0.0555
vn 0.9844 0.1698 -0.0453
vn 0.9742 0.2246 -0.0202
vn 0.4787 -0.0456 0.8768
vn 0.9434 0.2732 0.1880
vn 0.9626 0.1837 0.1993
vn 0.7945 0.0154 0.6071
vn 0.9408 0.2721 0.2020
vn 0.9707 0.0508 0.2349
vn 0.9753 -0.0676 0.2105
vn 0.9118 0.3713 0.1753
vn 0.5676 0.6369 0.5218
vn 0.7548 0.1454 0.6396
vn 0.7447 0.3317 0.5791
vn 0.7277 0.3380 0.5969
vn 0.7064 0.4898 0.5110
vn 0.3748 0.6143 0.6943
vn 0.9424 0.3342 0.0167
vn 0.3882 0.5495 0.7398
vn 0.9175 0.3963 -0.0327
vn 0.2781 0.3268 0.9032
vn 0.2633 0.5729 0.7762
vn -0.1531 0.3168 0.9361
vn 0.7621 0.5569 0.3302
vn 0.3697 0.7128 0.5960
vn 0.3384 0.7269 0.5976
vn 0.7185 0.6571 0.2279
vn 0.6863 0.6880 0.2360
vn 0.5788 0.7320 0.3594
vn 0.4672 0.8128 0.3479
vn 0.1568 0.7289 0.6664
vn 0.2540 0.8371 0.4845
vn 0.2466 0.7970 0.5514
vn 0.1538 0.7124 0.6847
vn -0.0095 0.5459 0.8378
vn 0.4795 0.7512 0.4536
vn 0.4654 0.6871 0.5579
vn -0.0403 0.5818 0.8124
vn -0.0584 0.4449 0.8937
vn 0.2661 0.6187 0.7392
vn 0.2431 0.4991 0.8318
vn 0.4346 0.7173 0.5447
vn 0.4738 0.8452 0.2475
vn 0.5453 0.7933 0.2707
vn 0.5743 0.7607 0.3025
vn 0.4258 0.8598 0.2820
vn 0.5332 0.8427 0.0747
vn 0.8229 0.5676 0.0257
vn 0.5695 0.8153 0.1050
vn 0.5385 0.8397 0.0703
vn 0.6791 0.7240 -0.1211
vn 0.5989 0.7900 -0.1313
vn 0.8229 0.5661 -0.0497
vn 0.6972 0.7162 0.0299
vn 0.8324 0.5541 -0.0108
vn 0.8912 0.4535 0.0136
vn 0.7637 0.6329 -0.1273
vn 0.8665 0.4765 -0.1489
vn 0.7394 0.6550 -0.1556
vn 0.6163 0.7733 -0.1488
vn 0.8345 0.4868 -0.2581
vn 0.9363 0.2641 -0.2316
vn 0.5963 0.7454 -0.2981
vn 0.7254 0.6014 -0.3348
vn 0.8162 0.5032 -0.2840
vn 0.6927 0.5856 -0.4210
vn 0.8834 0.3048 -0.3560
vn 0.6362 0.6213 -0.4575
vn 0.8827 0.3067 -0.3562
vn 0.6129 0.7376 -0.2834
vn 0.6851 0.5539 -0.4731
vn 0.8813 0.2614 -0.3937
vn 0.6740 0.5796 -0.4581
vn 0.6398 0.6318 -0.4376
vn 0.9476 0.2080 -0.2425
vn 0.8566 0.4678 -0.2176
vn 0.9978 -0.0669 -0.0023
vn 0.9956 0.0913 -0.0221
vn 0.9401 0.2236 -0.2574
vn 0.9510 -0.3072 -0.0356
vn 0.9450 -0.2222 -0.2401
vn 0.8537 0.3643 -0.3722
vn 0.9558 -0.2939 0.0065
vn 0.7988 -0.5995 -0.0512
vn 0.9955 0.0934 -0.0188
vn 0.9745 -0.2219 -0.0330
vn 0.9819 0.1512 -0.1139
vn 0.9450 0.2794 -0.1700
vn 0.9398 -0.3203 -0.1189
vn 0.9721 -0.0918 -0.2160
vn 0.9120 0.3054 -0.2737
vn 0.8530 -0.5020 -0.1429
vn 0.8167 -0.5610 -0.1349
vn 0.9554 -0.1096 -0.2742
vn 0.8413 -0.3827 -0.3818
vn 0.9232 0.1437 -0.3566
vn 0.6368 -0.7114 -0.2972
vn 0.8790 0.2256 -0.4201
vn 0.6247 -0.6920 -0.3617
vn 0.9125 0.1122 -0.3934
vn 0.8160 -0.3106 -0.4875
vn 0.7236 -0.3885 -0.5706
vn 0.4360 -0.7477 -0.5008
vn 0.8689 0.1510 -0.4713
vn 0.6975 -0.4772 -0.5346
vn 0.8315 -0.0081 -0.5555
vn 0.8650 -0.0749 -0.4962
vn 0.8611 0.3473 -0.3712
vn 0.8920 -0.2512 -0.3758
vn 0.9029 0.1159 -0.4139
vn 0.7424 -0.4514 -0.4951
vn 0.7612 -0.4966 -0.4171
vn 0.9724 -0.1800 -0.1488
vn 0.9408 0.2410 -0.2384
vn 0.9566 -0.2902 -0.0253
vn 0.9793 -0.1411 -0.1450
vn 0.7137 -0.5766 -0.3977
vn 0.6181 -0.6199 -0.4835
vn 0.9718 -0.2359 -0.0056
vn 0.8238 -0.2500 -0.5088
vn 0.8578 -0.0334 -0.5129
vn 0.8933 -0.0431 -0.4475
vn 0.9250 -0.3190 -0.2066
vn 0.8657 0.1143 -0.4873
vn 0.9097 0.1030 -0.4022
vn 0.8622 0.2211 -0.4557
vn 0.8002 0.3465 -0.4895
vn 0.6415 0.6082 -0.4674
vn 0.8070 0.5001 -0.3141
vn 0.9334 0.2904 -0.2106
vn 0.6611 0.6698 -0.3381
vn 0.7438 0.6154 -0.2608
vn 0.6424 0.6979 -0.3165
vn 0.6325 0.6757 -0.3786
vn 0.7410 0.5678 -0.3584
vn 0.0531 0.7385 0.6722
vn 0.9519 0.2827 -0.1183
vn 0.8167 0.5771 0.0046
vn 0.9087 0.4165 -0.0265
vn 0.7476 0.6597 0.0763
vn 0.9658 0.2361 -0.1073
vn 0.6426 0.7662 0.0043
vn 0.6124 0.7798 -0.1300
vn 0.6952 0.6456 0.3160
vn 0.5841 0.7670 0.2655
vn 0.8505 0.3898 0.3532
vn 0.6949 0.6471 0.3136
vn 0.9416 0.2156 0.2586
vn 0.8485 0.3986 0.3480
vn 0.9851 -0.0610 -0.1606
vn 0.9659 -0.0945 0.2412
vn 0.9261 -0.2141 -0.3106
vn 0.8744 -0.3565 -0.3291
vn 0.9131 -0.4004 -0.0766
vn 0.9772 0.2115 0.0157
vn 0.7252 -0.6804 0.1060
vn 0.9747 0.1056 0.1971
vn 0.7466 0.3776 0.5477
vn 0.8815 0.1014 0.4611
vn 0.5934 0.4867 0.6411
vn 0.5810 0.6176 0.5302
vn 0.8508 0.3059 0.4272
vn 0.9779 -0.1030 0.1821
vn 0.9760 0.1255 0.1782
vn 0.8932 0.3660 0.2612
vn 0.9430 0.1355 0.3041
vn 0.7124 0.5004 0.4920
vn 0.7782 0.4176 0.4691
vn 0.5643 0.6379 0.5241
vn 0.6878 0.5059 0.5205
vn 0.4650 0.6218 0.6302
vn 0.6691 0.7095 0.2211
vn 0.8018 0.5333 0.2698
vn 0.7440 0.5692 0.3498
vn 0.9479 0.3164 -0.0372
vn 0.8381 0.4806 0.2580
vn 0.9392 0.3414 -0.0373
vn 0.9309 0.2628 -0.2535
vn 0.8303 0.5552 0.0487
vn 0.7102 0.6860 0.1581
vn 0.8593 0.4585 -0.2266
vn 0.7453 0.6662 -0.0282
vn 0.9241 0.2796 -0.2605
vn 0.4795 0.8162 -0.3223
vn 0.9195 0.2874 -0.2683
vn 0.7818 0.6035 -0.1569
vn 0.7078 0.6932 0.1357
vn 0.5898 0.8073 -0.0199
vn 0.7304 0.6166 -0.2939
vn 0.6852 0.6514 -0.3259
vn 0.5871 0.8068 -0.0666
vn 0.4900 0.8587 -0.1503
vn 0.7179 0.6868 0.1135
vn 0.8560 0.3903 -0.3390
vn 0.9561 0.0893 -0.2792
vn 0.7651 0.5181 -0.3825
vn 0.9450 -0.0723 -0.3190
vn 0.9658 -0.0879 -0.2441
vn 0.8726 0.3055 -0.3811
vn 0.6671 0.5691 -0.4807
vn 0.8199 0.3175 -0.4764
vn 0.9343 0.1127 -0.3381
vn 0.8385 0.2365 -0.4910
vn 0.9294 -0.2400 -0.2804
vn 0.0941 0.9595 -0.2657
vn 0.3943 0.8707 -0.2939
vn 0.7028 0.4641 -0.5390
vn 0.3236 0.5536 -0.7674
vn 0.5976 0.6671 -0.4447
vn 0.2943 0.6926 -0.6586
vn 0.2616 0.8403 -0.4748
vn 0.4093 0.8830 -0.2298
vn 0.3181 0.6770 -0.6637
vn 0.2525 0.8578 -0.4477
vn 0.6011 0.7057 -0.3750
vn 0.1689 0.7144 -0.6791
vn 0.3649 0.8575 -0.3628
vn 0.3673 0.7064 -0.6050
vn 0.1676 0.7370 -0.6547
vn 0.4650 0.8231 -0.3259
vn 0.3366 0.7428 -0.5787
vn 0.6395 0.6372 -0.4301
vn 0.1159 0.5801 -0.8062
vn 0.3558 0.4354 -0.8269
vn 0.4280 0.3802 -0.8199
vn 0.5709 0.3401 -0.7473
vn 0.0519 0.4952 -0.8672
vn 0.2147 0.4834 -0.8487
vn 0.0682 0.3852 -0.9203
vn 0.3618 0.4228 -0.8309
vn 0.3269 0.1158 -0.9379
vn 0.3930 0.1217 -0.9114
vn 0.1509 0.1652 -0.9747
vn 0.0233 0.1477 -0.9888
vn 0.3918 0.1212 -0.9120
vn 0.2211 -0.1019 -0.9699
vn 0.4374 -0.0293 -0.8988
vn 0.0164 0.1604 -0.9869
vn -0.0178 -0.1075 -0.9940
vn 0.7251 0.1186 -0.6784
vn 0.6755 0.2955 -0.6755
vn 0.9258 0.0556 -0.3740
vn 0.4945 -0.0031 -0.8691
vn 0.8484 0.0806 -0.5233
vn 0.8423 0.0596 -0.5357
vn 0.5912 -0.0257 -0.8061
vn 0.2969 -0.1302 -0.9460
vn 0.5555 -0.1182 -0.8231
vn 0.3255 -0.2440 -0.9135
vn 0.9332 -0.0242 -0.3586
vn 0.9423 -0.1478 -0.3004
vn 0.9383 -0.1785 -0.2963
vn 0.9170 -0.0499 -0.3957
vn 0.4637 -0.2006 -0.8630
vn 0.6707 -0.0251 -0.7413
vn 0.7361 -0.0372 -0.6759
vn 0.8299 0.0188 -0.5576
vn 0.4838 -0.2652 -0.8340
vn 0.6450 -0.2129 -0.7339
vn 0.2121 -0.2619 -0.9415
vn 0.2451 -0.4066 -0.8801
vn 0.3928 -0.3845 -0.8354
vn 0.6311 -0.2177 -0.7445
vn 0.2413 -0.4069 -0.8810
vn 0.8080 -0.0683 -0.5852
vn 0.8527 -0.0729 -0.5173
vn 0.4230 -0.3903 -0.8178
vn 0.1576 -0.5426 -0.8251
vn 0.4594 -0.5041 -0.7314
vn 0.6764 -0.3135 -0.6665
vn 0.6531 -0.3235 -0.6847
vn 0.7692 -0.1933 -0.6091
vn 0.7496 -0.1910 -0.6337
vn 0.7650 -0.2673 -0.5860
vn 0.3330 -0.5565 -0.7612
vn 0.1789 -0.6434 -0.7443
vn 0.6245 -0.4383 -0.6464
vn 0.7263 -0.3052 -0.6159
vn 0.3590 -0.6386 -0.6807
vn 0.6288 -0.4357 -0.6440
vn 0.2105 -0.7592 -0.6159
vn 0.5236 -0.6094 -0.5954
vn 0.7464 -0.3383 -0.5731
vn 0.1019 -0.7739 -0.6250
vn 0.0793 -0.6661 -0.7416
vn 0.2746 -0.7605 -0.5885
vn -0.0459 -0.7952 -0.6045
vn 0.1297 -0.8247 -0.5505
vn 0.2304 -0.8065 -0.5444
vn 0.5292 -0.6081 -0.5917
vn -0.1294 -0.7368 -0.6636
vn -0.0469 -0.7955 -0.6041
vn -0.0667 -0.6707 -0.7388
vn 0.2313 -0.8438 -0.4843
vn 0.0163 -0.9056 -0.4238
vn 0.0207 -0.8420 -0.5391
vn 0.1927 -0.8664 -0.4606
vn 0.2913 -0.8738 -0.3893
vn 0.1866 -0.9105 -0.3690
vn 0.4984 -0.6960 -0.5168
vn 0.5475 -0.6695 -0.5020
vn 0.5145 -0.7759 -0.3651
vn 0.1314 -0.9328 -0.3356
vn 0.3412 -0.8588 -0.3821
vn 0.7011 -0.5041 -0.5044
vn 0.7300 -0.5515 -0.4036
vn 0.7698 -0.5111 -0.3824
vn 0.7352 -0.4732 -0.4854
vn 0.7080 -0.4258 -0.5634
vn 0.8100 -0.3453 -0.4740
vn 0.8384 -0.3722 -0.3982
vn 0.7969 -0.2707 -0.5401
vn 0.8345 -0.3140 -0.4529
vn 0.8109 -0.2511 -0.5287
vn 0.8091 -0.1839 -0.5582
vn -0.2201 -0.6236 -0.7501
vn 0.8630 -0.2417 -0.4437
vn 0.8662 -0.2437 -0.4363
vn 0.8530 -0.1347 -0.5042
vn 0.8940 -0.1894 -0.4061
vn 0.8388 -0.1176 -0.5316
vn 0.8681 -0.1284 -0.4794
vn 0.8946 -0.1934 -0.4029
vn 0.8542 -0.4104 -0.3193
vn 0.9113 -0.1998 -0.3601
vn 0.8937 -0.3450 -0.2868
vn 0.7080 -0.6505 -0.2750
vn 0.9174 -0.2271 -0.3268
vn 0.9048 -0.1686 -0.3910
vn 0.8523 -0.1945 -0.4856
vn 0.8521 -0.2216 -0.4741
vn 0.8680 -0.2986 -0.3968
vn 0.8337 -0.2794 -0.4763
vn 0.9012 -0.2835 -0.3279
vn 0.8603 -0.3504 -0.3702
vn 0.9332 -0.2364 -0.2705
vn 0.8978 -0.3920 -0.2009
vn 0.9463 -0.2183 -0.2386
vn 0.8860 -0.4002 -0.2343
vn 0.9180 -0.2957 -0.2643
vn 0.9627 -0.2066 -0.1745
vn 0.9494 -0.2518 -0.1876
vn 0.9461 -0.2891 -0.1462
vn 0.9709 -0.1860 -0.1509
vn 0.9443 -0.2963 -0.1433
vn 0.9852 -0.1551 -0.0725
vn 0.9820 -0.1516 -0.1123
vn 0.9786 -0.1955 -0.0650
vn 0.9681 -0.2479 -0.0363
vn 0.9892 -0.1461 -0.0086
vn 0.9195 -0.2897 0.2656
vn 0.9351 -0.3540 -0.0149
vn 0.9602 -0.2641 0.0905
vn 0.9693 -0.2230 -0.1035
vn 0.9423 -0.2953 -0.1576
vn 0.9623 -0.2610 -0.0763
vn 0.9775 -0.2062 -0.0445
vn 0.8987 -0.3241 0.2955
vn 0.9635 -0.2564 -0.0768
vn 0.7548 -0.6081 0.2457
vn 0.9219 -0.3103 0.2320
vn 0.9376 -0.3232 -0.1281
vn 0.9319 -0.3277 -0.1553
vn 0.9522 -0.3018 -0.0468
vn 0.9325 -0.3487 -0.0943
vn 0.9549 -0.2932 -0.0471
vn 0.9137 -0.3648 -0.1789
vn 0.9250 -0.3682 -0.0935
vn 0.8951 -0.4219 -0.1444
vn 0.9226 -0.3768 -0.0831
vn 0.9000 -0.4112 -0.1446
vn 0.8819 -0.4643 -0.0821
vn 0.9289 -0.3699 -0.0173
vn 0.9379 -0.3466 -0.0167
vn 0.9033 -0.3755 -0.2076
vn 0.9633 -0.2677 -0.0175
vn 0.9746 -0.2232 -0.0200
vn 0.9761 -0.2159 0.0247
vn 0.9849 -0.1698 0.0341
vn 0.9776 -0.1830 0.1035
vn 0.9637 -0.2641 0.0392
vn 0.9647 -0.2605 0.0397
vn 0.9786 -0.1785 0.1023
vn 0.9722 -0.2133 0.0968
vn 0.9651 -0.1887 0.1814
vn 0.9670 -0.1496 0.2064
vn 0.9560 -0.2621 0.1321
vn 0.9573 -0.2858 0.0447
vn 0.9487 -0.2889 0.1282
vn 0.9574 -0.2854 0.0448
vn 0.9580 -0.2040 0.2015
vn 0.9533 -0.2469 0.1738
vn 0.9402 -0.2161 0.2633
vn 0.9319 -0.2538 0.2592
vn 0.9338 -0.1816 0.3083
vn 0.9356 -0.2974 0.1900
vn 0.9471 -0.2937 0.1298
vn 0.9331 -0.2505 0.2579
vn 0.9132 -0.2192 0.3435
vn 0.9047 -0.2568 0.3399
vn 0.9346 -0.3331 0.1244
vn 0.9410 -0.3327 0.0627
vn 0.9241 -0.3198 0.2091
vn 0.9245 -0.2840 0.2543
vn 0.9114 -0.3857 0.1437
vn 0.9194 -0.3341 0.2074
vn 0.8891 -0.3401 0.3063
vn 0.8951 -0.2774 0.3491
vn 0.8962 -0.3719 0.2418
vn 0.8963 -0.3187 0.3083
vn 0.9242 -0.3523 0.1478
vn 0.8856 -0.3982 0.2391
vn 0.9033 -0.3958 0.1655
vn 0.8859 -0.3976 0.2388
vn 0.8477 -0.4014 0.3469
vn 0.9124 -0.3977 0.0966
vn 0.9318 -0.3580 0.0599
vn 0.8923 -0.4211 0.1628
vn 0.9060 -0.4125 0.0951
vn 0.8837 -0.4497 0.1299
vn 0.9226 -0.3844 0.0315
vn 0.9460 -0.3225 -0.0326
vn 0.8889 -0.4557 0.0467
vn 0.9085 -0.4170 0.0289
vn 0.8466 -0.5177 0.1235
vn 0.8962 -0.4411 0.0478
vn 0.9055 -0.4229 -0.0346
vn 0.9066 -0.4206 -0.0359
vn 0.8981 -0.4275 -0.1032
vn 0.8665 -0.4989 0.0139
vn 0.8911 -0.4523 -0.0369
vn 0.8826 -0.4586 -0.1034
vn 0.8708 -0.4862 -0.0728
vn 0.8568 -0.4954 -0.1431
vn 0.8691 -0.4599 -0.1822
vn 0.8275 -0.5229 -0.2047
vn 0.9023 -0.3771 -0.2088
vn 0.8352 -0.5004 -0.2283
vn 0.8367 -0.5285 -0.1435
vn 0.8097 -0.5514 -0.2008
vn 0.8391 -0.5390 -0.0740
vn 0.8303 -0.5476 -0.1036
vn 0.8592 -0.4330 -0.2726
vn 0.8339 -0.5001 -0.2337
vn 0.8623 -0.4336 -0.2615
vn 0.7751 -0.5543 -0.3032
vn 0.8286 -0.4685 -0.3065
vn 0.7883 -0.5778 -0.2115
vn 0.7883 -0.5402 -0.2948
vn 0.7801 -0.6026 -0.1680
vn 0.7998 -0.5868 -0.1265
vn 0.7697 -0.5915 -0.2402
vn 0.7630 -0.5874 -0.2699
vn 0.7375 -0.6538 -0.1695
vn 0.7390 -0.6290 -0.2414
vn 0.7534 -0.6412 -0.1455
vn 0.7682 -0.6353 -0.0789
vn 0.7433 -0.6603 -0.1073
vn 0.7193 -0.6194 -0.3144
vn 0.6984 -0.6652 -0.2641
vn 0.7091 -0.6311 -0.3144
vn 0.7057 -0.6814 -0.1941
vn 0.6950 -0.6693 -0.2628
vn 0.7226 -0.5976 -0.3474
vn 0.6672 -0.6566 -0.3517
vn 0.7349 -0.5820 -0.3480
vn 0.7695 -0.5516 -0.3219
vn 0.7790 -0.5130 -0.3605
vn 0.8209 -0.4651 -0.3314
vn 0.7604 -0.5195 -0.3898
vn 0.8282 -0.4420 -0.3446
vn 0.7883 -0.4741 -0.3922
vn 0.7370 -0.5394 -0.4073
vn 0.7133 -0.5657 -0.4137
vn 0.6789 -0.6239 -0.3870
vn 0.6631 -0.6569 -0.3588
vn 0.6660 -0.6241 -0.4085
vn 0.6976 -0.5766 -0.4252
vn 0.6871 -0.5872 -0.4278
vn 0.6533 -0.6326 -0.4160
vn 0.5576 -0.6418 -0.5266
vn 0.6232 -0.6778 -0.3902
vn 0.6164 -0.6696 -0.4143
vn 0.6233 -0.6252 -0.4696
vn 0.6740 -0.5565 -0.4858
vn 0.6371 -0.5798 -0.5079
vn 0.6919 -0.5323 -0.4878
vn 0.7463 -0.4830 -0.4579
vn 0.7408 -0.4919 -0.4575
vn 0.7918 -0.4388 -0.4249
vn 0.6976 -0.4792 -0.5326
vn 0.6311 -0.5810 -0.5140
vn 0.6633 -0.5288 -0.5296
vn 0.7439 -0.4562 -0.4884
vn 0.6966 -0.4813 -0.5321
vn 0.6964 -0.4819 -0.5318
vn 0.6630 -0.5006 -0.5566
vn 0.7635 -0.4206 -0.4901
vn 0.7886 -0.4447 -0.4247
vn 0.7905 -0.4026 -0.4615
vn 0.8362 -0.3868 -0.3887
vn 0.8335 -0.4316 -0.3450
vn 0.8151 -0.3488 -0.4626
vn 0.8451 -0.3668 -0.3889
vn 0.7628 -0.3864 -0.5185
vn 0.7359 -0.4124 -0.5370
vn 0.8188 -0.3229 -0.4747
vn 0.7800 -0.3492 -0.5193
vn 0.8717 -0.3210 -0.3703
vn 0.8368 -0.2741 -0.4740
vn 0.8721 -0.3664 -0.3244
vn 0.8589 -0.3968 -0.3238
vn 0.9100 -0.3198 -0.2638
vn 0.8718 -0.4008 -0.2818
vn 0.9242 -0.2561 -0.2833
vn 0.7980 -0.2491 -0.5487
vn 0.8289 -0.1800 -0.5296
vn 0.8435 -0.1153 -0.5247
vn 0.7839 -0.3030 -0.5419
vn 0.8075 -0.2349 -0.5411
vn 0.7589 -0.3402 -0.5552
vn 0.8452 -0.2554 -0.4694
vn 0.7621 -0.3522 -0.5432
vn 0.9325 -0.2782 0.2304
vn 0.8472 -0.0884 -0.5239
vn 0.9066 -0.1683 -0.3870
vn 0.8420 -0.2289 -0.4885
vn 0.9108 -0.0660 -0.4075
vn 0.9109 -0.0657 -0.4075
vn 0.8801 -0.0132 -0.4746
vn 0.8951 -0.0014 -0.4459
vn 0.9174 -0.0552 -0.3940
vn 0.9519 -0.0396 -0.3039
vn 0.9367 -0.0031 -0.3500
vn 0.9236 -0.1060 -0.3684
vn 0.9202 -0.2066 -0.3323
vn 0.9341 -0.0005 -0.3571
vn 0.9215 -0.2083 -0.3279
vn 0.9380 -0.1008 -0.3315
vn 0.9210 -0.2532 -0.2960
vn 0.8435 -0.2981 -0.4467
vn 0.8887 -0.3058 -0.3417
vn 0.8023 -0.4171 -0.4270
vn 0.7953 -0.3693 -0.4808
vn 0.8576 -0.3405 -0.3855
vn 0.8236 -0.4262 -0.3743
vn 0.7333 -0.4899 -0.4715
vn 0.8877 -0.3629 -0.2834
vn 0.7741 -0.4773 -0.4159
vn 0.8815 -0.3839 -0.2750
vn 0.9304 -0.2459 -0.2718
vn 0.8544 -0.4091 -0.3203
vn 0.8373 -0.4574 -0.2994
vn 0.9125 -0.3324 -0.2386
vn 0.8842 -0.4082 -0.2271
vn 0.9162 -0.3554 -0.1848
vn 0.9240 -0.2779 -0.2627
vn 0.9475 -0.2647 -0.1791
vn 0.9555 -0.1843 -0.2304
vn 0.9559 -0.1701 -0.2395
vn 0.9547 -0.1833 -0.2346
vn 0.9509 -0.1622 -0.2637
vn 0.9330 -0.3212 -0.1623
vn 0.9549 -0.1053 -0.2778
vn 0.9668 -0.0747 -0.2444
vn 0.9659 -0.0202 -0.2581
vn 0.9670 -0.1119 -0.2288
vn 0.9680 -0.0374 -0.2481
vn 0.9713 -0.0531 -0.2320
vn 0.9529 -0.0825 -0.2919
vn 0.9660 0.0150 -0.2581
vn 0.9206 -0.2349 -0.3120
vn 0.9516 -0.1446 -0.2712
vn 0.9077 -0.3982 -0.1322
vn 0.8675 -0.4303 -0.2496
vn 0.8553 -0.4641 -0.2304
vn 0.8043 -0.4913 -0.3343
vn 0.8684 -0.4671 -0.1663
vn 0.9188 -0.3902 -0.0598
vn 0.9212 -0.3878 -0.0325
vn 0.8684 -0.4667 -0.1676
vn 0.8221 -0.5003 -0.2717
vn 0.9479 -0.3149 0.0482
vn 0.8628 -0.4944 -0.1053
vn 0.9093 -0.4161 -0.0006
vn 0.7963 -0.5651 -0.2158
vn 0.8592 -0.5015 -0.1016
vn 0.8954 -0.4447 -0.0234
vn 0.9258 -0.3723 0.0658
vn 0.8781 -0.4772 -0.0352
vn 0.8810 -0.4713 0.0413
vn 0.9292 -0.3474 0.1263
vn 0.9066 -0.3979 0.1404
vn 0.9216 -0.3548 0.1577
vn 0.7953 -0.5683 -0.2111
vn 0.8405 -0.5294 -0.1154
vn 0.8485 -0.5291 -0.0119
vn 0.7649 -0.5886 -0.2618
vn 0.7955 -0.5539 -0.2458
vn 0.7209 -0.6626 -0.2032
vn 0.7133 -0.6516 -0.2581
vn 0.7316 -0.6698 -0.1266
vn 0.7560 -0.6314 -0.1727
vn 0.8071 -0.5901 -0.0180
vn 0.8074 -0.5900 -0.0024
vn 0.8256 -0.5643 -0.0016
vn 0.7410 -0.6693 -0.0546
vn 0.7417 -0.6704 0.0177
vn 0.8240 -0.5549 0.1148
vn 0.8700 -0.4833 0.0975
vn 0.6980 -0.7161 -0.0003
vn 0.7512 -0.6577 -0.0561
vn 0.8136 -0.5722 0.1032
vn 0.7848 -0.6095 0.1120
vn 0.8301 -0.5160 0.2112
vn 0.8907 -0.4061 0.2041
vn 0.8513 -0.4907 0.1859
vn 0.8815 -0.3932 0.2614
vn 0.9311 -0.2548 0.2611
vn 0.7982 -0.5229 0.2991
vn 0.8877 -0.3859 0.2512
vn 0.8758 -0.3695 0.3105
vn 0.9316 -0.2904 0.2186
vn 0.9082 -0.2624 0.3261
vn 0.9213 -0.2580 0.2910
vn 0.9087 -0.2663 0.3215
vn 0.8717 -0.3726 0.3183
vn 0.9227 -0.2462 0.2967
vn 0.8123 -0.4729 0.3413
vn 0.8574 -0.3106 0.4103
vn 0.7953 -0.4745 0.3773
vn 0.8547 -0.3139 0.4135
vn 0.9013 -0.1550 0.4045
vn 0.8037 -0.4120 0.4294
vn 0.8397 -0.2510 0.4816
vn 0.7669 -0.4231 0.4826
vn 0.8309 -0.2610 0.4913
vn 0.8630 -0.1649 0.4776
vn 0.8568 -0.1236 0.5006
vn 0.9235 -0.0309 0.3823
vn 0.9207 0.0100 0.3902
vn 0.9343 0.0438 0.3537
vn 0.9033 0.1412 0.4051
vn 0.8859 0.0791 0.4571
vn 0.8621 0.0188 0.5065
vn 0.8672 0.0332 0.4968
vn 0.8352 -0.1338 0.5334
vn 0.8456 -0.1022 0.5240
vn 0.8930 -0.0619 0.4457
vn 0.9312 -0.1098 0.3476
vn 0.8845 -0.1460 0.4432
vn 0.8674 -0.1519 0.4739
vn 0.8942 -0.2260 0.3865
vn 0.9147 -0.2197 0.3391
vn 0.9322 -0.3114 0.1844
vn 0.9287 -0.3318 0.1655
vn 0.8393 -0.2615 0.4767
vn 0.8741 -0.3152 0.3697
vn 0.8578 -0.2564 0.4455
vn 0.8183 -0.2052 0.5369
vn 0.8662 -0.3953 0.3058
vn 0.7736 -0.4111 0.4823
vn 0.8930 -0.4062 0.1938
vn 0.8722 -0.4129 0.2623
vn 0.7806 -0.2855 0.5560
vn 0.8373 -0.3671 0.4053
vn 0.8120 -0.2406 0.5318
vn 0.7620 -0.3712 0.5306
vn 0.7634 -0.3690 0.5301
vn 0.8079 -0.4157 0.4177
vn 0.7926 -0.4191 0.4429
vn 0.7213 -0.4775 0.5017
vn 0.7235 -0.5137 0.4611
vn 0.7865 -0.5277 0.3208
vn 0.7184 -0.5373 0.4418
vn 0.7908 -0.5409 0.2866
vn 0.8376 -0.5254 0.1494
vn 0.7539 -0.6285 0.1914
vn 0.7451 -0.6662 0.0316
vn 0.6778 -0.6416 0.3591
vn 0.6774 -0.6049 0.4185
vn 0.8274 -0.5612 -0.0214
vn 0.8196 -0.5712 -0.0440
vn 0.6410 -0.5799 -0.5029
vn 0.8698 -0.4854 -0.0884
vn 0.7791 -0.4926 -0.3877
vn 0.8671 -0.4669 -0.1738
vn 0.6395 -0.6105 0.4672
vn 0.6394 -0.6090 0.4694
vn 0.6715 -0.5460 0.5010
vn 0.5781 -0.6899 0.4357
vn 0.7126 -0.5529 0.4318
vn 0.7029 -0.5776 0.4152
vn 0.6314 -0.6159 0.4712
vn 0.5723 -0.6888 0.4451
vn 0.6166 -0.6521 0.4412
vn 0.7440 -0.5529 0.3752
vn 0.6591 -0.6621 0.3568
vn 0.7226 -0.6148 0.3160
vn 0.5749 -0.7002 0.4233
vn 0.6338 -0.7193 0.2844
vn 0.5987 -0.7719 0.2141
vn 0.5496 -0.7272 0.4112
vn 0.5208 -0.8059 0.2817
vn 0.4954 -0.7480 0.4417
vn 0.7298 -0.6096 0.3094
vn 0.7192 -0.6578 0.2237
vn 0.6103 -0.6931 0.3836
vn 0.6333 -0.7278 0.2631
vn 0.4826 -0.7559 0.4424
vn 0.7032 -0.6704 0.2366
vn 0.5326 -0.7584 0.3756
vn 0.5145 -0.7895 0.3346
vn 0.6356 -0.7267 0.2604
vn 0.6029 -0.7697 0.2099
vn 0.7181 -0.6919 0.0747
vn 0.5372 -0.7939 0.2848
vn 0.4534 -0.8205 0.3480
vn 0.5104 -0.8128 0.2809
vn 0.5488 -0.8102 0.2060
vn 0.5855 -0.7801 0.2208
vn 0.4477 -0.8661 0.2224
vn 0.4982 -0.8190 0.2847
vn 0.5589 -0.8184 0.1336
vn 0.5627 -0.8154 0.1362
vn 0.5156 -0.8453 0.1405
vn 0.4963 -0.8578 0.1334
vn 0.6092 -0.7927 0.0223
vn 0.4450 -0.8921 0.0782
vn 0.5329 -0.8448 -0.0474
vn 0.6416 -0.7670 -0.0088
vn 0.4413 -0.8933 0.0851
vn 0.4871 -0.8542 -0.1816
vn 0.3414 -0.9274 0.1529
vn 0.3585 -0.9324 0.0463
vn 0.3634 -0.9163 0.1684
vn 0.3901 -0.9192 -0.0543
vn 0.4206 -0.9069 -0.0256
vn 0.3376 -0.9389 0.0675
vn 0.3118 -0.9500 0.0148
vn 0.2709 -0.9588 0.0856
vn 0.2253 -0.9742 -0.0154
vn 0.3259 -0.9454 -0.0101
vn 0.1688 -0.9856 0.0091
vn 0.4152 -0.9032 -0.1088
vn 0.2619 -0.9625 -0.0715
vn 0.4842 -0.8723 -0.0690
vn 0.1804 -0.9810 -0.0713
vn 0.0768 -0.9948 -0.0663
vn 0.2767 -0.9544 -0.1124
vn 0.1422 -0.9847 -0.1012
vn 0.0484 -0.9839 -0.1722
vn 0.1423 -0.9847 -0.1007
vn 0.0063 -0.9880 -0.1544
vn 0.2588 -0.9546 -0.1478
vn 0.3656 -0.9109 -0.1914
vn -0.0038 -0.9697 -0.2444
vn 0.0073 -0.9495 -0.3138
vn 0.0413 -0.9666 -0.2529
vn 0.0635 -0.9458 -0.3186
vn 0.1534 -0.9684 -0.1965
vn 0.2619 -0.9374 -0.2297
vn 0.0578 -0.9463 -0.3182
vn 0.0774 -0.9391 -0.3348
vn -0.0163 -0.9140 -0.4053
vn 0.0548 -0.8973 -0.4379
vn 0.1098 -0.9410 -0.3201
vn 0.1040 -0.8909 -0.4421
vn 0.2198 -0.9337 -0.2826
vn 0.2355 -0.9137 -0.3311
vn 0.3452 -0.9042 -0.2515
vn 0.3901 -0.8815 -0.2661
vn 0.4278 -0.8889 -0.1640
vn 0.3005 -0.8908 -0.3408
vn 0.1883 -0.9095 -0.3707
vn 0.3341 -0.8609 -0.3838
vn 0.2067 -0.8749 -0.4381
vn 0.1284 -0.8927 -0.4320
vn 0.2804 -0.8565 -0.4333
vn 0.1253 -0.8420 -0.5247
vn 0.0703 -0.8518 -0.5191
vn 0.2959 -0.8374 -0.4596
vn 0.4049 -0.8452 -0.3489
vn 0.3503 -0.8362 -0.4220
vn 0.3398 -0.8949 -0.2892
vn 0.4701 -0.8060 -0.3597
vn 0.5502 -0.7889 -0.2739
vn 0.4722 -0.8133 -0.3400
vn 0.5352 -0.8068 -0.2503
vn 0.5326 -0.8068 -0.2556
vn 0.5471 -0.7985 -0.2512
vn 0.6108 -0.7712 -0.1791
vn 0.5946 -0.7955 -0.1166
vn 0.6532 -0.7184 -0.2392
vn 0.7163 -0.6471 -0.2610
vn 0.6094 -0.7284 -0.3132
vn 0.6453 -0.6903 -0.3273
vn 0.6071 -0.7319 -0.3096
vn 0.7336 -0.5944 -0.3295
vn 0.4709 -0.8059 -0.3587
vn 0.5647 -0.7127 -0.4161
vn 0.7224 -0.6048 -0.3350
vn 0.8137 -0.4706 -0.3413
vn 0.7756 -0.5125 -0.3686
vn 0.7371 -0.4870 -0.4685
vn 0.6648 -0.6205 -0.4161
vn 0.6290 -0.6592 -0.4121
vn 0.6631 -0.5872 -0.4643
vn 0.6580 -0.5915 -0.4660
vn 0.6053 -0.6023 -0.5204
vn 0.5961 -0.6876 -0.4145
vn 0.5533 -0.7154 -0.4268
vn 0.5757 -0.6325 -0.5182
vn 0.5913 -0.6587 -0.4652
vn 0.5604 -0.6771 -0.4770
vn 0.5375 -0.6510 -0.5360
vn 0.5970 -0.6391 -0.4849
vn 0.5109 -0.7245 -0.4627
vn 0.4906 -0.6880 -0.5347
vn 0.5914 -0.6459 -0.4827
vn 0.4660 -0.7148 -0.5214
vn 0.5838 -0.6789 -0.4453
vn 0.4470 -0.7492 -0.4888
vn 0.3844 -0.7570 -0.5284
vn 0.2767 -0.8358 -0.4742
vn 0.4067 -0.7347 -0.5429
vn 0.4835 -0.6999 -0.5257
vn 0.4494 -0.7186 -0.5307
vn 0.5488 -0.7024 -0.4533
vn 0.5228 -0.7121 -0.4686
vn 0.4261 -0.7567 -0.4959
vn 0.3369 -0.7661 -0.5473
vn 0.2279 -0.7767 -0.5872
vn 0.4702 -0.7587 -0.4509
vn 0.4827 -0.7536 -0.4463
vn 0.5643 -0.7249 -0.3950
vn 0.4970 -0.7610 -0.4170
vn 0.4147 -0.7923 -0.4475
vn 0.3568 -0.7920 -0.4954
vn 0.4764 -0.7919 -0.3820
vn 0.3857 -0.8283 -0.4064
vn 0.5515 -0.7285 -0.4063
vn 0.6112 -0.6919 -0.3843
vn 0.5651 -0.7482 -0.3476
vn 0.5016 -0.7920 -0.3481
vn 0.6220 -0.7059 -0.3388
vn 0.5776 -0.7424 -0.3394
vn 0.6443 -0.6938 -0.3218
vn 0.6670 -0.6903 -0.2801
vn 0.5941 -0.7655 -0.2471
vn 0.6140 -0.7393 -0.2765
vn 0.4957 -0.8033 -0.3302
vn 0.5453 -0.7911 -0.2772
vn 0.4511 -0.8347 -0.3160
vn 0.4604 -0.8488 -0.2601
vn 0.5064 -0.8360 -0.2113
vn 0.4017 -0.8545 -0.3292
vn 0.3502 -0.9004 -0.2580
vn 0.6206 -0.7481 -0.2351
vn 0.6641 -0.7273 -0.1732
vn 0.5017 -0.8294 -0.2456
vn 0.5788 -0.7908 -0.1994
vn 0.4997 -0.8297 -0.2486
vn 0.6576 -0.7383 -0.1499
vn 0.7199 -0.6876 -0.0943
vn 0.5826 -0.7958 -0.1652
vn 0.5105 -0.8442 -0.1632
vn 0.6237 -0.7726 -0.1185
vn 0.6181 -0.7771 -0.1183
vn 0.7017 -0.7104 -0.0542
vn 0.6661 -0.7440 -0.0527
vn 0.7137 -0.6998 -0.0312
vn 0.5766 -0.8127 -0.0835
vn 0.4924 -0.8598 -0.1353
vn 0.6377 -0.7703 -0.0024
vn 0.5705 -0.8184 -0.0683
vn 0.5713 -0.8193 -0.0485
vn 0.6377 -0.7702 -0.0060
vn 0.7110 -0.7010 0.0557
vn 0.5350 -0.8448 0.0072
vn 0.6029 -0.7962 0.0504
vn 0.5350 -0.8448 0.0060
vn 0.4643 -0.8835 -0.0623
vn 0.4599 -0.8793 -0.1233
vn 0.4485 -0.8927 -0.0437
vn 0.4492 -0.8929 -0.0296
vn 0.5006 -0.8639 0.0562
vn 0.4222 -0.9064 0.0116
vn 0.6032 -0.7965 0.0411
vn 0.5006 -0.8639 0.0551
vn 0.5329 -0.8404 0.0981
vn 0.6355 -0.7664 0.0931
vn 0.7103 -0.7019 0.0532
vn 0.5332 -0.8411 0.0903
vn 0.4091 -0.9123 0.0207
vn 0.4577 -0.8848 0.0869
vn 0.4100 -0.9101 0.0603
vn 0.4575 -0.8828 0.1060
vn 0.4895 -0.8631 0.1242
vn 0.5641 -0.8147 0.1345
vn 0.6494 -0.7579 0.0619
vn 0.4882 -0.8588 0.1554
vn 0.5618 -0.8110 0.1636
vn 0.5472 -0.8197 0.1689
vn 0.5834 -0.7938 0.1718
vn 0.6428 -0.7528 0.1416
vn 0.5097 -0.8314 0.2214
vn 0.5967 -0.7747 0.2093
vn 0.5287 -0.8064 0.2652
vn 0.4529 -0.8751 0.1708
vn 0.4744 -0.8539 0.2141
vn 0.4489 -0.8774 0.1695
vn 0.4131 -0.9002 0.1379
vn 0.4382 -0.8597 0.2624
vn 0.3842 -0.8973 0.2172
vn 0.3847 -0.9016 0.1980
vn 0.4108 -0.9014 0.1371
vn 0.3859 -0.9179 0.0924
vn 0.3651 -0.9179 0.1555
vn 0.3581 -0.9183 0.1689
vn 0.3084 -0.9484 0.0739
vn 0.3592 -0.9332 0.0084
vn 0.3082 -0.9471 0.0898
vn 0.3300 -0.9415 0.0683
vn 0.3214 -0.9312 0.1719
vn 0.3353 -0.9416 -0.0302
vn 0.3686 -0.9267 -0.0736
vn 0.2744 -0.9606 -0.0454
vn 0.3674 -0.9257 -0.0902
vn 0.4114 -0.8991 -0.1499
vn 0.3050 -0.9444 -0.1229
vn 0.2728 -0.9585 -0.0823
vn 0.4075 -0.8996 -0.1572
vn 0.2999 -0.9359 -0.1849
vn 0.2887 -0.9450 -0.1540
vn 0.4015 -0.8911 -0.2115
vn 0.2843 -0.9357 -0.2091
vn 0.3879 -0.9062 -0.1680
vn 0.3746 -0.8859 -0.2736
vn 0.2245 -0.9652 -0.1341
vn 0.2243 -0.9645 -0.1395
vn 0.3001 -0.9513 -0.0697
vn 0.2658 -0.9640 -0.0034
vn 0.1899 -0.9774 -0.0925
vn 0.2055 -0.9763 -0.0675
vn 0.1899 -0.9773 -0.0943
vn 0.2317 -0.9728 0.0078
vn 0.2057 -0.9785 -0.0150
vn 0.2319 -0.9724 0.0250
vn 0.1456 -0.9892 -0.0139
vn 0.2572 -0.9639 0.0697
vn 0.3211 -0.9431 0.0864
vn 0.1768 -0.9824 0.0603
vn 0.1443 -0.9887 0.0401
vn 0.2872 -0.9488 0.1312
vn 0.2362 -0.9669 0.0965
vn 0.2657 -0.9549 0.1325
vn 0.1961 -0.9757 0.0980
vn 0.2310 -0.9566 0.1778
vn 0.1723 -0.9747 0.1425
vn 0.1943 -0.9658 0.1718
vn 0.1022 -0.9925 0.0674
vn 0.1346 -0.9816 0.1352
vn 0.2050 -0.9568 0.2060
vn 0.1074 -0.9919 0.0674
vn 0.0703 -0.9907 0.1162
vn 0.0761 -0.9960 0.0471
vn 0.1768 -0.9626 0.2056
vn 0.0794 -0.9747 0.2091
vn 0.0435 -0.9911 0.1255
vn -0.0142 -0.9988 0.0476
vn 0.0310 -0.9881 0.1506
vn 0.0575 -0.9767 0.2066
vn 0.0677 -0.9738 0.2172
vn -0.0309 -0.9881 0.1506
vn -0.0536 -0.9769 0.2067
vn -0.0537 -0.9785 0.1989
vn -0.0548 -0.9932 0.1023
vn 0.0109 -0.9982 0.0586
vn -0.1201 -0.9809 0.1529
vn -0.1209 -0.9848 0.1249
vn -0.0525 -0.9933 0.1029
vn -0.1511 -0.9830 0.1044
vn 0.0129 -0.9979 0.0638
vn -0.1511 -0.9830 0.1043
vn -0.1020 -0.9940 0.0393
vn -0.1955 -0.9795 0.0478
vn -0.0715 -0.9974 0.0090
vn -0.1023 -0.9943 0.0288
vn 0.0133 -0.9996 -0.0254
vn -0.0447 -0.9980 -0.0441
vn -0.1408 -0.9900 0.0043
vn -0.1956 -0.9800 0.0381
vn -0.1414 -0.9898 -0.0187
vn -0.2328 -0.9724 0.0143
vn -0.1953 -0.9794 -0.0521
vn 0.0455 -0.9979 -0.0459
vn 0.0770 -0.9970 -0.0049
vn 0.1521 -0.9884 -0.0055
vn 0.1343 -0.9896 -0.0525
vn 0.0479 -0.9975 -0.0518
vn 0.1345 -0.9891 -0.0605
vn 0.1192 -0.9888 -0.0903
vn 0.0485 -0.9948 -0.0899
vn 0.1203 -0.9829 -0.1394
vn 0.1322 -0.9781 -0.1605
vn 0.0355 -0.9917 -0.1237
vn 0.0416 -0.9895 -0.1386
vn 0.1323 -0.9765 -0.1699
vn 0.2048 -0.9637 -0.1712
vn 0.1266 -0.9741 -0.1873
vn 0.0423 -0.9815 -0.1869
vn 0.2030 -0.9536 -0.2224
vn -0.0040 -0.9923 -0.1238
vn 0.2123 -0.9474 -0.2394
vn 0.1302 -0.9665 -0.2210
vn 0.1268 -0.9688 -0.2129
vn 0.1297 -0.9369 -0.3245
vn -0.0654 -0.9968 -0.0451
vn -0.0556 -0.9959 -0.0709
vn -0.1145 -0.9909 -0.0713
vn -0.0674 -0.9880 -0.1389
vn -0.1528 -0.9784 -0.1394
vn -0.0420 -0.9843 -0.1713
vn -0.1220 -0.9863 -0.1113
vn -0.1699 -0.9806 -0.0976
vn -0.1953 -0.9793 -0.0524
vn -0.1234 -0.9725 -0.1976
vn -0.2116 -0.9661 -0.1478
vn -0.0422 -0.9814 -0.1870
vn -0.1266 -0.9740 -0.1878
vn -0.0301 -0.9755 -0.2180
vn 0.0494 -0.9845 -0.1685
vn -0.2518 -0.9638 -0.0872
vn -0.2135 -0.9656 -0.1484
vn 0.0508 -0.9644 -0.2596
vn 0.0499 -0.9645 -0.2593
vn -0.0303 -0.9708 -0.2380
vn -0.1269 -0.9670 -0.2209
vn -0.1209 -0.9635 -0.2387
vn -0.0454 -0.9808 -0.1897
vn 0.0239 -0.9608 -0.2762
vn -0.0466 -0.9566 -0.2876
vn -0.0280 -0.9463 -0.3221
vn 0.0101 -0.9506 -0.3104
vn -0.0878 -0.9536 -0.2881
vn -0.1209 -0.9612 -0.2480
vn -0.0322 -0.9427 -0.3321
vn -0.0879 -0.9389 -0.3329
vn 0.0386 -0.9315 -0.3617
vn -0.0326 -0.9142 -0.4039
vn 0.0696 -0.9565 -0.2832
vn -0.1481 -0.9434 -0.2966
vn -0.1098 -0.9269 -0.3590
vn 0.0399 -0.9311 -0.3625
vn 0.0701 -0.9327 -0.3538
vn 0.1426 -0.9482 -0.2838
vn -0.1101 -0.9315 -0.3466
vn 0.0400 -0.9084 -0.4162
vn -0.0874 -0.9141 -0.3960
vn -0.0295 -0.9182 -0.3950
vn 0.0055 -0.8997 -0.4365
vn -0.0579 -0.9056 -0.4201
vn -0.1650 -0.9107 -0.3787
vn -0.1604 -0.8844 -0.4383
vn 0.0595 -0.8964 -0.4392
vn 0.0947 -0.9114 -0.4006
vn 0.0956 -0.9275 -0.3615
vn 0.0585 -0.8689 -0.4915
vn 0.1200 -0.8946 -0.4305
vn 0.1121 -0.9308 -0.3478
vn 0.1427 -0.9493 -0.2801
vn 0.1647 -0.9108 -0.3786
vn 0.1916 -0.9214 -0.3381
vn 0.1914 -0.9205 -0.3408
vn 0.1621 -0.8963 -0.4128
vn 0.1428 -0.8911 -0.4309
vn 0.2332 -0.9255 -0.2984
vn 0.2374 -0.9395 -0.2470
vn 0.2734 -0.9343 -0.2289
vn 0.3196 -0.9029 -0.2874
vn 0.2869 -0.8994 -0.3297
vn 0.2781 -0.8779 -0.3898
vn 0.2481 -0.9302 -0.2704
vn 0.2310 -0.8803 -0.4143
vn 0.3083 -0.8858 -0.3468
vn 0.3876 -0.8539 -0.3474
vn 0.3855 -0.8502 -0.3585
vn 0.2993 -0.8664 -0.3996
vn 0.3293 -0.8516 -0.4079
vn 0.2314 -0.8801 -0.4146
vn 0.4912 -0.7608 -0.4241
vn 0.3380 -0.8386 -0.4272
vn 0.2234 -0.8567 -0.4649
vn 0.3037 -0.8308 -0.4664
vn 0.1909 -0.8502 -0.4906
vn 0.3166 -0.8099 -0.4938
vn 0.2256 -0.8172 -0.5303
vn 0.3452 -0.7951 -0.4987
vn 0.3343 -0.7689 -0.5451
vn 0.2165 -0.8121 -0.5419
vn 0.1351 -0.8524 -0.5051
vn 0.1850 -0.8097 -0.5569
vn 0.1523 -0.8578 -0.4908
vn 0.1418 -0.8198 -0.5548
vn 0.0947 -0.8513 -0.5161
vn 0.0669 -0.8818 -0.4668
vn 0.0900 -0.8216 -0.5629
vn 0.0728 -0.8361 -0.5438
vn 0.0164 -0.8616 -0.5073
vn 0.0368 -0.8245 -0.5647
vn 0.0054 -0.8641 -0.5032
vn 0.0270 -0.8112 -0.5842
vn 0.0746 -0.8489 -0.5233
vn 0.0536 -0.8456 -0.5312
vn 0.0334 -0.8092 -0.5866
vn -0.0239 -0.8606 -0.5087
vn -0.0216 -0.7937 -0.6079
vn -0.0566 -0.8725 -0.4853
vn -0.0014 -0.7960 -0.6053
vn -0.0177 -0.8045 -0.5936
vn -0.0640 -0.8139 -0.5775
vn -0.0010 -0.8087 -0.5882
vn -0.0168 -0.8206 -0.5712
vn -0.0144 -0.8373 -0.5466
vn -0.0328 -0.8650 -0.5007
vn -0.0106 -0.9014 -0.4329
vn 0.0167 -0.8966 -0.4426
vn 0.0397 -0.8376 -0.5449
vn 0.0116 -0.8791 -0.4765
vn 0.0014 -0.8102 -0.5861
vn 0.0044 -0.8069 -0.5906
vn -0.0693 -0.8236 -0.5629
vn -0.1055 -0.8200 -0.5626
vn -0.1527 -0.8198 -0.5519
vn -0.0684 -0.8225 -0.5647
vn -0.0745 -0.8673 -0.4922
vn -0.1577 -0.8241 -0.5441
vn -0.1200 -0.8432 -0.5240
vn -0.1093 -0.8695 -0.4817
vn -0.1244 -0.8627 -0.4902
vn -0.1512 -0.9005 -0.4077
vn -0.1988 -0.8346 -0.5138
vn -0.2154 -0.8555 -0.4708
vn -0.1357 -0.8872 -0.4410
vn -0.1875 -0.8888 -0.4182
vn -0.2434 -0.8299 -0.5020
vn -0.2542 -0.8586 -0.4452
vn -0.2667 -0.8412 -0.4704
vn -0.2496 -0.8975 -0.3635
vn -0.2860 -0.8669 -0.4082
vn -0.2529 -0.9065 -0.3380
vn -0.3724 -0.8138 -0.4462
vn -0.3348 -0.8547 -0.3968
vn -0.2610 -0.8671 -0.4242
vn -0.4015 -0.7651 -0.5035
vn -0.4204 -0.8005 -0.4272
vn -0.4509 -0.7952 -0.4054
vn -0.4924 -0.7745 -0.3971
vn -0.3594 -0.8581 -0.3669
vn -0.2950 -0.8972 -0.3285
vn -0.4209 -0.8323 -0.3606
vn -0.3910 -0.8507 -0.3514
vn -0.5329 -0.7638 -0.3643
vn -0.4820 -0.8123 -0.3283
vn -0.5445 -0.7579 -0.3593
vn -0.5597 -0.7796 -0.2808
vn -0.4896 -0.8240 -0.2854
vn -0.5346 -0.8002 -0.2716
vn -0.4015 -0.8685 -0.2907
vn -0.4421 -0.8555 -0.2695
vn -0.3523 -0.8944 -0.2757
vn -0.5437 -0.8124 -0.2107
vn -0.4506 -0.8679 -0.2092
vn -0.3575 -0.8887 -0.2870
vn -0.5614 -0.8055 -0.1899
vn -0.5634 -0.8042 -0.1892
vn -0.6292 -0.7536 -0.1901
vn -0.6362 -0.7639 -0.1081
vn -0.5738 -0.8172 -0.0547
vn -0.6827 -0.7252 -0.0894
vn -0.2912 -0.9243 -0.2469
vn -0.3676 -0.9057 -0.2112
vn -0.2949 -0.9323 -0.2094
vn -0.3658 -0.9060 -0.2129
vn -0.4529 -0.8654 -0.2146
vn -0.4570 -0.8710 -0.1802
vn -0.4946 -0.8579 -0.1391
vn -0.3713 -0.9141 -0.1629
vn -0.4053 -0.9026 -0.1450
vn -0.3158 -0.9402 -0.1274
vn -0.3063 -0.9231 -0.2324
vn -0.2265 -0.9564 -0.1843
vn -0.2079 -0.9525 -0.2224
vn -0.2267 -0.9570 -0.1812
vn -0.3190 -0.9383 -0.1338
vn -0.2064 -0.9457 -0.2511
vn -0.2560 -0.9251 -0.2804
vn -0.1760 -0.9385 -0.2971
vn -0.2500 -0.9083 -0.3354
vn -0.1963 -0.9218 -0.3344
vn -0.3193 -0.9387 -0.1300
vn -0.4106 -0.9081 -0.0817
vn -0.2982 -0.9504 -0.0882
vn -0.4100 -0.9083 -0.0828
vn -0.3444 -0.9380 -0.0395
vn -0.2678 -0.9603 -0.0785
vn -0.3450 -0.9382 -0.0269
vn -0.4467 -0.8925 -0.0624
vn -0.3157 -0.9488 0.0109
vn -0.2706 -0.9627 -0.0004
vn -0.3377 -0.9401 0.0473
vn -0.2443 -0.9696 0.0162
vn -0.2831 -0.9555 0.0832
vn -0.4449 -0.8935 -0.0611
vn -0.4950 -0.8585 -0.1338
vn -0.5977 -0.7987 -0.0697
vn -0.5922 -0.8026 -0.0714
vn -0.5692 -0.8220 -0.0156
vn -0.5833 -0.8095 -0.0664
vn -0.5689 -0.8211 0.0467
vn -0.6375 -0.7700 -0.0270
vn -0.6365 -0.7702 0.0406
vn -0.6841 -0.7287 -0.0299
vn -0.6839 -0.7290 -0.0303
vn -0.7498 -0.6609 -0.0326
vn -0.7569 -0.6534 -0.0076
vn -0.6824 -0.7300 0.0366
vn -0.7443 -0.6671 0.0318
vn -0.6674 -0.7429 0.0507
vn -0.7554 -0.6504 0.0802
vn -0.6663 -0.7424 0.0695
vn -0.7196 -0.6844 0.1174
vn -0.6355 -0.7629 0.1183
vn -0.7020 -0.6948 0.1564
vn -0.6591 -0.7343 0.1627
vn -0.3379 -0.8907 0.3042
vn -0.3751 -0.8869 0.2697
vn -0.4143 -0.8030 0.4283
vn -0.3285 -0.8348 0.4418
vn -0.3975 -0.8121 0.4271
vn -0.4202 -0.8184 0.3919
vn -0.3765 -0.9116 0.1650
vn -0.3708 -0.9105 0.1832
vn -0.3568 -0.9294 -0.0940
vn -0.3279 -0.8609 0.3890
vn -0.3181 -0.8359 0.4472
vn -0.3016 -0.8637 0.4037
vn -0.2951 -0.9074 0.2991
vn -0.2535 -0.9006 0.3531
vn -0.2995 -0.9357 -0.1865
vn -0.2150 -0.9235 0.3177
vn -0.2554 -0.8890 0.3800
vn -0.2068 -0.8824 0.4225
vn -0.0908 -0.9344 0.3445
vn -0.2451 -0.8394 0.4851
vn -0.3057 -0.8391 0.4500
vn -0.1499 -0.8965 0.4169
vn -0.2006 -0.8601 0.4691
vn -0.1492 -0.8644 0.4802
vn -0.2720 -0.9238 0.2695
vn -0.2004 -0.8581 0.4728
vn -0.2707 -0.9052 0.3276
vn -0.3136 -0.9306 0.1887
vn -0.1042 -0.8926 0.4387
vn -0.1055 -0.9276 0.3585
vn -0.3115 -0.9455 0.0949
vn -0.3128 -0.9457 0.0881
vn -0.2937 -0.9428 -0.1574
vn -0.2649 -0.9630 -0.0500
vn -0.2430 -0.9365 -0.2527
vn -0.2328 -0.9715 0.0454
vn -0.2371 -0.9568 0.1685
vn -0.2186 -0.9140 -0.3418
vn -0.1437 -0.9490 0.2807
vn -0.1433 -0.9484 0.2828
vn -0.1886 -0.9781 -0.0882
vn -0.1786 -0.9621 -0.2062
vn -0.1391 -0.9888 0.0547
vn -0.0938 -0.9453 0.3124
vn -0.0939 -0.8782 0.4690
vn -0.0648 -0.9587 0.2770
vn -0.0603 -0.9973 -0.0422
vn -0.0455 -0.8794 0.4738
vn -0.0815 -0.8979 0.4325
vn -0.0071 -0.8867 0.4622
vn 0.0226 -0.9429 0.3323
vn 0.0488 -0.8932 0.4470
vn 0.0003 -0.8853 0.4649
vn 0.0140 -0.9399 0.3410
vn 0.1239 -0.9157 0.3824
vn 0.1546 -0.8780 0.4530
vn 0.1066 -0.9224 0.3712
vn -0.0960 -0.8773 0.4702
vn 0.0910 -0.9250 0.3690
vn 0.0247 -0.9882 0.1509
vn 0.0910 -0.9413 0.3251
vn 0.1097 -0.8769 0.4680
vn 0.1200 -0.8944 0.4308
vn 0.2435 -0.8518 0.4639
vn 0.1478 -0.9141 0.3777
vn 0.1886 -0.8827 0.4305
vn 0.2164 -0.8476 0.4846
vn 0.2624 -0.8606 0.4364
vn 0.2726 -0.8361 0.4760
vn 0.2977 -0.8713 0.3901
vn 0.2138 -0.9024 0.3740
vn 0.2942 -0.8819 0.3683
vn 0.2081 -0.9426 0.2613
vn 0.1878 -0.9356 0.2990
vn 0.1861 -0.9382 0.2919
vn 0.2773 -0.9319 0.2340
vn 0.2509 -0.9138 0.3193
vn 0.3479 -0.8985 0.2678
vn 0.3197 -0.9050 0.2805
vn 0.3285 -0.9004 0.2851
vn 0.3370 -0.8567 0.3905
vn 0.4559 -0.8153 0.3569
vn 0.3932 -0.8251 0.4057
vn 0.3863 -0.8116 0.4383
vn 0.4435 -0.7900 0.4234
vn 0.3423 -0.8332 0.4343
vn 0.2961 -0.8397 0.4552
vn 0.4456 -0.7927 0.4160
vn 0.5077 -0.8165 0.2747
vn 0.3536 -0.9007 0.2523
vn 0.3814 -0.8886 0.2549
vn 0.5085 -0.8121 0.2863
vn 0.4221 -0.8910 0.1674
vn 0.5055 -0.8604 0.0648
vn 0.4057 -0.9118 -0.0630
vn 0.4078 -0.9107 -0.0658
vn 0.2789 -0.9032 0.3263
vn 0.1932 -0.8893 0.4144
vn 0.3533 -0.9013 0.2508
vn 0.2807 -0.9278 0.2459
vn 0.1954 -0.9482 0.2504
vn 0.2571 -0.9618 0.0939
vn 0.1297 -0.9758 0.1761
vn 0.3380 -0.9322 0.1296
vn 0.3105 -0.9405 -0.1377
vn 0.3140 -0.9309 -0.1867
vn 0.2694 -0.9627 -0.0235
vn 0.2579 -0.9592 0.1163
vn 0.2530 -0.9472 -0.1968
vn 0.2319 -0.8802 -0.4140
vn 0.2150 -0.8337 -0.5087
vn 0.1901 -0.8702 -0.4545
vn 0.1525 -0.7678 -0.6222
vn 0.2205 -0.9180 -0.3296
vn 0.1817 -0.8257 -0.5340
vn 0.1451 -0.9813 -0.1263
vn 0.1387 -0.9670 -0.2136
vn 0.1249 -0.9921 0.0131
vn 0.1023 -0.8939 -0.4365
vn 0.1141 -0.9438 -0.3102
vn 0.1226 -0.7043 -0.6992
vn 0.0913 -0.6087 -0.7881
vn 0.0391 -0.9991 0.0145
vn 0.0360 -0.9786 -0.2026
vn 0.0243 -0.9964 0.0806
vn -0.0603 -0.9973 -0.0423
vn 0.0816 -0.8587 -0.5059
vn 0.0817 -0.8592 -0.5050
vn 0.0380 -0.6405 -0.7671
vn 0.0587 -0.8240 -0.5636
vn 0.0093 -0.6315 -0.7753
vn -0.0153 -0.7286 -0.6848
vn -0.0170 -0.7737 -0.6333
vn -0.0995 -0.6430 -0.7594
vn 0.0082 -0.9092 -0.4164
vn 0.0092 -0.9624 -0.2716
vn -0.0565 -0.9814 -0.1835
vn -0.0176 -0.8786 -0.4772
vn -0.0133 -0.7622 -0.6473
vn -0.0574 -0.9803 -0.1891
vn -0.0490 -0.9103 -0.4111
vn -0.1411 -0.9429 -0.3018
vn -0.1103 -0.8664 -0.4869
vn -0.1224 -0.8785 -0.4618
vn -0.0972 -0.8072 -0.5823
vn -0.1817 -0.8257 -0.5340
vn -0.1261 -0.6848 -0.7177
vn -0.1889 -0.8639 -0.4669
vn -0.1437 -0.7668 -0.6256
vn -0.2424 -0.8908 -0.3844
vn -0.2161 -0.8176 -0.5337
vn -0.4625 0.8481 0.2585
vn 0.0025 0.2807 -0.9598
vn -0.4555 0.8445 0.2815
vn -0.5895 0.7072 0.3903
vn 0.1994 0.2595 -0.9449
vn -0.4029 0.9152 0.0114
vn -0.2006 0.9743 -0.1026
vn -0.6244 0.7625 0.1696
vn -0.4920 0.8602 -0.1340
vn -0.7032 0.7107 0.0214
vn -0.1642 0.0706 -0.9839
vn 0.0039 0.1762 -0.9844
vn -0.2461 0.9149 0.3200
vn -0.4253 0.9041 0.0405
vn -0.5252 0.7648 -0.3733
vn -0.4253 0.7956 -0.4315
vn -0.4607 0.7745 -0.4334
vn -0.2663 0.8922 -0.3648
vn -0.3190 0.7865 -0.5289
vn -0.2629 0.8767 -0.4028
vn -0.2237 0.9336 -0.2797
vn -0.1757 0.9724 0.1537
vn -0.0619 0.9726 0.2241
vn -0.0305 0.9857 0.1654
vn 0.0340 0.8675 0.4963
vn -0.1455 0.1833 -0.9722
vn -0.2463 0.3777 -0.8926
vn -0.1732 0.2788 -0.9446
vn -0.1217 0.4619 -0.8785
vn -0.1724 0.9213 -0.3486
vn -0.0099 0.9966 -0.0813
vn -0.2525 0.4803 -0.8400
vn -0.2268 0.6059 -0.7625
vn -0.3211 0.8336 -0.4494
vn -0.1939 0.6229 -0.7579
vn -0.0033 0.4432 -0.8964
vn -0.4232 0.6768 -0.6024
vn -0.0767 0.6366 -0.7674
vn -0.8073 0.5527 0.2066
vn -0.4748 0.6985 -0.5354
vn -0.4160 0.6801 -0.6037
vn -0.7414 0.6332 -0.2222
vn -0.5355 0.7048 -0.4652
vn -0.7699 0.5816 -0.2626
vn -0.5028 0.7178 -0.4817
vn -0.2481 0.5950 -0.7645
vn -0.0266 0.5837 -0.8115
vn -0.0851 0.5918 -0.8015
vn -0.2269 0.5894 -0.7753
vn -0.2633 0.5880 -0.7648
vn 0.5234 0.3388 -0.7818
vn -0.4549 0.8003 -0.3906
vn 0.3268 0.2683 -0.9062
vn 0.3129 0.2839 -0.9064
vn -0.1466 0.9891 -0.0139
vn -0.3743 0.4315 -0.8208
vn 0.4846 0.4565 -0.7462
vn 0.4963 0.5255 -0.6910
vn -0.6563 0.5032 -0.5621
vn -0.5711 0.5498 -0.6096
vn 0.2027 0.6948 -0.6900
vn -0.7860 0.5569 -0.2685
vn -0.7569 0.6193 -0.2087
vn -0.9030 0.3901 -0.1801
vn -0.8949 0.4326 -0.1099
vn -0.8930 0.4495 0.0224
vn -0.6577 0.7249 0.2046
vn -0.2395 0.8039 0.5445
vn -0.7304 0.5724 0.3727
vn -0.0808 -0.1238 0.9890
vn -0.6638 0.5616 0.4939
vn -0.0000 0.7071 0.7071
vn -0.0881 0.4441 0.8916
vn -0.2395 0.6585 0.7135
vn -0.8407 0.5246 -0.1342
vn -0.8518 0.4816 -0.2060
vn 0.0824 0.1889 0.9785
vn -0.7928 0.5465 0.2697
vn -0.7515 0.6356 -0.1769
vn -0.5117 0.5832 0.6309
vn -0.1365 0.5877 0.7974
vn -0.6657 0.6857 0.2945
vn -0.7216 0.6617 -0.2037
vn -0.7336 0.6698 -0.1145
vn -0.6678 0.7350 0.1175
vn -0.4607 0.5348 0.7084
vn -0.5074 0.6921 0.5133
vn -0.6240 0.7503 -0.2184
vn -0.5900 0.7797 0.2096
vn -0.6225 0.7691 -0.1448
vn -0.6414 0.7327 -0.2276
vn -0.4593 0.8881 0.0160
vn -0.4969 0.8311 -0.2498
vn -0.5300 0.7165 0.4536
vn -0.5343 0.8377 -0.1128
vn -0.4760 0.8481 -0.2325
vn -0.5150 0.8527 -0.0871
vn -0.5262 0.8054 0.2729
vn -0.4695 0.8152 0.3391
vn -0.4345 0.8123 0.3891
vn -0.5952 0.7339 0.3273
vn -0.7526 0.6417 0.1479
vn -0.3974 0.9053 -0.1501
vn -0.2672 0.9628 -0.0401
vn -0.3565 0.8687 -0.3440
vn -0.2378 0.9475 -0.2140
vn -0.1328 0.9888 -0.0677
vn -0.0878 0.9689 -0.2314
vn -0.2051 0.9673 -0.1491
vn -0.2498 0.8675 -0.4301
vn -0.0347 0.9662 -0.2555
vn -0.1007 0.9019 -0.4201
vn -0.0342 0.9972 -0.0659
vn 0.0849 0.9841 -0.1557
vn 0.1134 0.9858 -0.1239
vn 0.0934 0.9867 -0.1327
vn 0.1392 0.9712 -0.1935
vn 0.0977 0.9637 -0.2484
vn -0.1988 0.7536 -0.6266
vn 0.3292 0.9190 -0.2170
vn 0.3649 0.9267 -0.0903
vn 0.0186 0.8816 -0.4717
vn 0.0274 0.8871 -0.4609
vn 0.1254 0.9471 0.2956
vn -0.0874 0.9959 -0.0220
vn 0.1052 0.9389 0.3276
vn 0.2127 0.9644 0.1574
vn 0.1767 0.9355 0.3059
vn 0.6451 0.7253 -0.2403
vn 0.1737 0.9384 -0.2986
vn 0.3351 0.9374 0.0953
vn -0.2655 0.7255 -0.6350
vn 0.0911 0.8670 0.4899
vn 0.1067 0.9399 0.3243
vn 0.2429 0.7780 0.5794
vn 0.3022 0.9331 0.1950
vn -0.1717 0.7844 -0.5960
vn 0.1606 0.7108 0.6848
vn -0.0987 0.9852 0.1400
vn -0.0056 0.8784 0.4779
vn -0.4098 0.8658 -0.2870
vn -0.4577 0.7906 -0.4067
vn -0.4805 0.8112 0.3333
vn -0.6019 0.7876 0.1318
vn -0.6870 0.3526 -0.6354
vn -0.8517 0.4301 -0.2992
vn -0.6362 0.1779 -0.7507
vn 0.1013 0.4984 0.8610
vn -0.0549 0.5153 0.8552
vn -0.2298 0.4653 0.8548
vn 0.1319 0.5320 0.8364
vn -0.2218 0.4702 0.8543
vn -0.9045 0.3774 -0.1986
vn 0.1506 0.8154 0.5589
vn 0.0253 0.8674 0.4969
vn -0.0433 0.3866 0.9212
vn -0.3479 0.6244 0.6994
vn -0.6469 0.7584 -0.0799
vn 0.0882 0.9527 0.2909
vn 0.0890 0.9528 0.2901
vn 0.0892 0.9547 0.2840
vn -0.0965 0.9262 0.3644
vn -0.0027 0.9603 0.2790
vn -0.1194 0.7440 0.6574
vn 0.0623 0.9634 -0.2608
vn -0.0124 0.9962 -0.0867
vn -0.1267 0.7431 0.6570
vn -0.0934 0.9882 -0.1217
vn -0.2715 0.9486 0.1627
vn -0.2027 0.8655 0.4580
vn -0.1804 0.8712 0.4566
vn -0.0724 0.9882 -0.1351
vn -0.1615 0.9730 0.1648
vn -0.3204 0.8958 0.3081
vn -0.0696 0.9572 -0.2811
vn 0.0737 0.9333 -0.3513
vn -0.2564 0.9369 -0.2376
vn -0.1292 0.9046 -0.4062
vn -0.3493 0.9359 -0.0452
vn -0.2434 0.9400 -0.2391
vn -0.1268 0.9499 -0.2857
vn -0.3166 0.8337 -0.4524
vn -0.1670 0.9318 0.3223
vn -0.2544 0.9670 0.0149
vn -0.4179 0.8952 -0.1550
vn -0.2597 0.8899 -0.3750
vn -0.4033 0.8260 -0.3939
vn -0.5431 0.8302 -0.1261
vn -0.5531 0.8273 -0.0981
vn -0.6600 0.7385 -0.1378
vn -0.5122 0.7899 -0.3373
vn -0.4074 0.8225 -0.3969
vn -0.6587 0.7404 -0.1340
vn -0.5994 0.7043 -0.3804
vn -0.3987 0.9169 -0.0196
vn -0.3144 0.9447 -0.0935
vn -0.5254 0.8495 0.0473
vn -0.4751 0.8627 -0.1734
vn -0.7284 0.6832 -0.0517
vn -0.7619 0.6369 0.1176
vn -0.4575 0.8735 0.1664
vn -0.4254 0.9014 0.0803
vn -0.7114 0.7027 -0.0100
vn -0.4103 0.8941 0.1798
vn -0.4207 0.8931 0.1595
vn -0.8411 0.5320 0.0969
vn -0.2536 0.9655 0.0595
vn -0.5724 0.8094 0.1311
vn -0.7061 0.6674 0.2365
vn -0.6077 0.7397 0.2891
vn -0.4201 0.8911 0.1719
vn -0.3992 0.7907 0.4641
vn -0.3617 0.8538 0.3744
vn -0.4012 0.9152 -0.0374
vn -0.3877 0.8587 0.3350
vn -0.4249 0.8320 0.3567
vn -0.3838 0.8564 0.3454
vn -0.3748 0.8532 0.3628
vn -0.3149 0.8640 0.3929
vn -0.3019 0.8443 0.4428
vn -0.3240 0.8140 0.4822
vn -0.3302 0.8269 0.4552
vn -0.4639 0.7467 0.4767
vn -0.3294 0.8411 0.4289
vn -0.4205 0.7435 0.5200
vn -0.3544 0.7753 0.5228
vn -0.3040 0.8944 0.3281
vn -0.1587 0.8903 0.4267
vn -0.4066 0.7491 0.5230
vn -0.4471 0.8175 0.3630
vn -0.4912 0.7634 0.4195
vn -0.4906 0.7707 0.4066
vn -0.4625 0.8258 0.3226
vn -0.5608 0.6500 0.5128
vn -0.5338 0.6444 0.5476
vn -0.4227 0.8942 0.1472
vn -0.4957 0.7380 0.4578
vn -0.6229 0.6772 0.3916
vn -0.6472 0.6133 0.4527
vn -0.6494 0.6142 0.4484
vn -0.5088 0.8164 0.2731
vn -0.6589 0.6911 0.2971
vn -0.5799 0.6913 0.4311
vn -0.6653 0.6801 0.3079
vn -0.5185 0.7825 0.3449
vn -0.6257 0.7332 0.2662
vn -0.5243 0.7842 0.3320
vn -0.3913 0.8197 0.4183
vn -0.4856 0.8454 0.2226
vn -0.3989 0.8274 0.3954
vn -0.3944 0.8739 0.2842
vn -0.3678 0.8506 0.3757
vn -0.5374 0.8029 0.2578
vn -0.6051 0.7723 0.1933
vn -0.3961 0.8777 0.2696
vn -0.3126 0.8614 0.4002
vn -0.3678 0.8812 0.2971
vn -0.3270 0.8543 0.4041
vn -0.3177 0.8768 0.3609
vn -0.2774 0.8957 0.3474
vn -0.3025 0.8425 0.4457
vn -0.2975 0.8897 0.3463
vn -0.3143 0.8670 0.3867
vn -0.3049 0.8128 0.4964
vn -0.4180 0.8976 0.1396
vn -0.3810 0.8557 0.3500
vn -0.3232 0.8095 0.4901
vn -0.3383 0.8023 0.4917
vn -0.4031 0.8399 0.3635
vn -0.4027 0.8378 0.3688
vn -0.4316 0.7877 0.4396
vn -0.4684 0.8011 0.3727
vn -0.4966 0.8392 0.2217
vn -0.5217 0.7962 0.3065
vn -0.3796 0.8935 0.2398
vn -0.3697 0.9037 0.2158
vn -0.4846 0.8331 0.2665
vn -0.4390 0.8822 0.1703
vn -0.5751 0.7767 0.2570
vn -0.5707 0.8126 0.1181
vn -0.6203 0.7644 0.1758
vn -0.4642 0.8782 0.1152
vn -0.5696 0.8192 0.0671
vn -0.4398 0.8979 0.0154
vn -0.5849 0.8104 0.0342
vn -0.5274 0.8483 -0.0472
vn -0.6165 0.7666 0.1795
vn -0.6945 0.7188 0.0327
vn -0.6045 0.7965 0.0100
vn -0.6525 0.7577 -0.0102
vn -0.6088 0.7876 -0.0954
vn -0.5417 0.8356 -0.0920
vn -0.6885 0.7191 -0.0937
vn -0.6474 0.7465 -0.1537
vn -0.6742 0.7249 -0.1410
vn -0.7491 0.6565 -0.0885
vn -0.7547 0.6257 -0.1973
vn -0.7435 0.6687 -0.0013
vn -0.7403 0.6563 0.1454
vn -0.7366 0.6762 0.0099
vn -0.7527 0.6534 -0.0815
vn -0.7493 0.6432 0.1573
vn -0.8042 0.5943 -0.0133
vn -0.8257 0.5514 -0.1188
vn -0.8333 0.5517 0.0344
vn -0.8691 0.4853 -0.0959
vn -0.7356 0.6504 0.1894
vn -0.8497 0.5143 -0.1162
vn -0.8211 0.5597 -0.1115
vn -0.8557 0.4784 -0.1972
vn -0.8037 0.5656 -0.1851
vn -0.8198 0.5344 -0.2059
vn -0.7523 0.6303 -0.1919
vn -0.5978 0.7409 0.3060
vn -0.7143 0.6406 0.2818
vn -0.5703 0.7333 0.3702
vn -0.4607 0.7706 0.4403
vn -0.7191 0.6375 0.2766
vn -0.5880 0.7212 0.3663
vn -0.4708 0.7974 0.3775
vn -0.6211 0.7176 0.3152
vn -0.4982 0.7984 0.3381
vn -0.7476 0.6263 0.2209
vn -0.5683 0.7876 0.2381
vn -0.4625 0.8864 0.0186
vn -0.6142 0.7629 0.2020
vn -0.5122 0.8588 -0.0067
vn -0.7341 0.6577 0.1688
vn -0.8368 0.5126 0.1925
vn -0.5850 0.8073 -0.0777
vn -0.5102 0.8599 0.0161
vn -0.8134 0.5711 0.1104
vn -0.7525 0.6513 0.0982
vn -0.7544 0.6489 0.0993
vn -0.6421 0.7107 -0.2876
vn -0.5534 0.7823 -0.2858
vn -0.6416 0.7515 -0.1537
vn -0.6910 0.7095 -0.1382
vn -0.7357 0.6773 0.0024
vn -0.8374 0.5466 -0.0057
vn -0.8548 0.5027 0.1289
vn -0.6199 0.6697 -0.4090
vn -0.5667 0.6849 -0.4579
vn -0.6782 0.6614 -0.3203
vn -0.6057 0.7157 -0.3476
vn -0.6557 0.6932 -0.2993
vn -0.7772 0.5999 -0.1901
vn -0.7478 0.6243 -0.2261
vn -0.6889 0.6922 -0.2151
vn -0.8325 0.5495 -0.0710
vn -0.7495 0.6234 -0.2227
vn -0.8637 0.5025 0.0382
vn -0.8896 0.4463 0.0974
vn -0.7950 0.6060 -0.0283
vn -0.8544 0.5146 0.0726
vn -0.8955 0.3853 0.2230
vn -0.8604 0.4811 0.1682
vn -0.8974 0.3624 0.2515
vn -0.8654 0.4040 0.2963
vn -0.8535 0.4842 0.1927
vn -0.8534 0.4335 0.2895
vn -0.8437 0.5008 0.1933
vn -0.7770 0.6293 -0.0129
vn -0.7965 0.5916 0.1246
vn -0.7657 0.5055 0.3977
vn -0.7835 0.6030 0.1499
vn -0.7709 0.5503 0.3209
vn -0.7837 0.5233 0.3346
vn -0.8220 0.5266 0.2167
vn -0.7411 0.6694 -0.0514
vn -0.6899 0.7020 -0.1770
vn -0.7282 0.6732 0.1283
vn -0.7213 0.6925 -0.0133
vn -0.7334 0.6621 0.1537
vn -0.7061 0.6742 0.2164
vn -0.7330 0.5818 0.3525
vn -0.6354 0.7716 0.0293
vn -0.6785 0.7340 -0.0296
vn -0.6364 0.7677 0.0751
vn -0.6708 0.7198 -0.1783
vn -0.6475 0.7561 -0.0955
vn -0.5717 0.7768 -0.2640
vn -0.5881 0.7310 -0.3461
vn -0.5942 0.7961 -0.1150
vn -0.5842 0.8090 -0.0649
vn -0.5450 0.7998 -0.2517
vn -0.5467 0.8018 -0.2413
vn -0.4683 0.7468 -0.4723
vn -0.4637 0.8224 -0.3295
vn -0.4624 0.7436 -0.4829
vn -0.3652 0.7424 -0.5618
vn -0.2335 0.5889 -0.7737
vn -0.4472 0.8298 -0.3340
vn -0.3575 0.8075 -0.4693
vn -0.3961 0.8706 -0.2918
vn -0.3243 0.8169 -0.4770
vn -0.2529 0.7601 -0.5986
vn -0.3136 0.8445 -0.4341
vn -0.3433 0.8726 -0.3474
vn -0.2164 0.8102 -0.5447
vn -0.2288 0.8287 -0.5108
vn -0.4875 0.8657 -0.1134
vn -0.4079 0.8852 -0.2238
vn -0.5026 0.8637 -0.0385
vn -0.5025 0.8637 -0.0386
vn -0.3055 0.8982 -0.3160
vn -0.2423 0.8986 -0.3659
vn -0.2363 0.8887 -0.3929
vn -0.2991 0.9340 -0.1953
vn -0.2193 0.9566 -0.1917
vn -0.3755 0.9190 -0.1204
vn -0.3198 0.9407 -0.1132
vn -0.3821 0.9191 -0.0967
vn -0.4494 0.8932 0.0170
vn -0.2907 0.9561 -0.0365
vn -0.4288 0.9001 0.0766
vn -0.5942 0.6916 0.4106
vn -0.3708 0.9261 0.0696
vn -0.3001 0.9537 0.0200
vn -0.3940 0.9125 0.1099
vn -0.2469 0.9669 -0.0647
vn -0.2127 0.9616 -0.1735
vn -0.2836 0.9567 0.0648
vn -0.1364 0.9873 0.0819
vn -0.3848 0.8995 0.2070
vn -0.3230 0.9267 0.1922
vn -0.5225 0.8418 0.1355
vn -0.6152 0.7812 0.1060
vn -0.6508 0.7197 0.2417
vn -0.6085 0.7124 0.3496
vn -0.6645 0.6257 0.4086
vn -0.5093 0.8197 0.2620
vn -0.5343 0.7696 0.3497
vn -0.4393 0.8546 0.2768
vn -0.4168 0.8707 0.2609
vn -0.5670 0.7630 0.3103
vn -0.4205 0.8738 0.2443
vn -0.7000 0.6587 0.2759
vn -0.5587 0.7827 0.2743
vn -0.6829 0.6936 0.2295
vn -0.7268 0.6354 0.2609
vn -0.7558 0.6256 0.1936
vn -0.6990 0.6804 0.2201
vn -0.6870 0.6942 0.2150
vn -0.6934 0.6812 0.2349
vn -0.6127 0.7587 0.2210
vn -0.5870 0.7838 0.2028
vn -0.6068 0.7431 0.2821
vn -0.5955 0.7632 0.2509
vn -0.5988 0.7433 0.2983
vn -0.5227 0.8251 0.2147
vn -0.5236 0.8127 0.2557
vn -0.5875 0.7501 0.3036
vn -0.5197 0.7598 0.3907
vn -0.5192 0.7527 0.4047
vn -0.4908 0.8124 0.3150
vn -0.4815 0.8282 0.2867
vn -0.4418 0.8469 0.2958
vn -0.4409 0.7858 0.4337
vn -0.4646 0.8108 0.3560
vn -0.4500 0.7857 0.4244
vn -0.4455 0.7379 0.5070
vn -0.3903 0.7676 0.5084
vn -0.3933 0.8060 0.4424
vn -0.3114 0.7728 0.5530
vn -0.3864 0.8486 0.3614
vn -0.3676 0.7279 0.5788
vn -0.3564 0.8303 0.4285
vn -0.3117 0.8136 0.4908
vn -0.3546 0.8554 0.3775
vn -0.3456 0.8477 0.4023
vn -0.3856 0.8827 0.2687
vn -0.1692 0.8012 0.5740
vn -0.2596 0.8338 0.4873
vn -0.2608 0.8691 0.4202
vn -0.2101 0.8346 0.5092
vn -0.1681 0.8010 0.5746
vn -0.2222 0.8872 0.4044
vn -0.3071 0.8883 0.3415
vn -0.2225 0.9071 0.3572
vn -0.3067 0.9067 0.2895
vn -0.1091 0.8254 0.5539
vn -0.0257 0.8021 0.5966
vn -0.1583 0.8729 0.4615
vn -0.1585 0.8886 0.4304
vn -0.0758 0.8570 0.5097
vn -0.0025 0.8300 0.5577
vn -0.0458 0.8664 0.4972
vn 0.0562 0.8373 0.5439
vn -0.0343 0.8817 0.4706
vn 0.0561 0.8577 0.5111
vn -0.0965 0.9099 0.4034
vn -0.0343 0.8752 0.4826
vn -0.1145 0.9098 0.3990
vn 0.0797 0.8882 0.4525
vn 0.0081 0.9156 0.4019
vn 0.0095 0.9134 0.4069
vn -0.0362 0.9230 0.3831
vn 0.0357 0.9398 0.3399
vn -0.0366 0.9467 0.3201
vn -0.1372 0.9322 0.3348
vn -0.1983 0.9196 0.3391
vn -0.2331 0.9284 0.2894
vn -0.3142 0.9034 0.2919
vn -0.1224 0.9397 0.3192
vn -0.2716 0.9333 0.2350
vn -0.1622 0.9599 0.2287
vn 0.0956 0.9401 0.3273
vn -0.0522 0.9516 0.3027
vn -0.1227 0.9590 0.2555
vn -0.1211 0.9594 0.2548
vn -0.2004 0.9487 0.2444
vn -0.0635 0.9789 0.1944
vn -0.1998 0.9643 0.1738
vn -0.0093 0.9640 0.2656
vn -0.3142 0.9268 0.2055
vn -0.0349 0.9790 0.2009
vn -0.0985 0.9731 0.2085
vn -0.0592 0.9745 0.2163
vn 0.0505 0.9596 0.2768
vn -0.0368 0.9875 0.1529
vn -0.0923 0.9872 0.1298
vn -0.1002 0.9866 0.1286
vn 0.0270 0.9885 0.1485
vn 0.0079 0.9800 0.1989
vn 0.0210 0.9883 0.1511
vn -0.0524 0.9917 0.1171
vn -0.0373 0.9967 0.0726
vn -0.0969 0.9868 0.1299
vn -0.1361 0.9877 0.0766
vn -0.1010 0.9947 0.0217
vn -0.1778 0.9756 0.1286
vn -0.1698 0.9841 0.0529
vn -0.1966 0.9787 0.0583
vn -0.1630 0.9793 0.1195
vn -0.1838 0.9644 0.1900
vn -0.2520 0.9599 0.1225
vn -0.2276 0.9568 0.1807
vn -0.2527 0.9597 0.1231
vn -0.3072 0.9307 0.1984
vn -0.3502 0.9202 0.1749
vn -0.3278 0.9336 0.1448
vn -0.2351 0.9716 0.0283
vn -0.2334 0.9720 0.0266
vn -0.4198 0.8861 0.1967
vn -0.3910 0.9058 0.1632
vn -0.4731 0.8498 0.2322
vn -0.4735 0.8577 0.2005
vn -0.4067 0.8940 0.1880
vn -0.4809 0.8523 0.2059
vn -0.3743 0.9030 0.2107
vn -0.4329 0.8659 0.2508
vn -0.3419 0.9151 0.2138
vn -0.4332 0.8597 0.2705
vn -0.3438 0.8906 0.2977
vn -0.2287 0.9718 -0.0572
vn -0.1862 0.9825 -0.0116
vn -0.2434 0.9598 -0.1396
vn -0.0880 0.9949 -0.0503
vn -0.2435 0.9599 -0.1391
vn -0.2686 0.9399 -0.2108
vn -0.1225 0.9911 -0.0521
vn -0.2591 0.9096 -0.3249
vn -0.2608 0.8715 -0.4154
vn -0.2663 0.9160 -0.2999
vn -0.2991 0.8928 -0.3368
vn -0.3164 0.7753 -0.5467
vn -0.3178 0.9039 -0.2865
vn -0.4036 0.7867 -0.4672
vn -0.3471 0.8881 -0.3014
vn -0.2546 0.9457 -0.2018
vn -0.3511 0.8820 -0.3142
vn -0.5271 0.7529 -0.3942
vn -0.4109 0.7971 -0.4424
vn -0.5687 0.7766 -0.2710
vn -0.5317 0.7447 -0.4033
vn -0.5833 0.7635 -0.2773
vn -0.2663 0.9436 -0.1968
vn -0.3861 0.8817 -0.2711
vn -0.2352 0.9528 -0.1921
vn -0.6134 0.7117 -0.3423
vn -0.6481 0.5857 -0.4867
vn -0.6725 0.6647 -0.3253
vn -0.5637 0.6404 -0.5216
vn -0.5077 0.5544 -0.6595
vn -0.5500 0.8345 -0.0325
vn -0.6432 0.5019 -0.5783
vn -0.6143 0.7833 -0.0953
vn -0.7197 0.6934 -0.0346
vn -0.3518 0.9290 -0.1151
vn -0.2569 0.9619 -0.0932
vn -0.7064 0.6944 0.1372
vn -0.7646 0.4856 -0.4237
vn -0.7252 0.5041 -0.4690
vn -0.8131 0.5595 -0.1604
vn -0.7921 0.5273 -0.3075
vn -0.8359 0.5413 -0.0908
vn -0.6104 0.6634 -0.4327
vn -0.6638 0.7034 -0.2541
vn -0.6987 0.7151 -0.0233
vn -0.6326 0.7611 -0.1432
vn -0.8051 0.5706 0.1622
vn -0.7439 0.6654 0.0627
vn -0.8410 0.5335 0.0900
vn -0.7507 0.5919 0.2935
vn -0.7062 0.6870 0.1712
vn -0.6980 0.6723 0.2466
vn -0.7009 0.6987 0.1437
vn -0.7488 0.5893 0.3034
vn -0.7611 0.5781 0.2941
vn 0.4217 0.8997 0.1125
vn -0.8258 0.5613 -0.0543
vn -0.5390 0.8386 0.0788
vn -0.4143 0.9077 -0.0661
vn -0.4378 0.8936 -0.0990
vn -0.5732 0.7819 -0.2453
vn -0.3871 0.9019 -0.1917
vn -0.3616 0.7808 -0.5096
vn -0.3188 0.8976 -0.3045
vn -0.3215 0.9109 -0.2585
vn -0.1006 0.9021 -0.4196
vn -0.1432 0.9775 -0.1548
vn -0.1577 0.8938 -0.4199
vn -0.6050 0.3565 -0.7120
vn -0.4586 0.3902 -0.7984
vn -0.3072 0.7405 -0.5977
vn -0.1931 0.8129 -0.5494
vn 0.2199 0.9731 -0.0694
vn 0.0249 0.9925 -0.1200
vn 0.2398 0.9705 -0.0253
vn -0.2016 0.9452 -0.2567
vn 0.2559 0.9584 -0.1267
vn 0.3205 0.9356 0.1481
vn 0.0535 0.9776 -0.2035
vn -0.2952 0.8689 -0.3972
vn -0.1762 0.8397 -0.5136
vn -0.1520 0.8511 -0.5025
vn -0.3680 0.4620 -0.8069
vn -0.3624 0.4039 -0.8400
vn -0.3703 0.6626 -0.6510
vn -0.3478 0.4916 -0.7983
vn -0.4299 0.4990 -0.7525
vn -0.2085 0.6415 -0.7383
vn -0.3153 0.6399 -0.7008
vn -0.2176 0.6144 -0.7584
vn -0.2438 0.8166 -0.5232
vn -0.1244 0.7617 -0.6359
vn -0.3007 0.8066 -0.5089
vn -0.3912 0.8172 -0.4232
vn -0.5432 0.6888 -0.4801
vn -0.4983 0.6427 -0.5819
vn -0.3619 0.7028 -0.6125
vn -0.5824 0.5404 -0.6073
vn -0.1426 0.7314 -0.6669
vn -0.2534 0.6873 -0.6808
vn -0.4712 0.5552 -0.6854
vn -0.2851 0.6349 -0.7181
vn -0.4387 0.6327 -0.6381
vn -0.1198 0.6813 -0.7221
vn -0.3266 0.6414 -0.6942
vn -0.3487 0.6684 -0.6570
vn -0.1595 0.7085 -0.6875
vn -0.4151 0.6796 -0.6048
vn -0.1679 0.7766 -0.6072
vn -0.3484 0.9263 0.1435
vn -0.3556 0.9262 0.1251
vn -0.4690 0.8731 0.1334
vn -0.4661 0.8741 0.1366
vn -0.3429 0.9278 0.1471
vn -0.2508 0.9656 -0.0686
vn -0.4311 0.8877 0.1618
vn -0.3901 0.9147 0.1054
vn -0.3847 0.9227 0.0254
vn -0.4373 0.8992 0.0147
vn -0.4533 0.8913 -0.0119
vn -0.4284 0.9035 0.0071
vn -0.4520 0.8920 -0.0047
vn -0.4545 0.8907 -0.0054
vn -0.3450 0.9382 -0.0263
vn -0.2460 0.9692 0.0149
vn -0.3306 0.9389 -0.0954
vn -0.4217 0.9016 -0.0965
vn -0.4645 0.8816 -0.0840
vn -0.4846 0.8726 -0.0612
vn -0.5057 0.8527 -0.1309
vn -0.5250 0.8418 -0.1255
vn -0.4932 0.8627 -0.1118
vn -0.5094 0.8420 -0.1777
vn -0.5540 0.8154 -0.1680
vn -0.5927 0.7852 -0.1796
vn -0.5841 0.7796 -0.2260
vn -0.6490 0.7462 -0.1484
vn -0.6762 0.6938 -0.2476
vn -0.7507 0.6303 -0.1978
vn -0.6686 0.6940 -0.2670
vn -0.7687 0.5860 -0.2563
vn -0.5898 0.7732 -0.2330
vn -0.6784 0.6865 -0.2619
vn -0.5579 0.8157 -0.1529
vn -0.4473 0.8810 -0.1540
vn -0.6273 0.7580 -0.1785
vn -0.5602 0.8137 -0.1548
vn -0.7389 0.6262 -0.2488
vn -0.8073 0.5386 -0.2410
vn -0.4237 0.8915 -0.1601
vn -0.7988 0.5514 -0.2405
vn -0.8455 0.4829 -0.2277
vn -0.8548 0.4491 -0.2602
vn -0.8517 0.4520 -0.2652
vn -0.8199 0.4966 -0.2849
vn -0.8087 0.5013 -0.3079
vn -0.7533 0.6110 -0.2432
vn -0.4634 0.8659 -0.1883
vn -0.7493 0.6161 -0.2430
vn -0.6885 0.6929 -0.2140
vn -0.7721 0.5935 -0.2273
vn -0.7815 0.5458 -0.3022
vn -0.7179 0.6658 -0.2034
vn -0.6353 0.7490 -0.1883
vn -0.7545 0.6200 -0.2152
vn -0.7281 0.6697 -0.1462
vn -0.7647 0.6090 -0.2103
vn -0.2518 0.9216 0.2952
vn -0.6646 0.7459 -0.0438
vn -0.7334 0.6635 -0.1478
vn -0.7232 0.6678 -0.1760
vn -0.6978 0.7103 -0.0923
vn -0.6465 0.7576 -0.0900
vn -0.6567 0.7409 -0.1406
vn -0.6998 0.7084 -0.0918
vn -0.5662 0.8118 -0.1429
vn -0.5982 0.7896 -0.1369
vn -0.4168 0.9048 -0.0865
vn -0.0187 0.9826 -0.1847
vn -0.0662 0.9569 -0.2829
vn -0.0078 0.8694 -0.4940
vn -0.3246 0.8143 -0.4812
vn -0.3775 0.8923 -0.2476
vn -0.5834 0.8063 -0.0972
vn -0.4564 0.8550 -0.2464
vn -0.4219 0.8892 -0.1772
vn -0.5979 0.7986 -0.0698
vn -0.4237 0.8584 -0.2893
vn -0.5150 0.8516 -0.0980
vn -0.5917 0.8044 -0.0526
vn -0.5125 0.8513 -0.1125
vn -0.5911 0.8053 -0.0455
vn -0.5124 0.8339 -0.2052
vn -0.5673 0.8203 0.0721
vn -0.4998 0.8661 -0.0021
vn -0.5427 0.8395 0.0267
vn -0.4706 0.8804 -0.0580
vn -0.4717 0.8810 0.0368
vn -0.3789 0.9220 0.0794
vn -0.3849 0.9192 0.0826
vn -0.6268 0.7699 0.1200
vn -0.2890 0.9462 -0.1457
vn -0.3147 0.9384 -0.1431
vn -0.2021 0.9764 -0.0765
vn -0.3780 0.9251 0.0359
vn -0.3119 0.9408 -0.1323
vn -0.2265 0.9600 -0.1647
vn -0.3467 0.9346 -0.0796
vn -0.5796 0.7986 0.1620
vn -0.2076 0.9748 -0.0816
vn -0.5554 0.8159 0.1604
vn -0.1885 0.9658 -0.1780
vn -0.1036 0.9654 -0.2393
vn -0.0809 0.9926 -0.0900
vn -0.1795 0.9643 -0.1947
vn -0.2225 0.9221 -0.3166
vn -0.1663 0.9860 -0.0114
vn -0.2801 0.9420 0.1849
vn -0.4606 0.8643 -0.2022
vn -0.4578 0.8678 -0.1930
vn -0.3811 0.8937 0.2368
vn -0.4859 0.7968 0.3591
vn -0.6656 0.7379 0.1122
vn -0.6382 0.7355 0.2275
vn -0.5748 0.7804 0.2460
vn -0.7934 0.5905 -0.1476
vn -0.7388 0.6638 0.1168
vn -0.6487 0.6754 -0.3507
vn -0.8378 0.5144 -0.1827
vn -0.5737 -0.4344 -0.6944
vn -0.8640 0.1220 -0.4884
vn -0.7344 0.3622 -0.5740
vn -0.9040 0.4258 -0.0382
vn -0.9769 0.0895 -0.1941
vn -0.9640 0.1204 -0.2370
vn -0.8651 0.4787 -0.1497
vn -0.7517 0.6178 -0.2310
vn -0.9327 0.3470 -0.0981
vn -0.9940 0.0800 0.0747
vn -0.7546 0.6523 -0.0712
vn -0.3396 0.8985 -0.2784
vn -0.9503 0.2922 0.1075
vn -0.7237 0.6862 -0.0738
vn -0.4127 0.9058 -0.0961
vn -0.3655 0.9227 -0.1224
vn -0.6650 0.7464 -0.0260
vn -0.5408 0.8228 -0.1747
vn -0.3493 0.9368 -0.0184
vn -0.5393 0.8407 0.0494
vn -0.9712 0.1207 -0.2054
vn -0.8414 0.5345 0.0789
vn -0.9167 0.3862 0.1029
vn -0.8919 0.3361 0.3025
vn -0.9475 0.1416 0.2867
vn -0.9768 0.1347 0.1666
vn -0.9369 0.1611 0.3102
vn -0.9368 0.1612 0.3105
vn -0.9039 0.2856 0.3185
vn -0.9631 0.2693 -0.0004
vn -0.8166 0.3034 0.4910
vn -0.8144 0.2995 0.4970
vn -0.9340 0.2912 -0.2070
vn -0.9303 0.2609 -0.2579
vn -0.8466 0.4598 -0.2682
vn -0.7526 0.3167 -0.5774
vn -0.6424 0.4324 -0.6327
vn -0.6485 0.4063 -0.6437
vn -0.8344 0.3076 0.4574
vn -0.9028 0.2380 0.3581
vn -0.8396 0.4450 0.3114
vn -0.8449 0.4077 0.3463
vn -0.9100 0.3014 0.2845
vn -0.7995 0.4413 0.4075
vn -0.7890 0.5327 0.3061
vn -0.8966 0.3637 0.2526
vn -0.8550 0.4394 0.2756
vn -0.8925 0.4038 0.2011
vn -0.8091 0.5574 0.1863
vn -0.5970 0.7972 0.0894
vn -0.8329 0.5293 0.1615
vn -0.8074 0.5681 0.1593
vn -0.7762 0.5561 0.2971
vn -0.6956 0.6560 0.2929
vn -0.5937 0.7956 0.1203
vn -0.7472 0.6545 0.1151
vn -0.6339 0.7592 0.1472
vn -0.6398 0.7342 0.2270
vn -0.7577 0.6290 0.1738
vn -0.7409 0.6285 0.2367
vn -0.7360 0.6040 0.3057
vn -0.5654 0.6932 0.4471
vn -0.7069 0.6117 0.3553
vn -0.4266 0.7877 0.4445
vn -0.6785 0.6921 0.2464
vn -0.6572 0.7028 0.2723
vn -0.3222 0.8782 0.3536
vn -0.5801 0.8089 0.0959
vn -0.5409 0.8313 0.1279
vn -0.3911 0.9056 0.1640
vn -0.3517 0.9326 0.0811
vn -0.1771 0.9322 0.3156
vn -0.0000 0.9744 0.2249
vn -0.2153 0.9660 0.1431
vn -0.1886 0.9751 0.1168
vn -0.1653 0.9709 -0.1735
vn 0.0867 0.9439 0.3187
vn 0.0947 0.9933 0.0657
vn 0.2896 0.9253 0.2448
vn 0.2885 0.9221 0.2580
vn 0.5316 0.7609 0.3721
vn 0.1285 0.9875 0.0914
vn 0.2608 0.9377 0.2294
vn 0.3390 0.9323 0.1262
vn 0.0883 0.9956 -0.0306
vn 0.2758 0.9546 -0.1128
vn 0.0785 0.9968 -0.0140
vn 0.5573 0.8231 0.1088
vn 0.4700 0.8504 0.2363
vn 0.4687 0.8783 -0.0945
vn 0.4007 0.9154 -0.0396
vn 0.7340 0.6745 0.0795
vn 0.7228 0.6370 0.2680
vn 0.7674 0.5808 0.2715
vn 0.6958 0.6034 0.3896
vn 0.7651 0.6306 0.1305
vn 0.7974 0.5884 0.1337
vn 0.6700 0.7311 -0.1289
vn 0.6409 0.7669 -0.0322
vn 0.7994 0.5690 0.1931
vn 0.8315 0.5554 0.0059
vn 0.6461 0.6889 0.3286
vn 0.7404 0.6452 0.1888
vn 0.6610 0.7027 0.2633
vn 0.6960 0.6021 -0.3912
vn 0.5416 0.8145 -0.2080
vn 0.7290 0.6105 -0.3098
vn 0.8232 0.5522 -0.1318
vn 0.7318 0.6759 -0.0870
vn 0.6676 0.6490 -0.3648
vn 0.8097 0.4952 -0.3150
vn 0.5408 0.7580 -0.3648
vn 0.6716 0.6543 -0.3477
vn 0.2551 0.9479 -0.1907
vn 0.3257 0.9209 -0.2143
vn 0.3141 0.9162 -0.2486
vn 0.3490 0.9020 -0.2539
vn 0.2893 0.9207 -0.2620
vn 0.1977 0.9661 -0.1659
vn 0.3795 0.8662 -0.3252
vn 0.3940 0.7996 -0.4532
vn 0.2409 0.9660 -0.0938
vn 0.2025 0.9738 -0.1038
vn 0.0774 0.9871 -0.1398
vn 0.0618 0.9876 -0.1443
vn -0.0939 0.9883 -0.1205
vn -0.0950 0.9921 -0.0824
vn 0.0787 0.9933 -0.0848
vn -0.0235 0.9988 -0.0423
vn 0.1026 0.9937 -0.0450
vn 0.0186 0.9981 0.0582
vn 0.1162 0.9923 -0.0425
vn 0.0217 0.9988 0.0440
vn 0.0853 0.9869 0.1370
vn -0.0891 0.9867 0.1360
vn 0.1211 0.9898 0.0752
vn 0.1513 0.9876 0.0412
vn 0.0961 0.9839 0.1507
vn 0.1194 0.9843 0.1302
vn 0.0099 0.9977 0.0668
vn 0.1712 0.9795 0.1062
vn 0.1927 0.9808 0.0295
vn 0.1469 0.9762 0.1593
vn 0.0773 0.9755 0.2062
vn 0.1008 0.9748 0.1992
vn 0.0670 0.9740 0.2165
vn 0.1805 0.9700 0.1629
vn 0.2081 0.9709 0.1185
vn 0.0729 0.9679 0.2406
vn 0.1797 0.9595 0.2170
vn 0.0764 0.9945 0.0716
vn 0.1883 0.9567 0.2221
vn 0.2232 0.9682 0.1135
vn 0.1812 0.9525 0.2447
vn 0.1732 0.9522 0.2517
vn 0.2508 0.9478 0.1968
vn 0.2527 0.9481 0.1929
vn 0.3210 0.9082 0.2687
vn 0.2776 0.9503 0.1411
vn 0.2991 0.9385 0.1724
vn 0.2349 0.9704 0.0556
vn 0.3353 0.9329 0.1316
vn 0.2183 0.9759 0.0028
vn 0.3532 0.9189 0.1755
vn 0.3764 0.8964 0.2339
vn 0.5546 0.8031 0.2180
vn 0.2682 0.9334 0.2383
vn 0.3565 0.8994 0.2529
vn 0.4397 0.8475 0.2974
vn 0.3659 0.8877 0.2796
vn 0.2294 0.9682 0.0995
vn 0.2690 0.9134 0.3056
vn 0.1733 0.9411 0.2905
vn 0.3366 0.8893 0.3095
vn 0.1582 0.9387 0.3063
vn 0.0526 0.9573 0.2843
vn 0.0309 0.9387 0.3434
vn 0.1581 0.9285 0.3360
vn 0.0987 0.9286 0.3576
vn 0.3439 0.8647 0.3661
vn 0.2573 0.9092 0.3275
vn 0.1672 0.9244 0.3427
vn 0.0982 0.9003 0.4240
vn 0.1668 0.8932 0.4176
vn -0.0290 0.8697 0.4928
vn 0.2197 0.8710 0.4393
vn 0.2192 0.8543 0.4712
vn 0.2847 0.8754 0.3907
vn 0.2255 0.8453 0.4843
vn 0.3396 0.8016 0.4920
vn 0.3438 0.8485 0.4024
vn 0.3748 0.8573 0.3530
vn 0.4400 0.8337 0.3337
vn 0.3562 0.8056 0.4735
vn 0.3579 0.8353 0.4173
vn 0.4295 0.7683 0.4746
vn 0.4639 0.8123 0.3536
vn 0.4494 0.8038 0.3898
vn 0.4640 0.7809 0.4182
vn 0.5387 0.7773 0.3249
vn 0.5366 0.7335 0.4172
vn -0.8726 0.3055 -0.3811
vn -0.8461 0.4267 -0.3194
vn -0.8574 0.4081 -0.3135
vn -0.7078 0.6403 -0.2982
vn -0.5950 0.6307 -0.4982
vn -0.3599 0.8660 -0.3472
vn -0.8199 0.3175 -0.4764
vn -0.7450 0.4059 -0.5294
vn -0.9373 0.0001 -0.3485
vn -0.9359 -0.0083 -0.3522
vn -0.8303 0.0578 -0.5543
vn -0.8901 0.1064 -0.4432
vn -0.8260 0.0663 -0.5597
vn -0.8319 0.2686 -0.4856
vn -0.6564 0.3077 -0.6888
vn -0.5227 0.5208 -0.6749
vn -0.6406 0.4860 -0.5945
vn -0.7248 0.2158 -0.6543
vn -0.6538 0.0642 -0.7540
vn -0.6168 0.2566 -0.7441
vn -0.3367 0.8756 -0.3463
vn -0.5058 0.8533 -0.1265
vn -0.5332 0.8387 -0.1108
vn -0.3338 0.8815 -0.3340
vn -0.5020 0.8228 -0.2664
vn -0.2760 0.7451 -0.6071
vn -0.2179 0.7613 -0.6106
vn -0.5775 0.2863 -0.7646
vn -0.3799 0.5187 -0.7659
vn -0.1043 0.3439 -0.9332
vn -0.2035 0.7986 -0.5664
vn -0.1084 0.5698 -0.8146
vn -0.1590 0.6327 -0.7579
vn -0.0434 0.3170 -0.9474
vn -0.1736 0.3218 -0.9308
vn -0.1978 0.5913 -0.7818
vn -0.4373 0.7434 -0.5060
vn -0.5557 0.5670 -0.6080
vn -0.5559 0.7819 -0.2820
vn -0.2108 0.4699 -0.8572
vn -0.0446 0.3147 -0.9481
vn -0.5324 0.5898 -0.6072
vn -0.4627 0.3266 -0.8241
vn -0.6972 0.6864 -0.2066
vn -0.6522 0.5696 -0.5001
vn -0.6642 0.7058 -0.2464
vn -0.0463 0.3041 -0.9515
vn -0.2508 0.0608 -0.9661
vn -0.0068 0.0448 -0.9990
vn 0.0191 0.0026 -0.9998
vn 0.0255 -0.1291 -0.9913
vn 0.0341 -0.1283 -0.9912
vn -0.2750 0.2120 -0.9378
vn -0.1483 0.1035 -0.9835
vn -0.3429 0.2383 -0.9086
vn -0.4632 0.3240 -0.8249
vn -0.1792 -0.0432 -0.9829
vn -0.3843 0.0792 -0.9198
vn 0.0250 -0.1461 -0.9889
vn -0.1009 -0.1298 -0.9864
vn -0.0760 -0.1436 -0.9867
vn 0.0526 -0.4252 -0.9036
vn 0.0637 -0.3734 -0.9255
vn 0.0281 -0.3919 -0.9196
vn 0.0663 -0.3961 -0.9158
vn -0.4629 0.0064 -0.8864
vn -0.4006 0.0221 -0.9160
vn -0.6572 0.0624 -0.7512
vn -0.2635 -0.1894 -0.9459
vn -0.6199 -0.0356 -0.7839
vn -0.4068 -0.2445 -0.8802
vn -0.1914 -0.3002 -0.9345
vn -0.4195 -0.1898 -0.8877
vn -0.5014 -0.1881 -0.8445
vn -0.6621 -0.0718 -0.7460
vn -0.6954 -0.1597 -0.7006
vn -0.4277 -0.3637 -0.8275
vn -0.4697 -0.3563 -0.8077
vn -0.2382 -0.5034 -0.8306
vn 0.0089 -0.5520 -0.8338
vn 0.0681 -0.5744 -0.8157
vn 0.0439 -0.4203 -0.9063
vn -0.1738 -0.5978 -0.7826
vn -0.0689 -0.7318 -0.6780
vn -0.1098 -0.7275 -0.6772
vn 0.0945 -0.7056 -0.7023
vn 0.0400 -0.6205 -0.7832
vn 0.1196 -0.7998 -0.5882
vn 0.0856 -0.7591 -0.6454
vn 0.0773 -0.8413 -0.5350
vn -0.0458 -0.5980 -0.8002
vn -0.0604 -0.7061 -0.7055
vn -0.0095 -0.7816 -0.6237
vn 0.0005 -0.7030 -0.7112
vn -0.1395 -0.7309 -0.6681
vn -0.1332 -0.6733 -0.7273
vn -0.1943 -0.7260 -0.6596
vn -0.0577 -0.8300 -0.5547
vn -0.2444 -0.7894 -0.5631
vn -0.3268 -0.6505 -0.6856
vn -0.2302 -0.7956 -0.5603
vn -0.4513 -0.5864 -0.6726
vn -0.3339 -0.7602 -0.5573
vn -0.5755 -0.5923 -0.5639
vn -0.4497 -0.4574 -0.7672
vn -0.3131 -0.5403 -0.7811
vn -0.2404 -0.5008 -0.8315
vn 0.0395 -0.6549 -0.7547
vn -0.6773 -0.4417 -0.5883
vn -0.4979 -0.5480 -0.6722
vn -0.1281 -0.4469 -0.8854
vn 0.0819 -0.4310 -0.8986
vn -0.3223 -0.3836 -0.8654
vn -0.2053 -0.3966 -0.8947
vn -0.1669 -0.2887 -0.9427
vn -0.2784 -0.2856 -0.9170
vn -0.2543 -0.1526 -0.9550
vn -0.5535 -0.3291 -0.7651
vn -0.5270 -0.1985 -0.8263
vn -0.4445 -0.1513 -0.8829
vn -0.5706 -0.1279 -0.8112
vn -0.4027 -0.0437 -0.9143
vn -0.4993 -0.0377 -0.8656
vn -0.4729 0.0991 -0.8755
vn -0.5651 -0.3192 -0.7608
vn -0.5891 -0.4382 -0.6789
vn -0.5610 0.1661 -0.8110
vn -0.5122 0.3184 -0.7977
vn -0.5990 0.0613 -0.7984
vn -0.6425 0.2031 -0.7389
vn -0.6282 -0.0600 -0.7758
vn -0.6701 0.0716 -0.7388
vn -0.6709 -0.1896 -0.7169
vn -0.7372 0.0308 -0.6749
vn -0.7499 -0.1063 -0.6530
vn -0.7748 -0.1876 -0.6037
vn -0.8123 0.1857 -0.5529
vn -0.7366 0.1669 -0.6555
vn -0.8258 0.0529 -0.5615
vn -0.7872 0.1445 -0.5995
vn -0.7830 -0.1767 -0.5964
vn -0.9029 0.2192 -0.3698
vn -0.8082 -0.2504 -0.5330
vn -0.6240 0.1853 -0.7591
vn -0.7476 0.2445 -0.6175
vn -0.7051 0.3457 -0.6192
vn -0.7754 0.4037 -0.4856
vn -0.7722 0.2836 -0.5686
vn -0.7882 0.4260 -0.4442
vn -0.8234 0.3212 -0.4678
vn -0.8048 0.1844 -0.5642
vn -0.8347 0.4677 -0.2908
vn -0.8371 0.3704 -0.4025
vn -0.8392 0.4914 -0.2330
vn -0.8723 0.2952 -0.3899
vn -0.8739 0.3854 -0.2962
vn -0.8432 0.5021 -0.1922
vn -0.8718 0.3529 -0.3398
vn -0.8414 0.5197 -0.1479
vn -0.8277 0.5546 -0.0860
vn -0.8895 0.3889 -0.2398
vn -0.8783 0.4484 -0.1661
vn -0.8502 0.0334 -0.5254
vn -0.9155 0.2425 -0.3211
vn -0.8542 0.0453 -0.5180
vn -0.8863 0.4542 -0.0909
vn -0.9105 0.3948 -0.1228
vn -0.9334 0.2108 -0.2904
vn -0.8967 -0.0420 -0.4407
vn -0.9107 -0.0046 -0.4131
vn -0.8215 -0.2309 -0.5214
vn -0.8484 -0.3038 -0.4335
vn -0.9383 -0.0585 -0.3408
vn -0.9692 0.1593 -0.1877
vn -0.9373 0.2371 -0.2555
vn -0.8818 0.4630 -0.0899
vn -0.9529 -0.0819 -0.2922
vn -0.9550 0.2087 -0.2107
vn -0.9601 0.2732 -0.0601
vn -0.9120 0.4084 -0.0392
vn -0.9369 0.3482 -0.0303
vn -0.9530 0.2966 -0.0619
vn -0.8601 0.5080 -0.0454
vn -0.9524 0.3007 -0.0503
vn -0.7113 0.7005 0.0581
vn -0.9369 0.3485 0.0259
vn -0.9706 0.2406 0.0075
vn -0.9685 0.2282 0.0997
vn -0.9150 0.4018 0.0375
vn -0.9692 0.2451 0.0249
vn -0.9767 0.1867 0.1056
vn -0.8319 0.5502 -0.0726
vn -0.6872 0.7259 0.0295
vn -0.9156 0.3962 0.0694
vn -0.8717 0.4864 0.0605
vn -0.9337 0.3105 0.1785
vn -0.9217 0.3462 0.1751
vn -0.9013 0.4301 0.0525
vn -0.7884 0.6086 0.0893
vn -0.6838 0.7296 -0.0075
vn -0.8590 0.4764 0.1876
vn -0.8040 0.5762 0.1472
vn -0.8750 0.4689 0.1203
vn -0.8726 0.4324 0.2271
vn -0.8615 0.5009 0.0830
vn -0.8606 0.4736 -0.1872
vn -0.9112 0.4038 -0.0816
vn -0.9104 0.3697 -0.1858
vn -0.8005 0.4214 -0.4262
vn -0.8555 0.4922 -0.1607
vn -0.8422 0.3439 -0.4152
vn -0.8195 0.5665 0.0863
vn -0.8564 0.4914 -0.1582
vn -0.7584 0.6503 -0.0442
vn -0.7700 0.6380 -0.0008
vn -0.6988 0.7100 -0.0872
vn -0.7412 0.6606 -0.1194
vn -0.8200 0.5574 -0.1303
vn -0.7467 0.6228 -0.2339
vn -0.8152 0.5563 -0.1613
vn -0.8365 0.4177 -0.3547
vn -0.8324 0.5074 -0.2229
vn -0.0652 -0.9373 0.3425
vn -0.0398 -0.9449 0.3250
vn -0.0084 -0.9392 0.3434
vn -0.0679 -0.9604 0.2701
vn -0.0276 -0.9699 0.2418
vn 0.0232 -0.9604 0.2778
vn -0.0286 -0.9907 0.1332
vn 0.0669 -0.9669 0.2463
vn -0.0937 -0.9674 0.2351
vn -0.0940 -0.9694 0.2268
vn -0.1726 -0.9419 0.2882
vn -0.1465 -0.9709 0.1896
vn -0.1775 -0.9638 0.1990
vn -0.0094 -0.9865 0.1633
vn 0.1639 -0.9454 0.2817
vn 0.0950 -0.9431 0.3185
vn 0.1739 -0.9490 0.2629
vn 0.1730 -0.9457 0.2753
vn 0.0922 -0.9266 0.3647
vn 0.0136 -0.9304 0.3664
vn 0.0126 -0.8973 0.4413
vn 0.0300 -0.8913 0.4523
vn 0.0277 -0.8591 0.5111
vn 0.1201 -0.9114 0.3936
vn 0.0725 -0.8895 0.4512
vn 0.0824 -0.8146 0.5742
vn 0.0928 -0.8733 0.4783
vn 0.0495 -0.8726 0.4858
vn 0.1376 -0.8340 0.5343
vn 0.1583 -0.8662 0.4740
vn 0.1703 -0.8485 0.5011
vn 0.1679 -0.9005 0.4011
vn 0.1638 -0.9086 0.3841
vn 0.1477 -0.8998 0.4106
vn 0.2218 -0.9119 0.3452
vn 0.2264 -0.9300 0.2896
vn 0.2115 -0.8345 0.5088
vn 0.2350 -0.7964 0.5572
vn 0.2992 -0.8013 0.5180
vn 0.3326 -0.7649 0.5517
vn 0.2571 -0.8497 0.4603
vn 0.3005 -0.8063 0.5095
vn 0.2574 -0.8507 0.4584
vn 0.2496 -0.8661 0.4332
vn 0.2782 -0.8787 0.3880
vn 0.2793 -0.8828 0.3778
vn 0.3516 -0.8237 0.4449
vn 0.3539 -0.8335 0.4243
vn 0.3419 -0.8064 0.4826
vn 0.3477 -0.8312 0.4340
vn 0.3550 -0.7579 0.5473
vn 0.3842 -0.7085 0.5919
vn 0.3995 -0.6935 0.5996
vn 0.4250 -0.6872 0.5892
vn 0.4297 -0.7922 0.4333
vn 0.4113 -0.6830 0.6037
vn 0.3873 -0.7547 0.5295
vn 0.4163 -0.7572 0.5033
vn 0.4213 -0.7794 0.4636
vn 0.4865 -0.6790 0.5497
vn 0.4378 -0.7443 0.5044
vn 0.5084 -0.6683 0.5431
vn 0.5091 -0.6675 0.5434
vn 0.4900 -0.7368 0.4660
vn 0.5163 -0.6989 0.4949
vn 0.4424 -0.7871 0.4299
vn 0.4920 -0.7454 0.4498
vn 0.5934 -0.6362 0.4931
vn 0.6041 -0.5930 0.5323
vn 0.5623 -0.7028 0.4357
vn 0.5977 -0.6396 0.4833
vn 0.5225 -0.7469 0.4112
vn 0.6723 -0.5621 0.4817
vn 0.6778 -0.5344 0.5050
vn 0.6391 -0.6334 0.4364
vn 0.6933 -0.5694 0.4418
vn 0.5666 -0.7175 0.4051
vn 0.5740 -0.7055 0.4157
vn 0.6429 -0.6617 0.3858
vn 0.6492 -0.6507 0.3939
vn 0.5880 -0.7368 0.3337
vn 0.5461 -0.7713 0.3270
vn 0.5076 -0.7745 0.3776
vn 0.5633 -0.7467 0.3538
vn 0.6548 -0.6777 0.3348
vn 0.6325 -0.7301 0.2587
vn 0.5258 -0.8042 0.2771
vn 0.6764 -0.6747 0.2953
vn 0.6310 -0.7309 0.2600
vn 0.6305 -0.7303 0.2629
vn 0.5273 -0.8028 0.2785
vn 0.6196 -0.7519 0.2251
vn 0.5079 -0.8118 0.2881
vn 0.4388 -0.8626 0.2519
vn 0.6848 -0.7094 0.1669
vn 0.6988 -0.6863 0.2016
vn 0.6864 -0.7105 0.1550
vn 0.4058 -0.8592 0.3118
vn 0.4668 -0.8154 0.3425
vn 0.4081 -0.8716 0.2716
vn 0.4638 -0.8041 0.3719
vn 0.4464 -0.8057 0.3894
vn 0.3495 -0.9045 0.2443
vn 0.3908 -0.8374 0.3822
vn 0.3971 -0.8701 0.2920
vn 0.3757 -0.8412 0.3889
vn 0.3149 -0.8946 0.3172
vn 0.3123 -0.8824 0.3520
vn 0.3179 -0.9152 0.2476
vn 0.2923 -0.9100 0.2940
vn 0.2960 -0.9329 0.2054
vn 0.2439 -0.9277 0.2827
vn 0.2479 -0.9493 0.1935
vn 0.7220 -0.6853 0.0949
vn 0.7117 -0.7004 0.0541
vn 0.6854 -0.7112 0.1559
vn 0.7488 -0.6540 0.1080
vn 0.7608 -0.6322 0.1466
vn 0.7546 -0.6555 0.0293
vn 0.7845 -0.6163 0.0680
vn 0.7671 -0.6226 0.1547
vn 0.7404 -0.6379 0.2117
vn 0.7360 -0.6420 0.2150
vn 0.6990 -0.6560 0.2848
vn 0.7476 -0.6627 0.0442
vn 0.7497 -0.6610 -0.0321
vn 0.7737 -0.6306 -0.0611
vn 0.7851 -0.6176 -0.0466
vn 0.7853 -0.6191 -0.0009
vn 0.8350 -0.5484 -0.0446
vn 0.8398 -0.5424 -0.0249
vn 0.8165 -0.5756 0.0447
vn 0.8811 -0.4726 0.0154
vn 0.8161 -0.5755 0.0519
vn 0.8041 -0.5906 0.0674
vn 0.8381 -0.5390 0.0835
vn 0.8516 -0.5174 0.0845
vn 0.7929 -0.5886 0.1580
vn 0.8669 -0.4851 0.1146
vn 0.8002 -0.5833 0.1395
vn 0.8310 -0.5223 0.1914
vn 0.8673 -0.4572 0.1968
vn 0.8108 -0.5630 0.1601
vn 0.8638 -0.4771 0.1621
vn 0.8746 -0.4230 0.2368
vn 0.7917 -0.5609 0.2421
vn 0.8191 -0.5185 0.2457
vn 0.7948 -0.5501 0.2563
vn 0.8412 -0.4644 0.2770
vn 0.8357 -0.4441 0.3231
vn 0.8518 -0.3966 0.3421
vn 0.7905 -0.5520 0.2653
vn 0.7869 -0.5112 0.3457
vn 0.7942 -0.4965 0.3505
vn 0.7792 -0.5621 0.2772
vn 0.7025 -0.6504 0.2887
vn 0.7174 -0.6013 0.3518
vn 0.7448 -0.5815 0.3274
vn 0.7067 -0.6148 0.3503
vn 0.7606 -0.5386 0.3624
vn 0.7169 -0.5585 0.4173
vn 0.7155 -0.5578 0.4207
vn 0.7400 -0.5150 0.4327
vn 0.7859 -0.4779 0.3923
vn 0.7412 -0.4600 0.4889
vn 0.7340 -0.4816 0.4789
vn 0.7158 -0.4590 0.5263
vn 0.7983 -0.4342 0.4173
vn 0.7724 -0.4375 0.4604
vn 0.7479 -0.3691 0.5517
vn 0.7771 -0.3764 0.5043
vn 0.7529 -0.3757 0.5404
vn 0.8158 -0.4115 0.4063
vn 0.8024 -0.3600 0.4760
vn 0.8441 -0.3910 0.3670
vn 0.8522 -0.2835 0.4397
vn 0.8257 -0.3253 0.4609
vn 0.8617 -0.2975 0.4111
vn 0.7658 -0.3331 0.5501
vn 0.8007 -0.2784 0.5304
vn 0.7338 -0.2995 0.6098
vn 0.7895 -0.2401 0.5649
vn 0.7993 -0.2841 0.5295
vn 0.7900 -0.2369 0.5654
vn 0.8622 -0.2916 0.4142
vn 0.8383 -0.2401 0.4896
vn 0.8906 -0.1566 0.4269
vn 0.8252 -0.1963 0.5296
vn 0.8421 -0.2220 0.4916
vn 0.8348 -0.1188 0.5376
vn 0.8903 -0.2486 0.3816
vn 0.8652 -0.1921 0.4631
vn 0.8686 -0.1705 0.4652
vn 0.9080 -0.1508 0.3910
vn 0.9028 -0.1176 0.4137
vn -0.7129 0.5388 -0.4489
vn -0.5649 0.3264 -0.7579
vn -0.6983 0.5351 -0.4755
vn -0.7125 0.3863 -0.5857
vn -0.7590 0.4499 -0.4707
vn -0.7701 0.4565 -0.4456
vn -0.7846 0.4802 -0.3922
vn -0.8179 0.3751 -0.4363
vn -0.7723 0.5287 -0.3520
vn -0.7243 0.5893 -0.3579
vn -0.7873 0.5685 -0.2387
vn -0.7443 0.2915 -0.6009
vn -0.6985 0.2938 -0.6525
vn -0.7300 0.2376 -0.6409
vn -0.7864 0.2347 -0.5714
vn -0.7491 0.1775 -0.6382
vn -0.6188 0.1421 -0.7726
vn -0.5397 0.1424 -0.8298
vn -0.6265 0.0869 -0.7746
vn -0.5930 0.0879 -0.8004
vn -0.5657 0.0197 -0.8244
vn -0.6737 0.0133 -0.7389
vn -0.4048 -0.0395 -0.9135
vn -0.4560 -0.0452 -0.8888
vn -0.6195 0.1845 -0.7630
vn -0.3865 -0.1307 -0.9130
vn -0.3938 -0.2173 -0.8931
vn -0.2862 -0.2407 -0.9275
vn -0.4684 -0.1152 -0.8760
vn -0.2309 -0.2071 -0.9507
vn -0.3988 -0.0999 -0.9116
vn -0.2067 -0.2076 -0.9561
vn -0.2904 -0.1520 -0.9447
vn -0.1535 -0.2269 -0.9617
vn -0.4355 -0.0286 -0.8997
vn -0.3298 -0.0939 -0.9394
vn -0.4887 0.0729 -0.8694
vn -0.2373 -0.1462 -0.9604
vn -0.3205 -0.0969 -0.9423
vn -0.1891 -0.1547 -0.9697
vn -0.4888 0.0729 -0.8693
vn -0.3588 -0.0283 -0.9330
vn -0.2515 -0.0867 -0.9640
vn -0.3364 -0.0265 -0.9414
vn -0.2473 -0.0284 -0.9685
vn -0.3813 0.1243 -0.9161
vn -0.4491 0.1080 -0.8869
vn -0.3935 0.1945 -0.8985
vn -0.5535 0.2012 -0.8082
vn -0.5031 0.3068 -0.8079
vn -0.4657 0.1465 -0.8727
vn -0.5372 0.4213 -0.7307
vn -0.6377 0.3227 -0.6995
vn -0.5670 0.4341 -0.7001
vn -0.5791 0.2811 -0.7652
vn -0.6979 0.4262 -0.5756
vn -0.6235 0.5251 -0.5792
vn -0.6221 0.5911 -0.5135
vn -0.5093 0.5965 -0.6203
vn -0.5452 0.7055 -0.4528
vn -0.6307 0.6107 -0.4788
vn -0.5746 0.7132 -0.4016
vn -0.6458 0.6147 -0.4528
vn -0.5808 0.7438 -0.3308
vn -0.6609 0.6559 -0.3647
vn -0.6180 0.7231 -0.3084
vn -0.7134 0.6343 -0.2977
vn -0.7148 0.6394 -0.2833
vn -0.6468 0.7218 -0.2462
vn -0.7389 0.6266 -0.2476
vn -0.7414 0.6542 -0.1494
vn -0.6374 0.7403 -0.2137
vn -0.6398 0.7395 -0.2092
vn -0.5618 0.7658 -0.3129
vn -0.4871 0.7845 -0.3838
vn -0.4622 0.8181 -0.3422
vn -0.5394 0.8042 -0.2496
vn -0.5675 0.7933 -0.2208
vn -0.4628 0.8296 -0.3123
vn -0.4924 0.8367 -0.2395
vn -0.3880 0.8824 -0.2662
vn -0.4138 0.8859 -0.2098
vn -0.4796 0.8491 -0.2212
vn -0.3950 0.8993 -0.1878
vn -0.4322 0.8855 -0.1707
vn -0.4928 0.8506 -0.1831
vn -0.4793 0.8693 -0.1211
vn -0.5415 0.8215 -0.1786
vn -0.5252 0.8329 -0.1747
vn -0.6172 0.7688 -0.1674
vn -0.4992 0.8575 -0.1244
vn -0.5320 0.8337 -0.1480
vn -0.6593 0.7413 -0.1258
vn -0.5904 0.8034 -0.0775
vn -0.6340 0.7607 -0.1394
vn -0.4084 0.4713 -0.7817
vn -0.5889 0.4601 -0.6645
vn -0.6488 0.6747 -0.3519
vn 0.1884 0.9724 0.1379
vn -0.4895 0.8720 -0.0010
vn -0.4491 0.8308 -0.3288
vn -0.6994 0.7001 -0.1435
vn 0.1087 0.9939 0.0177
vn -0.2775 0.9585 0.0657
vn 0.3602 0.5475 -0.7553
vn 0.1945 0.7551 -0.6261
vn -0.4726 0.8746 0.1085
vn -0.5863 0.8034 0.1037
vn -0.2973 0.9535 0.0489
vn -0.4205 0.8331 0.3593
vn 0.6249 0.7521 -0.2091
vn -0.5789 0.7660 0.2794
vn -0.5130 0.8363 0.1935
vn -0.0688 0.8995 0.4315
vn 0.7148 0.6637 -0.2203
vn 0.0958 0.8389 0.5358
vn 0.8168 0.5757 0.0367
vn 0.2536 0.8826 0.3960
vn -0.2552 0.8411 0.4769
vn -0.4740 0.7221 0.5039
vn 0.0812 0.9942 0.0699
vn 0.4709 0.8022 -0.3671
vn 0.8944 0.2352 -0.3804
vn -0.0274 0.9971 0.0716
vn -0.2921 0.8506 0.4372
vn -0.3811 0.8734 -0.3033
vn -0.0389 0.5584 -0.8286
vn -0.4618 0.8213 0.3351
vn -0.6559 0.6842 0.3188
vn -0.4583 0.8336 -0.3084
vn -0.5336 0.8257 -0.1832
vn -0.0403 0.5499 -0.8342
vn -0.5669 0.7260 0.3892
vn -0.7869 0.5226 -0.3281
vn -0.4928 0.4911 -0.7183
vn -0.3302 0.4563 -0.8263
vn -0.7823 0.5449 -0.3018
vn -0.5132 0.4850 -0.7081
vn -0.8289 0.5156 0.2171
vn -0.7992 0.5746 0.1762
vn -0.7948 0.5977 -0.1053
vn -0.9152 0.4026 0.0185
vn -0.8699 0.3803 -0.3140
vn -0.8804 0.4736 0.0217
vn -0.5480 0.7763 -0.3114
vn -0.5924 0.3523 -0.7246
vn -0.8685 0.3602 -0.3405
vn -0.7275 0.6158 -0.3025
vn -0.1622 0.7410 -0.6516
vn -0.7935 0.2991 -0.5300
vn -0.9687 0.2280 -0.0985
vn -0.8905 0.2351 -0.3896
vn -0.6265 0.4075 -0.6644
vn -0.8512 0.1724 -0.4957
vn -0.7621 0.1424 -0.6316
vn -0.9089 -0.0327 -0.4157
vn -0.9764 0.0834 -0.1992
vn -0.9138 -0.0481 -0.4034
vn -0.9841 0.0760 -0.1604
vn -0.9068 -0.0894 -0.4119
vn -0.9624 -0.2335 -0.1386
vn -0.6635 0.0565 -0.7461
vn -0.0900 0.1352 -0.9867
vn -0.9143 -0.0122 -0.4049
vn -0.7972 -0.0551 -0.6012
vn -0.0135 0.1932 -0.9811
vn 0.0585 -0.1080 -0.9924
vn -0.6435 -0.2666 -0.7175
vn -0.9509 -0.2462 -0.1876
vn -0.6051 -0.3872 -0.6957
vn -0.9491 -0.2399 -0.2041
vn -0.3372 -0.0586 -0.9396
vn -0.0467 0.0336 -0.9983
vn -0.3464 -0.5794 -0.7378
vn 0.0507 -0.2477 -0.9675
vn 0.0945 -0.3560 -0.9297
vn 0.3569 -0.1384 -0.9238
vn -0.3291 -0.6113 -0.7197
vn -0.4439 -0.6642 -0.6015
vn 0.4618 -0.5426 -0.7016
vn 0.2769 0.1225 -0.9531
vn 0.3499 0.1997 -0.9153
vn 0.3024 -0.1325 -0.9439
vn 0.4982 -0.1051 -0.8606
vn 0.7898 0.1432 -0.5964
vn 0.8579 0.4445 -0.2578
vn 0.4995 -0.1054 -0.8599
vn 0.8504 -0.0630 -0.5224
vn 0.9351 -0.0279 -0.3534
vn 0.8646 -0.0441 -0.5005
vn 0.8250 0.0810 -0.5593
vn 0.8941 0.1241 -0.4304
vn 0.7051 -0.1996 -0.6804
vn 0.7717 0.1015 -0.6278
vn 0.4913 -0.3370 -0.8032
vn 0.7000 -0.1689 -0.6938
vn 0.6931 0.1980 -0.6931
vn 0.4677 -0.0149 -0.8837
vn 0.2497 -0.5402 -0.8036
vn 0.5430 0.2535 -0.8006
vn 0.1607 0.0944 -0.9825
vn -0.0379 0.3522 -0.9352
vn 0.1734 0.2446 -0.9540
vn -0.1125 0.3064 -0.9453
vn -0.5401 0.4594 -0.7051
vn -0.4930 0.3867 -0.7794
vn -0.4266 0.3887 -0.8167
vn -0.1026 -0.0287 -0.9943
vn -0.0332 -0.0661 -0.9973
vn -0.0631 -0.5926 -0.8030
vn -0.2665 -0.1664 -0.9493
vn -0.4435 -0.4141 -0.7949
vn -0.7049 0.1163 -0.6997
vn -0.5124 -0.4437 -0.7352
vn -0.6162 -0.1403 -0.7750
vn -0.3072 -0.4894 -0.8161
vn -0.4824 0.1665 -0.8600
vn -0.8907 -0.0374 -0.4531
vn -0.3464 0.2773 -0.8962
vn -0.6571 0.0670 -0.7508
vn -0.6898 0.4108 -0.5962
vn -0.2854 -0.2174 -0.9334
vn -0.3480 0.3419 -0.8729
vn -0.1225 0.4869 -0.8648
vn -0.2707 0.6323 -0.7259
vn 0.2566 0.8025 -0.5386
vn 0.0747 0.9077 -0.4128
vn 0.2816 0.3804 -0.8809
vn 0.1984 0.6289 -0.7518
vn 0.3160 0.4046 -0.8582
vn 0.4606 0.1801 -0.8692
vn 0.7293 0.0436 -0.6828
vn 0.7537 0.2616 -0.6030
vn 0.6384 0.1759 -0.7494
vn 0.5519 0.6891 -0.4695
vn 0.6045 0.4540 -0.6546
vn 0.5164 0.8332 -0.1977
vn 0.7244 0.5551 -0.4088
vn 0.4987 0.8439 -0.1975
vn 0.8378 0.3295 -0.4352
vn 0.7619 0.6070 -0.2260
vn 0.9384 -0.2155 -0.2699
vn 0.7089 0.6601 0.2485
vn 0.8842 0.4664 -0.0243
vn 0.9325 -0.1537 -0.3267
vn 0.9192 0.3543 -0.1721
vn 0.9013 -0.2436 -0.3581
vn 0.3690 -0.6609 -0.6535
vn 0.8393 -0.3754 -0.3932
vn 0.9745 -0.1260 -0.1858
vn 0.2837 -0.6309 -0.7221
vn 0.6621 -0.3383 -0.6687
vn 0.9857 0.0816 -0.1475
vn 0.8283 0.5349 0.1669
vn 0.9537 0.2857 -0.0935
vn 0.7636 0.6325 0.1299
vn 0.7343 0.6331 0.2450
vn 0.9626 0.2623 -0.0678
vn 0.9263 0.1145 -0.3590
vn 0.9007 0.2055 -0.3828
vn 0.8939 0.4438 -0.0630
vn 0.7865 0.5657 0.2476
vn 0.8425 0.2662 -0.4684
vn 0.8293 0.4143 -0.3749
vn 0.9006 0.0090 -0.4346
vn 0.9002 0.0121 -0.4354
vn 0.7941 0.2293 -0.5628
vn 0.7662 0.1427 -0.6266
vn 0.7928 -0.0900 -0.6028
vn 0.6813 -0.4493 -0.5779
vn 0.4742 -0.1052 -0.8741
vn 0.0879 -0.2920 -0.9524
vn 0.4938 0.0186 -0.8694
vn 0.7130 0.5219 -0.4682
vn 0.5141 0.3877 -0.7651
vn 0.1889 -0.2696 -0.9443
vn 0.0659 -0.6471 -0.7595
vn -0.2151 -0.4582 -0.8624
vn -0.1189 -0.2410 -0.9632
vn -0.4298 -0.4704 -0.7707
vn -0.2306 -0.4547 -0.8603
vn -0.2304 -0.4536 -0.8609
vn 0.1661 -0.1399 -0.9761
vn -0.1273 0.0316 -0.9914
vn 0.0301 -0.0057 -0.9995
vn -0.1567 -0.1086 -0.9817
vn 0.1418 0.2544 -0.9567
vn 0.2640 0.3230 -0.9088
vn 0.0817 0.2444 -0.9662
vn -0.1347 0.0231 -0.9906
vn -0.5668 -0.2700 -0.7783
vn -0.0867 0.3447 -0.9347
vn -0.6018 -0.0622 -0.7962
vn -0.3821 0.3223 -0.8661
vn -0.5090 0.0518 -0.8592
vn -0.6236 0.0287 -0.7812
vn -0.5788 0.2382 -0.7799
vn 0.4194 0.4008 -0.8145
vn -0.6064 -0.2030 -0.7688
vn -0.4332 -0.1191 -0.8934
vn -0.7867 -0.1884 -0.5878
vn -0.4513 -0.0354 -0.8917
vn -0.6868 0.0020 -0.7269
vn -0.1935 0.3554 -0.9145
vn -0.8435 -0.0151 -0.5369
vn -0.2289 0.5652 -0.7926
vn 0.3407 0.6769 -0.6525
vn -0.1934 0.5527 -0.8106
vn -0.7655 -0.0805 -0.6384
vn -0.6757 0.4153 -0.6091
vn -0.0030 0.9886 0.1506
vn -0.8006 0.5120 -0.3113
vn 0.3723 0.7005 -0.6089
vn 0.0861 0.9669 0.2404
vn 0.7244 0.6053 -0.3299
vn 0.6454 0.6937 -0.3199
vn 0.6989 0.6559 0.2853
vn 0.4406 0.8918 0.1031
vn 0.4561 0.7485 0.4813
vn 0.0627 0.9862 0.1532
vn 0.1325 0.9701 0.2034
vn 0.4493 0.7489 0.4872
vn 0.1950 0.8399 0.5065
vn 0.4091 0.8152 0.4099
vn 0.5078 0.8199 0.2645
vn -0.0392 0.8245 0.5645
vn -0.2371 0.8926 0.3836
vn 0.2584 0.9383 0.2299
vn 0.2503 0.9531 0.1705
vn 0.3863 0.9209 0.0517
vn 0.5197 0.4327 -0.7366
vn -0.0034 0.9731 0.2302
vn 0.3609 0.8968 -0.2558
vn 0.5785 0.4777 -0.6612
vn -0.0778 0.9799 -0.1835
vn 0.3659 0.4972 -0.7867
vn -0.1247 0.5779 -0.8065
vn 0.0715 0.6464 -0.7597
vn -0.6938 0.6266 -0.3549
vn -0.5764 0.7166 -0.3929
vn -0.4267 0.3854 -0.8182
vn -0.6148 0.7643 -0.1948
vn -0.7733 0.1139 -0.6237
vn -0.8632 0.4988 -0.0780
vn -0.9281 0.0179 -0.3719
vn -0.8918 0.4088 -0.1939
vn 0.2484 0.9282 0.2770
vn -0.1876 -0.3665 0.9113
vn 0.2490 0.9269 0.2807
vn 0.2373 0.8744 -0.4232
vn 0.0463 0.9669 0.2508
vn 0.2751 0.9611 -0.0238
vn 0.0388 0.9871 0.1556
vn -0.0463 0.9744 0.2199
vn 0.1160 0.9845 -0.1319
vn 0.1763 0.9477 -0.2660
vn -0.1150 0.9925 0.0424
vn -0.0088 0.9860 -0.1668
vn 0.2337 -0.0661 -0.9701
vn 0.1131 0.9818 -0.1528
vn 0.1356 0.8801 -0.4549
vn 0.0676 0.9174 -0.3922
vn 0.3243 0.2984 -0.8977
vn -0.3113 0.9494 0.0407
vn 0.3964 0.4970 -0.7719
vn 0.1510 0.8655 -0.4776
vn -0.2835 0.9587 -0.0243
vn 0.1935 0.8618 -0.4688
vn 0.3160 0.7929 -0.5210
vn 0.1827 0.8359 -0.5176
vn 0.1927 0.8345 -0.5162
vn 0.0998 0.9742 -0.2026
vn -0.1655 0.9854 0.0394
vn 0.1638 0.8917 -0.4220
vn 0.0561 0.8985 -0.4355
vn 0.4765 0.2791 -0.8337
vn 0.3607 0.7423 -0.5647
vn 0.3663 0.7508 -0.5496
vn 0.4183 0.4850 -0.7680
vn 0.2424 0.7535 -0.6111
vn 0.3370 0.8900 -0.3070
vn 0.2890 0.6555 -0.6978
vn 0.2285 0.7979 -0.5577
vn 0.1066 0.7457 -0.6577
vn 0.1939 0.6211 -0.7594
vn 0.3362 0.4847 -0.8074
vn 0.1937 0.6251 -0.7561
vn 0.1901 0.2170 -0.9575
vn 0.2337 0.5370 -0.8105
vn 0.1676 0.2757 -0.9465
vn 0.1323 0.7095 -0.6921
vn 0.1651 0.7251 -0.6686
vn 0.3156 0.7661 -0.5598
vn 0.2238 0.6794 -0.6988
vn 0.1067 0.2166 -0.9704
vn 0.1062 0.2151 -0.9708
vn -0.0585 0.2085 -0.9763
vn 0.4292 0.8825 0.1926
vn 0.0238 0.2681 -0.9631
vn 0.4580 0.8487 0.2643
vn 0.2167 0.5199 -0.8263
vn 0.2227 0.5156 -0.8274
vn -0.2651 0.2216 -0.9384
vn 0.6169 0.7124 0.3346
vn -0.0645 0.4079 -0.9108
vn 0.4299 0.9028 -0.0109
vn 0.3581 0.9260 -0.1192
vn 0.2456 0.7200 -0.6491
vn 0.2095 0.8257 -0.5238
vn 0.5197 0.8385 -0.1640
vn 0.3019 0.8690 -0.3921
vn 0.3646 0.8267 -0.4285
vn 0.2547 0.8673 -0.4277
vn 0.1249 0.9259 -0.3564
vn 0.1780 0.8709 -0.4581
vn 0.2883 0.9564 -0.0475
vn 0.1777 0.9826 -0.0540
vn 0.1617 0.8234 -0.5440
vn 0.3100 0.9480 -0.0727
vn -0.0006 0.8902 -0.4555
vn 0.3743 0.7694 -0.5176
vn 0.4541 0.8891 -0.0575
vn 0.4844 0.8556 -0.1823
vn 0.6135 0.7065 0.3527
vn 0.5433 0.7903 -0.2831
vn 0.7108 0.6885 0.1441
vn 0.7068 0.7022 0.0859
vn 0.2336 0.7046 -0.6701
vn 0.2564 0.5952 -0.7616
vn 0.5693 0.8023 -0.1796
vn 0.4008 0.7565 -0.5168
vn 0.7467 0.6520 -0.1321
vn 0.5827 0.7146 -0.3870
vn 0.8087 0.5835 -0.0741
vn 0.2657 0.6949 -0.6682
vn 0.4909 0.6942 -0.5263
vn 0.3587 0.6771 -0.6425
vn 0.6203 0.6450 -0.4463
vn 0.5614 0.6568 -0.5034
vn 0.4966 0.6794 -0.5402
vn 0.3827 0.7049 -0.5972
vn 0.3494 0.7591 -0.5494
vn 0.5108 0.6795 -0.5267
vn 0.4410 0.7229 -0.5319
vn 0.5383 0.7014 -0.4672
vn 0.4881 0.7716 -0.4080
vn 0.3801 0.8490 -0.3669
vn 0.6160 0.6950 -0.3709
vn 0.6198 0.6967 -0.3613
vn 0.5486 0.7719 -0.3212
vn 0.6304 0.6733 -0.3863
vn 0.5645 0.6680 -0.4848
vn 0.6383 0.6709 -0.3774
vn 0.6652 0.7152 -0.2144
vn 0.5952 0.7898 -0.1483
vn 0.5479 0.8038 -0.2316
vn 0.5495 0.7436 -0.3809
vn 0.5710 0.7182 -0.3978
vn 0.5110 0.8382 -0.1904
vn 0.4279 0.7437 -0.5136
vn 0.4045 0.8670 -0.2911
vn 0.4574 0.8003 -0.3877
vn 0.4325 0.8988 -0.0715
vn 0.4580 0.8002 -0.3872
vn 0.4962 0.8609 -0.1126
vn 0.2492 0.9232 -0.2927
vn 0.4913 0.8292 0.2665
vn 0.5364 0.8239 0.1830
vn -0.0345 0.9933 0.1106
vn 0.5657 0.7239 0.3949
vn 0.0599 0.5408 -0.8390
vn 0.0569 0.5370 -0.8417
vn -0.5275 0.5401 -0.6558
vn -0.4172 0.3408 -0.8425
vn 0.1631 0.9128 0.3744
vn -0.4950 0.6161 -0.6128
vn -0.0146 0.7007 0.7133
vn 0.7206 0.6899 0.0693
vn 0.1043 0.4714 0.8757
vn 0.6851 0.6790 0.2638
vn 0.6065 0.7845 0.1296
vn 0.1401 0.4558 0.8790
vn 0.7201 0.6466 0.2515
vn 0.7561 0.5372 -0.3738
vn 0.8781 0.4781 -0.0174
vn 0.7113 0.5054 -0.4885
vn -0.0538 0.4050 -0.9127
vn 0.8765 0.4811 -0.0177
vn 0.8968 0.3635 -0.2523
vn -0.0560 0.4018 -0.9140
vn 0.7731 0.6015 -0.2013
vn -0.2490 0.2164 -0.9440
vn 0.6931 0.7154 -0.0888
vn 0.7619 0.6145 -0.2046
vn 0.5429 0.8224 -0.1702
vn 0.8048 0.4673 0.3659
vn 0.1414 0.4664 0.8732
vn 0.2344 0.3448 0.9089
vn 0.7083 0.5186 0.4789
vn 0.7412 0.6686 0.0603
vn 0.7694 0.6085 -0.1941
vn 0.4388 0.5676 0.6967
vn 0.7378 0.6678 0.0982
vn 0.7499 0.6023 0.2735
vn 0.4288 0.5598 0.7090
vn 0.5797 0.7836 -0.2235
vn 0.5319 0.8378 0.1232
vn 0.6140 0.7795 0.1237
vn 0.5890 0.7737 -0.2334
vn 0.3829 0.9077 -0.1716
vn 0.3097 0.9453 -0.1021
vn 0.3967 0.8898 -0.2257
vn 0.3651 0.9060 -0.2141
vn 0.2064 0.9636 -0.1698
vn 0.0848 0.9887 -0.1232
vn 0.2691 0.9193 -0.2873
vn 0.2053 0.9439 -0.2587
vn 0.0966 0.9881 -0.1200
vn 0.2527 0.8452 -0.4709
vn 0.2531 0.8555 -0.4518
vn -0.0385 0.9949 -0.0927
vn 0.0409 0.9661 -0.2548
vn -0.1360 0.9768 -0.1652
vn 0.0631 0.9561 -0.2862
vn 0.0958 0.8789 0.4673
vn 0.0735 0.7587 0.6473
vn -0.2192 0.9613 -0.1671
vn -0.1357 0.9657 -0.2213
vn -0.1141 0.9631 -0.2436
vn -0.1324 0.9680 0.2134
vn -0.0137 0.6124 0.7904
vn -0.4059 0.9081 -0.1030
vn -0.2481 0.9053 -0.3448
vn -0.1713 0.9492 0.2640
vn 0.0955 0.7974 -0.5959
vn 0.0004 0.6030 0.7977
vn 0.5631 0.2708 -0.7807
vn -0.3881 0.9186 0.0751
vn 0.1470 0.8600 -0.4887
vn -0.1241 0.4700 0.8739
vn -0.0055 0.6233 0.7819
vn -0.5619 0.8192 -0.1153
vn 0.0412 0.7960 0.6039
vn 0.0492 0.7962 0.6031
vn -0.3265 0.9225 0.2058
vn -0.1572 0.7178 0.6782
vn 0.3298 0.7729 -0.5421
vn 0.0842 0.9865 0.1403
vn 0.4799 0.5902 -0.6491
vn 0.5515 0.2425 -0.7982
vn 0.0944 0.9830 0.1573
vn 0.0056 0.8783 0.4781
vn 0.4861 0.8608 -0.1505
vn 0.6393 0.7180 0.2754
vn 0.7582 0.5201 -0.3931
vn 0.6403 0.1699 -0.7491
vn 0.7572 0.3558 -0.5478
vn 0.7006 0.6548 0.2836
vn 0.7328 0.6722 0.1055
vn 0.0308 0.3903 0.9202
vn 0.0682 0.3013 0.9511
vn 0.7360 0.5992 0.3149
vn -0.2394 0.8875 -0.3936
vn 0.8697 -0.0688 0.4887
vn -0.1147 0.9201 0.3745
vn 0.5064 0.7841 -0.3589
vn 0.4560 0.7061 0.5417
vn 0.3181 0.9476 -0.0286
vn 0.3111 0.9433 -0.1158
vn 0.4519 0.8890 0.0737
vn 0.3011 0.8585 0.4150
vn 0.3652 0.9107 -0.1932
vn 0.4620 0.8839 0.0725
vn 0.3615 0.9014 -0.2383
vn 0.3183 0.8903 -0.3257
vn 0.5116 0.8505 0.1220
vn 0.5837 0.8026 0.1227
vn 0.6062 0.7938 0.0488
vn 0.4908 0.8456 -0.2100
vn 0.7308 0.6769 -0.0877
vn 0.5841 0.7245 -0.3659
vn 0.4160 0.7784 -0.4702
vn 0.6218 0.7507 -0.2232
vn 0.4541 0.7672 -0.4530
vn 0.3150 0.7662 -0.5601
vn 0.7017 0.5687 -0.4291
vn 0.6046 0.6142 -0.5072
vn 0.5388 0.5447 -0.6426
vn 0.7460 0.5171 -0.4197
vn 0.5288 0.5973 -0.6031
vn 0.6671 0.4587 -0.5870
vn 0.4430 0.5912 -0.6740
vn 0.3053 0.6266 -0.7170
vn 0.6630 0.5684 -0.4871
vn 0.5293 0.5372 -0.6568
vn 0.5509 0.7008 -0.4532
vn 0.3425 0.7115 -0.6135
vn 0.4266 -0.5383 -0.7268
vn 0.3769 0.7818 -0.4967
vn 0.4026 0.7632 -0.5054
vn 0.3610 0.8428 -0.3992
vn 0.4278 0.7987 -0.4230
vn 0.2678 0.9156 -0.3000
vn 0.4027 0.7159 -0.5704
vn 0.1982 0.8265 -0.5270
vn 0.2060 0.7745 -0.5981
vn 0.2721 0.9191 -0.2851
vn 0.2948 0.8921 -0.3423
vn 0.2602 0.9651 -0.0295
vn 0.2114 0.7828 -0.5852
vn 0.2341 0.9023 -0.3620
vn 0.2390 0.9551 -0.1748
vn 0.2380 0.9662 -0.0994
vn 0.3018 0.9534 -0.0046
vn 0.2278 0.9669 -0.1148
vn 0.2356 0.9038 -0.3574
vn 0.3400 0.9404 0.0109
vn 0.3554 0.8853 -0.2998
vn 0.2753 0.8931 -0.3558
vn 0.3043 0.8486 -0.4327
vn 0.3235 0.9313 -0.1675
vn 0.3519 0.8479 -0.3965
vn 0.3973 0.8085 -0.4342
vn 0.4008 0.8781 -0.2615
vn 0.5029 0.8321 -0.2341
vn 0.3958 0.8876 -0.2355
vn 0.4549 0.8478 -0.2726
vn 0.5521 0.7746 -0.3086
vn 0.5818 0.7699 -0.2624
vn 0.5425 0.8255 -0.1555
vn 0.5196 0.8394 -0.1593
vn 0.4524 0.8909 -0.0401
vn 0.4844 0.8744 -0.0287
vn 0.3768 0.9257 0.0343
vn 0.3563 0.9336 0.0378
vn 0.3470 0.9204 0.1800
vn 0.3893 0.8848 0.2561
vn 0.4525 0.8757 0.1687
vn 0.5187 0.8532 0.0559
vn 0.4396 0.8572 0.2682
vn 0.5478 0.8326 0.0815
vn 0.5162 0.7750 0.3646
vn 0.9659 -0.1180 0.2306
vn 0.9170 -0.1182 0.3811
vn 0.3426 -0.6054 0.7184
vn 0.6187 -0.3473 0.7047
vn 0.5539 -0.4555 0.6969
vn 0.5740 -0.3478 0.7413
vn 0.1581 -0.5836 0.7965
vn -0.1068 -0.5153 0.8503
vn 0.4163 -0.6089 0.6752
vn 0.3834 -0.7127 0.5874
vn 0.1785 -0.8178 0.5472
vn -0.1557 -0.7044 0.6925
vn -0.1793 -0.7840 0.5943
vn -0.1712 -0.6976 0.6957
vn 0.2543 -0.8246 0.5053
vn 0.0373 -0.8577 0.5128
vn 0.1969 -0.9318 0.3050
vn 0.8368 -0.5211 0.1682
vn -0.1625 -0.8300 0.5336
vn -0.3717 -0.5013 0.7814
vn -0.3472 -0.6235 0.7005
vn -0.3396 -0.6814 0.6484
vn 0.6342 -0.7668 0.0993
vn 0.9060 -0.4228 0.0201
vn 0.8849 -0.4604 -0.0713
vn 0.7719 -0.6257 -0.1124
vn 0.6994 -0.7123 0.0595
vn 0.5611 -0.8276 -0.0127
vn 0.8102 -0.5675 -0.1465
vn 0.6625 -0.7385 -0.1251
vn 0.7889 -0.5655 -0.2407
vn 0.4519 -0.8704 -0.1954
vn 0.6008 -0.7934 -0.0977
vn 0.5256 -0.8064 -0.2711
vn 0.1154 -0.9730 -0.2000
vn 0.0680 -0.9890 0.1313
vn 0.0944 -0.9407 0.3260
vn -0.0374 -0.9992 -0.0122
vn 0.1612 -0.9686 -0.1894
vn 0.0428 -0.9991 -0.0007
vn 0.0404 -0.9895 0.1384
vn -0.0764 -0.9970 0.0107
vn -0.2054 -0.9714 -0.1189
vn -0.2904 -0.9465 0.1411
vn -0.3200 -0.9471 -0.0242
vn -0.3494 -0.8897 0.2938
vn -0.2529 -0.9636 -0.0871
vn -0.2561 -0.9641 -0.0698
vn -0.0283 -0.8504 0.5254
vn -0.3699 -0.9260 0.0756
vn -0.3118 -0.9060 0.2864
vn -0.3148 -0.9458 0.0794
vn -0.4283 -0.8825 0.1944
vn -0.1732 -0.9563 0.2356
vn -0.1730 -0.9846 0.0237
vn -0.1561 -0.9849 -0.0753
vn -0.1845 -0.9553 0.2312
vn -0.4083 -0.7935 0.4512
vn -0.3545 -0.8617 0.3631
vn -0.4171 -0.7856 0.4569
vn -0.2805 -0.8914 0.3560
vn -0.1757 -0.9503 0.2570
vn -0.1424 -0.8668 0.4780
vn 0.1347 -0.9140 0.3827
vn -0.1499 -0.8318 0.5345
vn -0.1498 -0.8318 0.5345
vn -0.3466 -0.6938 0.6312
vn -0.1587 -0.7857 0.5979
vn -0.3502 -0.6628 0.6619
vn 0.2083 -0.7906 0.5759
vn -0.0747 -0.7526 0.6542
vn 0.1996 -0.7068 0.6786
vn -0.0876 -0.6669 0.7400
vn -0.0891 -0.6664 0.7402
vn 0.1669 -0.6225 0.7646
vn 0.3172 -0.6268 0.7117
vn -0.1011 -0.5682 0.8167
vn -0.1932 -0.5383 0.8203
vn 0.1590 -0.5087 0.8461
vn 0.1796 -0.5104 0.8410
vn 0.6247 -0.4622 0.6293
vn 0.6145 -0.3063 0.7270
vn 0.1968 -0.7906 0.5799
vn -0.1965 -0.5075 0.8389
vn 0.2059 -0.8813 0.4254
vn -0.3424 -0.4448 0.8276
vn 0.0230 -0.9279 0.3721
vn 0.6098 -0.5933 0.5256
vn 0.6039 -0.4728 0.6417
vn 0.8208 -0.4626 0.3351
vn -0.3427 -0.4413 0.8293
vn -0.1168 -0.6971 0.7074
vn -0.1011 -0.4496 0.8875
vn 0.1697 -0.3865 0.9066
vn -0.1082 -0.3489 0.9309
vn -0.1821 -0.3299 0.9263
vn 0.3086 -0.2801 0.9090
vn 0.1839 -0.2720 0.9446
vn -0.1869 -0.2482 0.9505
vn 0.1784 -0.1519 0.9722
vn -0.3604 -0.3194 0.8764
vn -0.3487 -0.2967 0.8891
vn -0.1644 -0.2646 0.9503
vn -0.0169 -0.3550 0.9347
vn 0.6359 -0.1785 0.7508
vn 0.6938 -0.1661 0.7008
vn -0.0065 -0.1360 0.9907
vn -0.3536 -0.1957 0.9147
vn 0.6931 0.0236 0.7204
vn 0.0521 -0.1348 0.9895
vn 0.8401 0.0359 0.5413
vn 0.3161 0.1215 0.9409
vn 0.1637 0.0933 0.9821
vn 0.0523 0.0895 0.9946
vn 0.1623 -0.1607 0.9736
vn -0.3075 -0.1500 0.9397
vn -0.1680 -0.1897 0.9674
vn -0.3134 0.0090 0.9496
vn -0.3096 -0.1552 0.9381
vn -0.0383 -0.0961 0.9946
vn -0.1569 0.0427 0.9867
vn -0.0384 0.0235 0.9990
vn 0.2322 -0.0156 0.9725
vn 0.2335 0.0998 0.9672
vn 0.3418 -0.0273 0.9394
vn -0.2365 0.0634 0.9696
vn -0.1574 0.0065 0.9875
vn -0.2120 0.1135 0.9707
vn -0.2046 0.2670 0.9417
vn 0.0761 0.1715 0.9822
vn 0.1339 0.3543 0.9255
vn 0.1642 0.5602 0.8119
vn 0.0452 0.2971 0.9538
vn 0.0862 0.2895 0.9533
vn 0.0581 0.4084 0.9109
vn 0.3455 0.2395 0.9073
vn 0.3553 0.3479 0.8676
vn 0.4124 0.2256 0.8826
vn 0.5128 0.4761 0.7144
vn 0.5236 0.5794 0.6246
vn 0.5562 0.4572 0.6940
vn 0.5574 0.2608 0.7882
vn 0.8073 0.4353 0.3985
vn 0.8416 0.1780 0.5099
vn 0.6831 0.6117 0.3991
vn 0.5984 0.6757 0.4305
vn 0.8177 0.5757 -0.0025
vn 0.8589 0.4926 0.1405
vn 0.8224 0.5688 -0.0071
vn 0.8594 0.4325 0.2728
vn 0.8345 0.5232 0.1729
vn 0.1316 0.0333 0.9907
vn 0.8722 0.4231 0.2456
vn 0.9067 0.2897 0.3065
vn 0.5941 0.0228 0.8041
vn 0.6033 -0.1466 0.7839
vn 0.7711 -0.0852 0.6310
vn 0.8471 0.1605 0.5066
vn 0.7174 -0.1268 0.6851
vn 0.8655 0.0544 0.4980
vn 0.9052 0.3825 0.1851
vn 0.9261 0.2727 0.2606
vn 0.9605 0.2152 0.1762
vn 0.9145 0.3745 -0.1534
vn 0.9116 0.3803 -0.1563
vn 0.9704 0.2134 0.1134
vn 0.9159 0.3762 -0.1399
vn 0.9558 -0.0299 0.2924
vn 0.6100 -0.3683 0.7016
vn 0.9745 0.1420 0.1737
vn 0.9712 0.2073 0.1173
vn 0.9417 -0.1620 0.2949
vn 0.9639 -0.0900 0.2506
vn 0.9019 -0.2791 0.3297
vn 0.1914 -0.8283 0.5265
vn 0.9909 0.0476 0.1262
vn 0.9819 0.1686 0.0858
vn 0.9050 -0.3714 0.2076
vn 0.7746 -0.5834 0.2442
vn 0.9926 0.0227 0.1195
vn 0.9161 -0.3474 0.2002
vn 0.6398 -0.7324 0.2330
vn 0.3789 -0.8947 0.2365
vn 0.9216 -0.3825 0.0661
vn 0.2690 -0.9416 0.2024
vn -0.0685 -0.9824 0.1739
vn 0.6467 -0.7527 0.1234
vn 0.2768 -0.9551 0.1055
vn 0.7617 -0.6456 0.0546
vn -0.0549 -0.9950 0.0830
vn 0.9302 -0.3615 0.0633
vn 0.9920 0.1016 0.0747
vn 0.0362 -0.9976 0.0594
vn 0.2271 -0.9712 0.0726
vn 0.6944 -0.7192 0.0252
vn 0.3680 -0.9298 0.0017
vn 0.6970 -0.7095 -0.1039
vn 0.9296 -0.3642 -0.0563
vn 0.2748 -0.9594 -0.0642
vn 0.0534 -0.9960 -0.0715
vn 0.5667 -0.8090 -0.1561
vn 0.4574 -0.8742 -0.1630
vn -0.0066 -0.9954 -0.0951
vn -0.1245 -0.9878 -0.0935
vn 0.4729 -0.8669 -0.1576
vn 0.0932 -0.9826 -0.1609
vn 0.7712 -0.5857 -0.2496
vn -0.1129 -0.9801 -0.1634
vn 0.1914 -0.9290 -0.3167
vn 0.6888 -0.6557 -0.3091
vn 0.1065 -0.9578 -0.2668
vn 0.3598 -0.8902 -0.2795
vn 0.0526 -0.9549 -0.2921
vn 0.0133 -0.9579 -0.2869
vn -0.1901 -0.9531 -0.2356
vn -0.0595 -0.9483 -0.3116
vn -0.1308 -0.9600 -0.2478
vn -0.1534 -0.9228 -0.3534
vn -0.0501 -0.9215 -0.3852
vn -0.1549 -0.9222 -0.3543
vn -0.0924 -0.8822 -0.4617
vn -0.1338 -0.8704 -0.4739
vn -0.0426 -0.9191 -0.3916
vn -0.0369 -0.8748 -0.4831
vn 0.0817 -0.9030 -0.4218
vn 0.1750 -0.9030 -0.3923
vn -0.0032 -0.8614 -0.5079
vn 0.2321 -0.8236 -0.5175
vn -0.1032 -0.8363 -0.5385
vn 0.0033 -0.8533 -0.5214
vn -0.1075 -0.8015 -0.5882
vn -0.1396 -0.7859 -0.6023
vn -0.0249 -0.7793 -0.6262
vn 0.1068 -0.7861 -0.6088
vn -0.0355 -0.6896 -0.7233
vn 0.0955 -0.6675 -0.7385
vn -0.0650 -0.6705 -0.7390
vn 0.0198 -0.8245 -0.5654
vn 0.0460 -0.5392 -0.8409
vn 0.0309 -0.6972 -0.7162
vn 0.2033 -0.4957 -0.8444
vn 0.0178 -0.6997 -0.7142
vn 0.1822 -0.6946 -0.6959
vn 0.2650 -0.4536 -0.8509
vn -0.0183 -0.4990 -0.8664
vn 0.2465 -0.3357 -0.9092
vn 0.3112 -0.5336 -0.7864
vn 0.2977 -0.4365 -0.8490
vn 0.3326 -0.6042 -0.7241
vn 0.3236 -0.5310 -0.7832
vn 0.3357 -0.6027 -0.7239
vn 0.3448 -0.6803 -0.6467
vn 0.5546 -0.3260 -0.7656
vn 0.4605 -0.6212 -0.6341
vn 0.2287 -0.8250 -0.5169
vn 0.5791 -0.3909 -0.7155
vn 0.5665 -0.3209 -0.7590
vn 0.4991 -0.5906 -0.6341
vn 0.6769 -0.3057 -0.6695
vn 0.2265 -0.8255 -0.5169
vn 0.5427 -0.7308 -0.4141
vn 0.3625 -0.8235 -0.4364
vn 0.6502 -0.5458 -0.5285
vn 0.6361 -0.4883 -0.5974
vn 0.5445 -0.7145 -0.4393
vn 0.7165 -0.4965 -0.4899
vn 0.6792 -0.6166 -0.3981
vn 0.8750 -0.1017 -0.4734
vn 0.8475 -0.3008 -0.4373
vn 0.8145 -0.2155 -0.5387
vn 0.8568 -0.3821 -0.3462
vn 0.9245 -0.1497 -0.3505
vn 0.6961 -0.2797 -0.6612
vn 0.6899 -0.2862 -0.6649
vn 0.7653 -0.0786 -0.6388
vn 0.7313 -0.1011 -0.6745
vn 0.8800 0.1290 -0.4571
vn 0.8497 0.1250 -0.5123
vn 0.8518 -0.1362 -0.5059
vn 0.9012 0.1697 -0.3988
vn 0.9036 0.1650 -0.3952
vn 0.9385 0.0235 -0.3444
vn 0.9112 -0.1899 -0.3656
vn 0.9457 0.0814 -0.3148
vn 0.9261 0.2542 -0.2786
vn 0.9624 0.2128 -0.1687
vn 0.9031 0.4090 -0.1308
vn 0.9779 0.1380 -0.1573
vn 0.9669 0.2046 -0.1524
vn 0.8448 0.1762 -0.5053
vn 0.7183 0.0264 -0.6952
vn 0.6989 -0.0033 -0.7152
vn 0.8575 0.3253 -0.3985
vn 0.7825 0.2365 -0.5759
vn 0.8462 0.2654 -0.4620
vn 0.8769 0.4082 -0.2537
vn 0.8928 0.4372 -0.1089
vn 0.8406 0.4409 -0.3146
vn 0.8092 0.4116 -0.4193
vn 0.7663 0.2718 -0.5821
vn 0.8485 0.5096 -0.1426
vn 0.8647 0.4663 -0.1866
vn 0.8436 0.5031 -0.1875
vn 0.9089 0.4012 -0.1139
vn 0.8664 0.4752 -0.1535
vn 0.8526 0.5205 -0.0458
vn 0.9180 0.3905 -0.0694
vn 0.8279 0.5559 -0.0750
vn 0.8218 0.5693 -0.0234
vn 0.8258 0.5616 -0.0519
vn 0.8223 0.5646 -0.0719
vn 0.8082 0.5629 -0.1733
vn 0.7962 0.4223 -0.4332
vn 0.8049 0.5935 -0.0020
vn 0.7299 0.6741 -0.1132
vn 0.7603 0.6286 0.1635
vn 0.7034 0.6902 0.1699
vn 0.7438 0.6550 0.1330
vn 0.6900 0.7126 0.1270
vn -0.3451 0.7615 0.5487
vn 0.8135 0.5804 0.0365
vn 0.7285 0.6331 0.2618
vn 0.7013 0.6195 0.3527
vn 0.5531 0.5980 0.5801
vn 0.5774 0.7313 0.3631
vn 0.6479 0.6920 0.3183
vn 0.5087 0.7910 0.3398
vn 0.5686 0.7583 0.3189
vn 0.4282 0.7282 0.5351
vn 0.5565 0.6814 0.4754
vn 0.4310 0.7252 0.5369
vn 0.2842 0.7980 0.5314
vn 0.4950 0.6701 0.5531
vn 0.4550 0.7154 0.5303
vn 0.8549 0.5025 0.1290
vn 0.5603 0.6772 0.4770
vn 0.6686 0.7137 0.2086
vn 0.8391 0.5193 0.1621
vn 0.8029 0.5647 -0.1909
vn 0.8029 0.5645 -0.1914
vn 0.8163 0.5298 0.2300
vn 0.6419 0.7202 0.2634
vn 0.9117 0.4034 -0.0778
vn 0.9440 0.2992 -0.1391
vn 0.8286 0.4943 -0.2629
vn 0.8048 0.4408 -0.3975
vn 0.9348 0.3540 -0.0288
vn 0.9647 0.2366 -0.1159
vn 0.7988 0.4474 -0.4022
vn 0.9548 0.0332 -0.2955
vn 0.9596 0.1892 -0.2085
vn 0.9771 -0.0427 -0.2085
vn 0.9346 0.2603 -0.2424
vn 0.9144 0.2646 -0.3064
vn 0.8739 0.4764 -0.0970
vn 0.6455 0.6929 0.3213
vn 0.8862 0.4594 -0.0599
vn 0.9117 0.3411 -0.2289
vn 0.7767 0.6119 -0.1495
vn 0.7413 0.5744 -0.3472
vn 0.5987 0.7574 0.2606
vn 0.6559 0.7483 -0.0996
vn 0.4727 0.8426 0.2580
vn 0.2657 0.8567 0.4421
vn 0.5812 0.8014 -0.1412
vn 0.1937 0.9240 0.3297
vn 0.7245 0.5827 -0.3682
vn 0.6471 0.6484 -0.4011
vn 0.3747 0.9179 0.1305
vn 0.3890 0.9129 0.1234
vn 0.5207 0.8441 -0.1283
vn 0.2037 0.9203 0.3339
vn 0.3037 0.9511 0.0566
vn 0.5375 0.8354 0.1151
vn 0.5526 0.8280 0.0956
vn 0.3199 0.9418 -0.1037
vn 0.4495 0.8613 -0.2368
vn 0.4704 0.8753 0.1123
vn 0.4575 0.8802 0.1267
vn 0.5315 0.8424 0.0888
vn 0.6387 0.7692 0.0175
vn 0.4339 0.8770 -0.2065
vn 0.4435 0.8708 -0.2124
vn 0.5457 0.7312 -0.4094
vn 0.7266 0.5963 -0.3414
vn 0.5502 0.8341 -0.0391
vn 0.6644 0.7473 -0.0045
vn 0.5495 0.7655 -0.3347
vn 0.6630 0.6195 -0.4203
vn 0.6517 0.7407 -0.1632
vn 0.6534 0.6653 -0.3610
vn 0.6117 0.6619 -0.4332
vn 0.6593 0.6593 -0.3613
vn 0.8513 0.3804 -0.3614
vn 0.8046 0.5933 -0.0242
vn 0.6943 0.7146 -0.0857
vn 0.8997 0.3677 -0.2352
vn 0.8333 0.5075 -0.2191
vn 0.7020 0.7099 0.0576
vn 0.7358 0.6752 -0.0516
vn 0.8333 0.5526 0.0146
vn 0.8282 0.5600 0.0200
vn 0.8931 0.4295 -0.1342
vn 0.8309 0.5305 0.1679
vn 0.9526 0.1919 -0.2362
vn 0.9644 -0.0704 -0.2548
vn 0.9794 0.0596 -0.1931
vn 0.7716 0.6147 -0.1639
vn 0.8166 0.5439 -0.1934
vn 0.9451 0.1954 -0.2620
vn 0.8360 0.4113 -0.3631
vn 0.9504 -0.0429 -0.3079
vn 0.8885 0.0567 -0.4554
vn 0.9614 0.1418 -0.2359
vn 0.9343 0.1605 -0.3182
vn 0.9537 0.0080 -0.3008
vn 0.9405 0.2096 -0.2674
vn 0.8939 0.4072 -0.1875
vn 0.8839 0.1518 -0.4423
vn 0.8959 0.4071 -0.1781
vn 0.9047 0.3824 -0.1878
vn 0.8391 0.3279 -0.4340
vn 0.8330 0.5037 -0.2289
vn 0.8391 0.3273 -0.4345
vn 0.8197 0.5452 -0.1754
vn 0.7860 0.4515 -0.4223
vn 0.8517 0.4226 -0.3100
vn 0.8447 0.4869 -0.2222
vn 0.8641 0.4753 -0.1655
vn 0.8251 0.5555 0.1034
vn 0.9273 0.3730 -0.0300
vn 0.8573 0.5032 -0.1086
vn 0.9255 0.3776 -0.0285
vn 0.8932 0.4490 0.0232
vn 0.8975 0.4404 0.0246
vn 0.8250 0.5419 0.1604
vn 0.8469 0.5066 0.1613
vn 0.9001 0.4070 0.1555
vn 0.9358 0.3456 0.0695
vn 0.9049 0.3830 0.1858
vn 0.9356 0.3456 0.0720
vn 0.9597 0.2478 0.1329
vn 0.9631 0.2508 0.0973
vn 0.8952 0.4456 0.0065
vn 0.9443 0.3236 -0.0603
vn 0.9835 0.1786 -0.0285
vn 0.9538 0.2981 -0.0378
vn 0.9073 0.4187 -0.0391
vn 0.9344 0.3554 0.0246
vn 0.9464 0.3167 0.0633
vn 0.9198 0.3914 0.0268
vn 0.9922 0.0999 0.0752
vn 0.9612 0.2745 -0.0289
vn 0.9996 0.0221 -0.0173
vn 0.9781 0.1376 -0.1559
vn 0.9974 -0.0557 -0.0453
vn 0.9836 -0.0357 -0.1766
vn 0.9758 -0.2062 -0.0721
vn 0.9404 -0.2423 -0.2386
vn 0.8920 -0.3984 -0.2133
vn 0.2890 0.9264 0.2415
vn 0.2252 0.9245 0.3076
vn 0.2865 0.8691 0.4033
vn 0.2925 0.8656 0.4064
vn 0.2959 0.8541 0.4277
vn 0.3970 0.7494 0.5299
vn 0.4300 0.7292 0.5323
vn 0.4514 0.8116 0.3709
vn 0.3559 0.8538 0.3800
vn 0.3049 0.8395 0.4497
vn 0.4070 0.8041 0.4333
vn 0.5250 0.7477 0.4066
vn 0.5198 0.7517 0.4059
vn 0.4689 0.8129 0.3454
vn 0.3594 0.8569 0.3695
vn 0.2507 0.9140 0.3191
vn 0.2274 0.9164 0.3294
vn 0.3307 0.8230 0.4619
vn 0.2866 0.8184 0.4981
vn 0.2843 0.8205 0.4959
vn 0.3893 0.8589 0.3329
vn 0.3461 0.8698 0.3518
vn 0.4651 0.8236 0.3247
vn 0.3867 0.8497 0.3584
vn 0.3963 0.9142 -0.0847
vn 0.4739 0.8772 -0.0775
vn 0.2838 0.9302 0.2328
vn 0.5328 0.8158 0.2251
vn 0.5088 0.8131 0.2829
vn 0.5629 0.7265 0.3941
vn 0.5076 0.8343 0.2152
vn 0.4817 0.8698 0.1072
vn 0.7682 0.6388 -0.0423
vn 0.7607 0.6175 0.2000
vn 0.5656 0.8206 -0.0819
vn 0.7763 0.6133 0.1459
vn 0.7471 0.6407 -0.1774
vn 0.5725 0.7684 0.2860
vn 0.6739 0.7219 0.1574
vn 0.5588 0.7095 0.4293
vn 0.6506 0.7357 -0.1883
vn 0.6251 0.7751 -0.0927
vn 0.4756 0.7717 0.4222
vn 0.5531 0.7873 -0.2726
vn 0.4758 0.7818 -0.4030
vn 0.5783 0.8082 -0.1112
vn 0.4739 0.7927 0.3834
vn 0.5532 0.8130 -0.1815
vn 0.3518 0.8894 0.2920
vn 0.4565 0.8649 -0.2084
vn 0.2738 0.8960 0.3495
vn 0.4120 0.8542 -0.3174
vn 0.4072 0.8377 -0.3639
vn 0.2222 0.9585 -0.1788
vn 0.1735 0.8068 0.5648
vn 0.2397 0.8338 -0.4973
vn 0.1542 0.9431 -0.2945
vn 0.2180 0.7930 -0.5689
vn 0.1164 0.9753 0.1877
vn 0.1473 0.9447 -0.2931
vn 0.0614 0.9932 0.0991
vn 0.2119 0.9769 0.0281
vn 0.0723 0.9379 -0.3394
vn -0.0223 0.9858 -0.1663
vn 0.0134 0.9979 -0.0639
vn -0.0156 0.9863 -0.1644
vn 0.4500 -0.3099 -0.8376
vn 0.5392 -0.2531 -0.8033
vn 0.7933 0.1208 -0.5967
vn 0.5827 -0.0228 -0.8123
vn 0.5368 -0.0711 -0.8407
vn 0.5586 -0.0393 -0.8285
vn 0.2801 -0.2829 -0.9173
vn 0.6504 0.1291 -0.7486
vn 0.7492 0.2560 -0.6109
vn 0.3970 -0.0480 -0.9165
vn 0.0458 -0.2874 -0.9567
vn 0.5460 0.1317 -0.8274
vn 0.4483 0.0538 -0.8923
vn 0.6450 0.2748 -0.7131
vn 0.5825 0.2272 -0.7804
vn 0.6881 0.3523 -0.6343
vn 0.7861 0.4220 -0.4516
vn 0.3329 0.1876 -0.9241
vn 0.5233 0.3675 -0.7688
vn 0.6404 0.5751 -0.5091
vn 0.4873 0.4915 -0.7218
vn 0.6205 0.6552 -0.4310
vn 0.1870 0.5742 -0.7970
vn 0.7334 0.6513 -0.1951
vn 0.8260 0.5565 -0.0899
vn 0.5885 0.7788 -0.2170
vn 0.6998 0.7128 -0.0474
vn 0.6053 0.7929 -0.0705
vn 0.2422 0.2199 -0.9450
vn 0.4581 0.2486 -0.8535
vn 0.2787 0.2434 -0.9290
vn 0.3569 0.0623 -0.9321
vn 0.1722 -0.0473 -0.9839
vn 0.0544 -0.0689 -0.9961
vn 0.2085 -0.2227 -0.9523
vn 0.1125 -0.0396 -0.9929
vn -0.0639 -0.0551 -0.9964
vn 0.0568 -0.3170 -0.9467
vn 0.0913 -0.5099 -0.8554
vn -0.0861 -0.5387 -0.8381
vn -0.0725 -0.5501 -0.8320
vn -0.0252 -0.2452 -0.9691
vn -0.0306 -0.2479 -0.9683
vn -0.0700 -0.3759 -0.9240
vn 0.1802 -0.2739 -0.9447
vn -0.0526 -0.4055 -0.9126
vn 0.7288 0.5508 0.4067
vn 0.6134 0.5861 0.5294
vn 0.6802 0.4954 0.5403
vn 0.7085 0.5736 0.4112
vn 0.7463 0.5527 0.3708
vn 0.6754 0.4959 0.5458
vn 0.7216 0.5227 0.4538
vn 0.8395 0.3588 0.4081
vn 0.7190 0.4696 0.5124
vn 0.7601 0.4940 0.4220
s 0
f 1//1 2//1 3//1
f 2//2 4//2 3//2
f 5//3 1//3 3//3
f 5//4 3//4 4//4
f 1//5 6//5 2//5
f 1//6 7//6 6//6
f 8//7 7//7 1//7
f 9//8 1//8 5//8
f 9//9 8//9 1//9
f 7//10 8//10 10//10
f 6//11 7//11 10//11
f 10//12 8//12 11//12
f 6//13 10//13 12//13
f 13//14 8//14 9//14
f 8//15 13//15 11//15
f 5//16 14//16 9//16
f 14//17 15//17 9//17
f 16//18 13//18 9//18
f 9//19 15//19 16//19
f 15//20 17//20 16//20
f 13//21 16//21 18//21
f 15//22 19//22 17//22
f 16//23 17//23 20//23
f 20//24 18//24 16//24
f 19//25 20//25 17//25
f 18//26 21//26 13//26
f 11//27 13//27 21//27
f 14//28 22//28 15//28
f 15//29 22//29 19//29
f 23//30 22//30 14//30
f 5//31 23//31 14//31
f 22//32 24//32 19//32
f 25//33 11//33 21//33
f 22//34 26//34 24//34
f 23//35 26//35 22//35
f 27//36 19//36 24//36
f 27//37 28//37 19//37
f 19//38 28//38 20//38
f 24//39 29//39 27//39
f 24//40 26//40 30//40
f 24//41 30//41 29//41
f 31//42 29//42 30//42
f 29//43 31//43 27//43
f 30//44 26//44 32//44
f 33//45 28//45 27//45
f 28//46 33//46 20//46
f 33//47 27//47 34//47
f 27//48 31//48 35//48
f 27//49 35//49 34//49
f 31//50 30//50 36//50
f 36//51 30//51 32//51
f 35//52 31//52 37//52
f 38//53 31//53 36//53
f 37//54 31//54 38//54
f 35//55 37//55 39//55
f 35//56 39//56 34//56
f 38//57 36//57 40//57
f 40//58 36//58 41//58
f 36//59 32//59 41//59
f 42//60 38//60 40//60
f 42//61 37//61 38//61
f 43//62 42//62 40//62
f 41//63 32//63 44//63
f 42//64 43//64 45//64
f 40//65 41//65 46//65
f 44//66 46//66 41//66
f 47//67 43//67 40//67
f 47//68 45//68 43//68
f 40//69 46//69 48//69
f 48//70 47//70 40//70
f 49//71 46//71 44//71
f 50//72 48//72 46//72
f 49//73 50//73 46//73
f 51//74 49//74 44//74
f 32//75 51//75 44//75
f 52//76 50//76 49//76
f 32//77 53//77 51//77
f 53//78 32//78 26//78
f 23//79 53//79 26//79
f 49//80 51//80 54//80
f 54//81 52//81 49//81
f 51//82 53//82 55//82
f 55//83 54//83 51//83
f 53//84 23//84 56//84
f 56//85 55//85 53//85
f 57//86 56//86 23//86
f 55//87 56//87 58//87
f 23//88 59//88 57//88
f 23//89 5//89 59//89
f 60//90 56//90 57//90
f 60//91 57//91 59//91
f 56//92 60//92 58//92
f 4//93 59//93 5//93
f 61//94 54//94 55//94
f 55//95 58//95 61//95
f 62//96 54//96 61//96
f 62//97 52//97 54//97
f 58//98 63//98 61//98
f 62//99 61//99 63//99
f 59//100 4//100 64//100
f 64//101 60//101 59//101
f 65//102 58//102 60//102
f 65//103 60//103 64//103
f 58//104 65//104 66//104
f 58//105 66//105 63//105
f 65//106 64//106 67//106
f 68//107 64//107 4//107
f 67//108 64//108 68//108
f 68//109 4//109 69//109
f 4//110 2//110 69//110
f 68//111 69//111 70//111
f 70//112 67//112 68//112
f 2//113 71//113 69//113
f 71//114 2//114 6//114
f 69//115 72//115 70//115
f 69//116 71//116 72//116
f 70//117 72//117 73//117
f 67//118 70//118 73//118
f 72//119 74//119 73//119
f 75//120 72//120 71//120
f 72//121 75//121 74//121
f 76//122 71//122 6//122
f 75//123 71//123 76//123
f 76//124 6//124 77//124
f 78//125 75//125 76//125
f 76//126 77//126 78//126
f 75//127 78//127 79//127
f 75//128 79//128 74//128
f 79//129 78//129 80//129
f 80//130 78//130 77//130
f 77//131 6//131 12//131
f 81//132 79//132 80//132
f 80//133 77//133 82//133
f 83//134 74//134 79//134
f 83//135 79//135 81//135
f 74//136 83//136 84//136
f 84//137 85//137 74//137
f 73//138 74//138 85//138
f 84//139 83//139 86//139
f 73//140 85//140 87//140
f 67//141 73//141 87//141
f 84//142 88//142 85//142
f 84//143 86//143 88//143
f 85//144 88//144 89//144
f 87//145 85//145 89//145
f 90//146 89//146 88//146
f 86//147 90//147 88//147
f 90//148 91//148 89//148
f 87//149 89//149 91//149
f 92//150 90//150 86//150
f 87//151 93//151 67//151
f 92//152 94//152 90//152
f 91//153 90//153 94//153
f 91//154 95//154 87//154
f 93//155 96//155 67//155
f 65//156 67//156 96//156
f 96//157 66//157 65//157
f 97//158 87//158 95//158
f 87//159 97//159 93//159
f 91//160 98//160 95//160
f 97//161 95//161 98//161
f 99//162 66//162 96//162
f 93//163 100//163 96//163
f 100//164 99//164 96//164
f 100//165 93//165 97//165
f 99//166 101//166 66//166
f 100//167 101//167 99//167
f 102//168 98//168 91//168
f 102//169 91//169 94//169
f 102//170 94//170 103//170
f 102//171 104//171 98//171
f 94//172 92//172 103//172
f 105//173 104//173 102//173
f 102//174 103//174 105//174
f 106//175 98//175 104//175
f 97//176 98//176 106//176
f 105//177 107//177 104//177
f 103//178 108//178 105//178
f 108//179 107//179 105//179
f 106//180 104//180 109//180
f 109//181 104//181 107//181
f 110//182 97//182 106//182
f 106//183 109//183 111//183
f 106//184 111//184 110//184
f 109//185 107//185 112//185
f 112//186 111//186 109//186
f 112//187 107//187 113//187
f 108//188 113//188 107//188
f 97//189 110//189 114//189
f 97//190 114//190 100//190
f 110//191 111//191 115//191
f 112//192 116//192 111//192
f 115//193 111//193 116//193
f 112//194 113//194 117//194
f 117//195 116//195 112//195
f 118//196 114//196 110//196
f 110//197 115//197 118//197
f 117//198 113//198 119//198
f 119//199 113//199 108//199
f 117//200 120//200 116//200
f 117//201 119//201 121//201
f 121//202 120//202 117//202
f 115//203 116//203 122//203
f 122//204 116//204 120//204
f 122//205 123//205 115//205
f 118//206 115//206 123//206
f 122//207 120//207 124//207
f 125//208 114//208 118//208
f 118//209 123//209 125//209
f 122//210 126//210 123//210
f 124//211 126//211 122//211
f 123//212 126//212 127//212
f 127//213 126//213 124//213
f 114//214 125//214 128//214
f 100//215 114//215 128//215
f 100//216 128//216 129//216
f 129//217 101//217 100//217
f 128//218 125//218 130//218
f 125//219 123//219 130//219
f 131//220 129//220 128//220
f 131//221 101//221 129//221
f 128//222 130//222 131//222
f 130//223 123//223 132//223
f 127//224 132//224 123//224
f 131//225 130//225 133//225
f 130//226 132//226 133//226
f 134//227 101//227 131//227
f 131//228 133//228 134//228
f 134//229 135//229 101//229
f 66//230 101//230 135//230
f 63//231 66//231 135//231
f 132//232 127//232 136//232
f 133//233 132//233 137//233
f 136//234 137//234 132//234
f 138//235 134//235 133//235
f 133//236 137//236 138//236
f 139//237 135//237 134//237
f 134//238 138//238 139//238
f 63//239 135//239 140//239
f 139//240 140//240 135//240
f 141//241 63//241 140//241
f 62//242 63//242 141//242
f 139//243 142//243 140//243
f 139//244 138//244 142//244
f 143//245 141//245 140//245
f 143//246 140//246 142//246
f 143//247 144//247 141//247
f 141//248 144//248 62//248
f 144//249 143//249 142//249
f 145//250 142//250 138//250
f 138//251 137//251 145//251
f 144//252 142//252 146//252
f 142//253 147//253 146//253
f 147//254 142//254 145//254
f 148//255 144//255 146//255
f 148//256 146//256 147//256
f 144//257 149//257 62//257
f 62//258 149//258 52//258
f 147//259 145//259 150//259
f 147//260 150//260 148//260
f 151//261 145//261 137//261
f 150//262 145//262 151//262
f 151//263 137//263 136//263
f 149//264 152//264 52//264
f 50//265 52//265 152//265
f 144//266 153//266 149//266
f 153//267 144//267 148//267
f 153//268 154//268 149//268
f 149//269 154//269 152//269
f 155//270 153//270 148//270
f 152//271 156//271 50//271
f 48//272 50//272 156//272
f 157//273 156//273 152//273
f 156//274 158//274 48//274
f 156//275 157//275 158//275
f 48//276 158//276 47//276
f 47//277 158//277 159//277
f 47//278 159//278 45//278
f 158//279 160//279 159//279
f 160//280 158//280 157//280
f 157//281 152//281 161//281
f 159//282 160//282 162//282
f 161//283 152//283 163//283
f 154//284 163//284 152//284
f 161//285 164//285 157//285
f 161//286 163//286 164//286
f 160//287 157//287 165//287
f 165//288 157//288 164//288
f 165//289 166//289 160//289
f 166//290 162//290 160//290
f 166//291 165//291 167//291
f 164//292 167//292 165//292
f 168//293 162//293 166//293
f 166//294 167//294 168//294
f 169//295 159//295 162//295
f 169//296 45//296 159//296
f 168//297 170//297 162//297
f 170//298 169//298 162//298
f 171//299 168//299 167//299
f 172//300 170//300 168//300
f 168//301 171//301 172//301
f 167//302 173//302 171//302
f 164//303 173//303 167//303
f 171//304 174//304 172//304
f 171//305 175//305 174//305
f 173//306 175//306 171//306
f 172//307 174//307 176//307
f 170//308 172//308 177//308
f 176//309 177//309 172//309
f 177//310 178//310 170//310
f 170//311 178//311 169//311
f 179//312 178//312 177//312
f 178//313 180//313 169//313
f 181//314 169//314 180//314
f 169//315 181//315 45//315
f 182//316 180//316 178//316
f 178//317 179//317 182//317
f 181//318 180//318 183//318
f 183//319 180//319 182//319
f 181//320 184//320 45//320
f 181//321 183//321 184//321
f 179//322 177//322 185//322
f 176//323 185//323 177//323
f 184//324 186//324 45//324
f 42//325 45//325 186//325
f 42//326 186//326 37//326
f 184//327 187//327 186//327
f 183//328 187//328 184//328
f 186//329 188//329 37//329
f 187//330 188//330 186//330
f 37//331 188//331 189//331
f 187//332 189//332 188//332
f 189//333 190//333 37//333
f 37//334 190//334 39//334
f 187//335 191//335 189//335
f 192//336 190//336 189//336
f 189//337 191//337 192//337
f 39//338 190//338 193//338
f 193//339 34//339 39//339
f 193//340 190//340 194//340
f 192//341 194//341 190//341
f 195//342 193//342 194//342
f 34//343 193//343 195//343
f 194//344 192//344 196//344
f 195//345 194//345 197//345
f 196//346 197//346 194//346
f 198//347 195//347 197//347
f 34//348 195//348 198//348
f 196//349 199//349 197//349
f 199//350 198//350 197//350
f 198//351 200//351 34//351
f 200//352 201//352 34//352
f 33//353 34//353 201//353
f 200//354 198//354 202//354
f 200//355 202//355 201//355
f 201//356 203//356 33//356
f 203//357 201//357 202//357
f 20//358 33//358 203//358
f 199//359 204//359 198//359
f 202//360 198//360 204//360
f 205//361 204//361 199//361
f 203//362 202//362 206//362
f 203//363 207//363 20//363
f 203//364 206//364 207//364
f 208//365 20//365 207//365
f 18//366 20//366 208//366
f 206//367 209//367 207//367
f 207//368 209//368 208//368
f 208//369 210//369 18//369
f 21//370 18//370 210//370
f 210//371 25//371 21//371
f 211//372 208//372 209//372
f 206//373 211//373 209//373
f 208//374 212//374 210//374
f 208//375 211//375 212//375
f 213//376 25//376 210//376
f 210//377 212//377 213//377
f 202//378 214//378 206//378
f 204//379 214//379 202//379
f 215//380 214//380 204//380
f 205//381 215//381 204//381
f 206//382 214//382 216//382
f 215//383 217//383 214//383
f 217//384 216//384 214//384
f 216//385 218//385 206//385
f 218//386 211//386 206//386
f 217//387 219//387 216//387
f 220//388 218//388 216//388
f 219//389 220//389 216//389
f 221//390 217//390 215//390
f 205//391 221//391 215//391
f 219//392 217//392 222//392
f 221//393 222//393 217//393
f 219//394 223//394 220//394
f 218//395 220//395 224//395
f 224//396 220//396 225//396
f 223//397 225//397 220//397
f 226//398 218//398 224//398
f 218//399 226//399 211//399
f 224//400 225//400 227//400
f 227//401 226//401 224//401
f 225//402 223//402 228//402
f 227//403 225//403 228//403
f 229//404 223//404 219//404
f 222//405 229//405 219//405
f 230//406 228//406 223//406
f 223//407 229//407 230//407
f 231//408 226//408 227//408
f 227//409 228//409 232//409
f 233//410 230//410 229//410
f 233//411 229//411 222//411
f 228//412 230//412 234//412
f 232//413 228//413 234//413
f 233//414 235//414 230//414
f 232//415 236//415 227//415
f 231//416 227//416 236//416
f 234//417 230//417 237//417
f 235//418 237//418 230//418
f 234//419 238//419 232//419
f 239//420 235//420 233//420
f 239//421 237//421 235//421
f 237//422 240//422 234//422
f 238//423 234//423 240//423
f 238//424 241//424 232//424
f 232//425 241//425 236//425
f 242//426 241//426 238//426
f 240//427 242//427 238//427
f 241//428 243//428 236//428
f 236//429 243//429 244//429
f 236//430 244//430 231//430
f 241//431 245//431 243//431
f 241//432 242//432 245//432
f 244//433 243//433 246//433
f 246//434 243//434 245//434
f 247//435 231//435 244//435
f 246//436 245//436 248//436
f 246//437 249//437 244//437
f 246//438 248//438 249//438
f 244//439 249//439 250//439
f 244//440 250//440 247//440
f 251//441 250//441 249//441
f 252//442 231//442 247//442
f 247//443 250//443 253//443
f 247//443 253//443 252//443
f 254//444 253//444 250//444
f 254//445 250//445 251//445
f 252//446 253//446 255//446
f 255//447 253//447 254//447
f 252//448 256//448 231//448
f 256//449 226//449 231//449
f 226//450 256//450 211//450
f 257//451 256//451 252//451
f 252//452 255//452 257//452
f 211//453 256//453 258//453
f 258//454 256//454 257//454
f 212//455 211//455 258//455
f 213//456 212//456 258//456
f 213//457 258//457 257//457
f 259//458 213//458 257//458
f 257//459 255//459 260//459
f 259//460 257//460 260//460
f 255//461 261//461 260//461
f 260//462 261//462 259//462
f 262//463 213//463 259//463
f 262//464 25//464 213//464
f 262//465 263//465 25//465
f 11//466 25//466 263//466
f 262//467 259//467 264//467
f 263//468 262//468 264//468
f 265//469 259//469 261//469
f 259//470 265//470 264//470
f 266//471 265//471 261//471
f 255//472 266//472 261//472
f 267//473 11//473 263//473
f 267//474 10//474 11//474
f 267//475 12//475 10//475
f 268//476 267//476 263//476
f 264//477 268//477 263//477
f 269//478 12//478 267//478
f 268//479 269//479 267//479
f 270//480 268//480 264//480
f 270//481 269//481 268//481
f 271//482 12//482 269//482
f 269//483 270//483 271//483
f 272//484 12//484 271//484
f 77//485 12//485 272//485
f 82//486 77//486 272//486
f 273//487 272//487 271//487
f 274//488 272//488 273//488
f 82//489 272//489 274//489
f 273//490 275//490 274//490
f 273//491 271//491 276//491
f 273//490 276//490 275//490
f 277//492 274//492 275//492
f 82//493 274//493 277//493
f 276//494 277//494 275//494
f 271//495 278//495 276//495
f 278//496 271//496 270//496
f 279//497 277//497 276//497
f 277//498 280//498 82//498
f 277//499 279//499 280//499
f 82//500 280//500 281//500
f 281//501 80//501 82//501
f 81//502 80//502 281//502
f 282//503 281//503 280//503
f 282//504 81//504 281//504
f 276//505 283//505 279//505
f 283//506 276//506 278//506
f 280//507 279//507 284//507
f 282//508 280//508 284//508
f 285//509 284//509 279//509
f 279//510 286//510 285//510
f 279//511 283//511 286//511
f 287//512 284//512 285//512
f 285//513 286//513 288//513
f 285//514 288//514 287//514
f 284//515 287//515 289//515
f 284//516 289//516 282//516
f 287//517 288//517 290//517
f 289//518 287//518 291//518
f 287//519 290//519 291//519
f 292//520 288//520 286//520
f 292//521 290//521 288//521
f 293//522 292//522 286//522
f 293//523 286//523 283//523
f 294//524 290//524 292//524
f 295//525 292//525 293//525
f 292//526 295//526 294//526
f 283//527 296//527 293//527
f 296//528 295//528 293//528
f 283//529 297//529 296//529
f 278//530 297//530 283//530
f 295//531 296//531 298//531
f 294//532 299//532 290//532
f 299//533 300//533 290//533
f 291//534 290//534 300//534
f 299//535 294//535 301//535
f 302//536 294//536 295//536
f 302//537 301//537 294//537
f 302//538 295//538 303//538
f 295//539 298//539 303//539
f 304//540 300//540 299//540
f 299//541 301//541 304//541
f 304//542 305//542 300//542
f 304//543 301//543 305//543
f 306//544 301//544 302//544
f 303//545 306//545 302//545
f 306//546 307//546 301//546
f 306//547 303//547 308//547
f 306//548 308//548 307//548
f 308//549 303//549 309//549
f 307//550 310//550 301//550
f 305//551 301//551 310//551
f 307//552 308//552 311//552
f 311//553 308//553 312//553
f 308//554 309//554 312//554
f 311//555 313//555 307//555
f 310//556 307//556 313//556
f 314//557 313//557 311//557
f 312//558 314//558 311//558
f 313//559 315//559 310//559
f 305//560 310//560 316//560
f 316//561 310//561 315//561
f 317//562 315//562 313//562
f 314//563 317//563 313//563
f 317//564 318//564 315//564
f 315//565 318//565 316//565
f 317//566 314//566 319//566
f 319//567 318//567 317//567
f 314//568 320//568 319//568
f 320//569 321//569 319//569
f 318//570 319//570 321//570
f 320//571 314//571 322//571
f 312//572 322//572 314//572
f 323//573 320//573 322//573
f 323//574 321//574 320//574
f 324//575 322//575 312//575
f 323//576 322//576 325//576
f 322//577 324//577 325//577
f 324//578 312//578 326//578
f 312//579 309//579 326//579
f 325//580 324//580 327//580
f 328//581 326//581 309//581
f 324//582 326//582 329//582
f 329//583 326//583 328//583
f 330//584 324//584 329//584
f 324//585 330//585 327//585
f 328//586 331//586 329//586
f 332//587 328//587 309//587
f 331//588 328//588 332//588
f 332//589 309//589 333//589
f 309//590 303//590 333//590
f 298//591 333//591 303//591
f 329//592 334//592 330//592
f 329//593 331//593 334//593
f 335//594 330//594 334//594
f 336//595 331//595 332//595
f 335//596 337//596 330//596
f 337//597 327//597 330//597
f 332//598 333//598 338//598
f 332//599 338//599 336//599
f 339//600 338//600 333//600
f 333//601 298//601 339//601
f 340//602 327//602 337//602
f 337//603 335//603 340//603
f 327//604 340//604 341//604
f 340//605 335//605 342//605
f 341//606 340//606 343//606
f 340//607 342//607 343//607
f 344//608 339//608 298//608
f 298//609 296//609 344//609
f 296//610 297//610 344//610
f 345//611 339//611 344//611
f 297//612 345//612 344//612
f 343//613 342//613 346//613
f 346//614 341//614 343//614
f 342//615 347//615 346//615
f 347//616 342//616 348//616
f 349//617 346//617 347//617
f 349//618 347//618 348//618
f 346//619 350//619 341//619
f 346//620 349//620 350//620
f 348//621 342//621 351//621
f 335//622 351//622 342//622
f 351//623 352//623 348//623
f 351//624 335//624 353//624
f 353//625 352//625 351//625
f 353//626 335//626 334//626
f 334//627 354//627 353//627
f 331//628 354//628 334//628
f 331//629 336//629 354//629
f 354//630 355//630 353//630
f 355//631 352//631 353//631
f 354//632 336//632 356//632
f 354//633 356//633 355//633
f 357//634 356//634 336//634
f 355//635 356//635 358//635
f 352//636 355//636 359//636
f 355//637 358//637 359//637
f 360//638 358//638 356//638
f 357//639 360//639 356//639
f 358//640 361//640 359//640
f 360//641 361//641 358//641
f 352//642 359//642 362//642
f 363//643 357//643 336//643
f 336//644 338//644 363//644
f 357//645 364//645 360//645
f 338//646 365//646 363//646
f 338//647 339//647 365//647
f 363//648 366//648 357//648
f 363//649 365//649 366//649
f 357//650 367//650 364//650
f 367//651 357//651 366//651
f 368//652 360//652 364//652
f 368//653 361//653 360//653
f 369//654 368//654 364//654
f 369//655 364//655 367//655
f 368//656 370//656 361//656
f 369//657 370//657 368//657
f 361//658 370//658 371//658
f 369//659 367//659 372//659
f 370//660 369//660 373//660
f 369//661 372//661 373//661
f 372//662 367//662 374//662
f 375//663 374//663 367//663
f 366//664 375//664 367//664
f 374//665 376//665 372//665
f 376//666 374//666 375//666
f 366//667 377//667 375//667
f 365//668 377//668 366//668
f 376//669 375//669 378//669
f 377//670 378//670 375//670
f 377//671 365//671 379//671
f 379//672 365//672 339//672
f 339//673 345//673 379//673
f 379//674 380//674 377//674
f 379//675 345//675 380//675
f 378//676 377//676 380//676
f 345//677 381//677 380//677
f 380//678 381//678 378//678
f 376//679 378//679 382//679
f 383//680 381//680 345//680
f 345//681 297//681 383//681
f 381//682 384//682 378//682
f 378//683 384//683 382//683
f 383//684 385//684 381//684
f 297//685 386//685 383//685
f 385//686 383//686 386//686
f 297//687 387//687 386//687
f 387//688 297//688 278//688
f 387//689 278//689 388//689
f 270//690 388//690 278//690
f 386//691 387//691 389//691
f 387//692 388//692 389//692
f 270//693 389//693 388//693
f 386//694 389//694 385//694
f 390//695 389//695 270//695
f 264//696 390//696 270//696
f 391//697 390//697 264//697
f 389//698 390//698 391//698
f 391//699 264//699 265//699
f 389//700 392//700 385//700
f 391//701 392//701 389//701
f 393//702 391//702 265//702
f 391//703 393//703 392//703
f 265//704 266//704 393//704
f 394//705 385//705 392//705
f 381//706 385//706 394//706
f 395//707 392//707 393//707
f 396//708 393//708 266//708
f 395//709 393//709 396//709
f 397//710 396//710 266//710
f 397//711 266//711 255//711
f 254//712 397//712 255//712
f 396//713 397//713 398//713
f 254//714 398//714 397//714
f 398//715 395//715 396//715
f 251//716 398//716 254//716
f 399//717 392//717 395//717
f 394//718 392//718 399//718
f 398//719 400//719 395//719
f 399//720 395//720 401//720
f 400//721 401//721 395//721
f 402//722 399//722 401//722
f 402//723 403//723 399//723
f 403//724 394//724 399//724
f 402//725 401//725 404//725
f 405//726 403//726 402//726
f 404//727 405//727 402//727
f 404//728 401//728 406//728
f 400//729 406//729 401//729
f 404//730 406//730 407//730
f 408//731 394//731 403//731
f 409//732 406//732 400//732
f 409//733 410//733 406//733
f 407//734 406//734 410//734
f 409//735 400//735 411//735
f 411//736 400//736 398//736
f 412//737 410//737 409//737
f 411//738 412//738 409//738
f 398//739 413//739 411//739
f 251//740 413//740 398//740
f 413//741 414//741 411//741
f 411//742 414//742 412//742
f 415//743 413//743 251//743
f 415//744 414//744 413//744
f 251//745 249//745 415//745
f 415//746 249//746 248//746
f 416//747 414//747 415//747
f 415//748 248//748 416//748
f 417//749 414//749 416//749
f 418//750 416//750 248//750
f 417//751 416//751 418//751
f 419//752 412//752 414//752
f 414//753 417//753 419//753
f 420//754 412//754 419//754
f 418//755 248//755 421//755
f 421//756 248//756 245//756
f 422//757 421//757 245//757
f 422//758 245//758 242//758
f 418//759 421//759 423//759
f 422//760 423//760 421//760
f 420//761 424//761 412//761
f 412//762 424//762 410//762
f 425//763 410//763 424//763
f 426//764 424//764 420//764
f 425//765 424//765 426//765
f 407//766 410//766 425//766
f 426//767 420//767 427//767
f 427//768 420//768 428//768
f 419//769 428//769 420//769
f 427//770 429//770 426//770
f 426//771 430//771 425//771
f 426//772 429//772 430//772
f 425//773 431//773 407//773
f 425//774 430//774 431//774
f 407//775 431//775 432//775
f 407//776 432//776 433//776
f 407//777 433//777 404//777
f 434//778 432//778 431//778
f 435//779 431//779 430//779
f 434//780 431//780 435//780
f 435//781 430//781 436//781
f 436//782 430//782 429//782
f 437//783 432//783 434//783
f 437//784 433//784 432//784
f 404//785 433//785 405//785
f 434//786 438//786 437//786
f 439//787 433//787 437//787
f 437//788 438//788 439//788
f 440//789 405//789 433//789
f 440//790 433//790 439//790
f 435//791 441//791 434//791
f 434//792 441//792 438//792
f 435//793 442//793 441//793
f 435//794 436//794 442//794
f 442//795 443//795 441//795
f 442//796 436//796 444//796
f 443//797 442//797 444//797
f 445//798 441//798 443//798
f 438//799 441//799 445//799
f 443//800 446//800 445//800
f 447//801 438//801 445//801
f 445//802 446//802 447//802
f 443//803 448//803 446//803
f 444//804 448//804 443//804
f 449//805 446//805 448//805
f 444//806 436//806 450//806
f 436//807 429//807 450//807
f 444//808 451//808 448//808
f 444//809 450//809 452//809
f 444//810 452//810 453//810
f 453//811 451//811 444//811
f 454//812 452//812 450//812
f 453//813 452//813 454//813
f 450//814 429//814 455//814
f 456//815 448//815 451//815
f 449//816 448//816 456//816
f 450//817 457//817 454//817
f 450//818 455//818 457//818
f 458//819 454//819 457//819
f 457//820 455//820 458//820
f 459//821 455//821 429//821
f 459//822 429//822 427//822
f 428//823 459//823 427//823
f 455//824 459//824 460//824
f 460//825 459//825 428//825
f 455//826 461//826 458//826
f 460//827 461//827 455//827
f 462//828 458//828 461//828
f 463//829 454//829 458//829
f 463//830 458//830 462//830
f 464//831 454//831 463//831
f 453//832 454//832 464//832
f 461//833 460//833 465//833
f 460//834 428//834 466//834
f 465//835 460//835 466//835
f 466//836 428//836 467//836
f 428//837 419//837 467//837
f 467//838 419//838 417//838
f 465//839 468//839 461//839
f 461//840 468//840 462//840
f 466//841 469//841 465//841
f 467//842 470//842 466//842
f 470//843 469//843 466//843
f 417//844 471//844 467//844
f 470//845 467//845 471//845
f 417//846 472//846 471//846
f 471//847 473//847 470//847
f 472//848 473//848 471//848
f 469//849 470//849 473//849
f 418//850 472//850 417//850
f 418//851 474//851 472//851
f 423//852 474//852 418//852
f 472//853 475//853 473//853
f 475//854 472//854 474//854
f 474//855 476//855 475//855
f 423//856 476//856 474//856
f 475//857 477//857 473//857
f 478//858 473//858 477//858
f 469//859 473//859 478//859
f 477//860 475//860 479//860
f 479//861 475//861 476//861
f 477//862 480//862 478//862
f 479//863 480//863 477//863
f 481//864 469//864 478//864
f 481//865 478//865 480//865
f 480//866 479//866 482//866
f 480//867 483//867 481//867
f 482//868 483//868 480//868
f 481//869 484//869 469//869
f 476//870 485//870 479//870
f 482//871 479//871 485//871
f 486//872 485//872 476//872
f 423//873 486//873 476//873
f 485//874 487//874 482//874
f 485//875 486//875 488//875
f 488//876 487//876 485//876
f 423//877 489//877 486//877
f 488//878 486//878 490//878
f 489//879 490//879 486//879
f 491//880 489//880 423//880
f 422//881 491//881 423//881
f 489//882 492//882 490//882
f 493//883 491//883 422//883
f 494//884 489//884 491//884
f 491//885 493//885 494//885
f 494//886 492//886 489//886
f 422//887 242//887 493//887
f 493//888 242//888 495//888
f 495//889 242//889 240//889
f 495//890 496//890 493//890
f 240//891 496//891 495//891
f 494//892 493//892 496//892
f 240//893 497//893 496//893
f 496//894 498//894 494//894
f 497//895 498//895 496//895
f 240//896 499//896 497//896
f 237//897 499//897 240//897
f 498//898 497//898 500//898
f 499//899 500//899 497//899
f 494//900 498//900 501//900
f 500//901 501//901 498//901
f 502//902 499//902 237//902
f 239//903 502//903 237//903
f 503//904 499//904 502//904
f 499//905 503//905 500//905
f 502//906 504//906 503//906
f 504//907 500//907 503//907
f 239//908 505//908 502//908
f 502//909 505//909 504//909
f 506//910 500//910 504//910
f 500//911 507//911 501//911
f 506//912 507//912 500//912
f 508//913 501//913 507//913
f 507//914 506//914 508//914
f 501//915 509//915 494//915
f 494//916 509//916 492//916
f 509//917 501//917 510//917
f 510//918 501//918 508//918
f 509//919 511//919 492//919
f 508//920 512//920 510//920
f 510//921 513//921 509//921
f 509//922 513//922 511//922
f 510//923 512//923 514//923
f 510//924 514//924 513//924
f 508//925 515//925 512//925
f 514//926 512//926 515//926
f 514//927 516//927 513//927
f 513//928 516//928 511//928
f 492//929 511//929 517//929
f 492//930 517//930 490//930
f 490//931 517//931 488//931
f 518//932 517//932 511//932
f 517//933 519//933 488//933
f 519//934 517//934 518//934
f 488//935 519//935 520//935
f 488//936 520//936 487//936
f 521//937 520//937 519//937
f 518//938 511//938 522//938
f 522//939 511//939 516//939
f 523//940 519//940 518//940
f 521//941 519//941 523//941
f 524//942 518//942 522//942
f 523//943 518//943 524//943
f 516//944 525//944 522//944
f 524//945 522//945 525//945
f 523//946 524//946 526//946
f 526//947 524//947 525//947
f 527//948 521//948 523//948
f 523//949 526//949 527//949
f 527//950 528//950 521//950
f 529//951 525//951 516//951
f 527//952 526//952 530//952
f 530//953 528//953 527//953
f 525//954 531//954 526//954
f 531//955 525//955 529//955
f 516//956 532//956 529//956
f 514//957 532//957 516//957
f 532//958 514//958 515//958
f 529//959 532//959 533//959
f 532//960 515//960 533//960
f 529//961 533//961 534//961
f 529//962 534//962 531//962
f 535//963 533//963 515//963
f 533//964 535//964 534//964
f 536//965 531//965 534//965
f 536//966 534//966 535//966
f 526//967 531//967 537//967
f 538//968 531//968 536//968
f 531//969 538//969 537//969
f 526//970 537//970 539//970
f 539//971 530//971 526//971
f 540//972 537//972 538//972
f 541//973 539//973 537//973
f 537//974 540//974 541//974
f 542//975 530//975 539//975
f 539//976 541//976 542//976
f 536//977 543//977 538//977
f 538//978 543//978 540//978
f 536//979 544//979 543//979
f 536//980 545//980 544//980
f 535//981 545//981 536//981
f 546//982 543//982 544//982
f 543//983 546//983 540//983
f 544//984 547//984 546//984
f 544//985 545//985 547//985
f 548//986 546//986 547//986
f 540//987 546//987 549//987
f 546//988 548//988 549//988
f 540//989 549//989 550//989
f 550//990 541//990 540//990
f 551//991 550//991 549//991
f 552//992 551//992 549//992
f 549//993 548//993 552//993
f 550//994 551//994 553//994
f 553//995 551//995 552//995
f 541//996 550//996 554//996
f 550//997 553//997 554//997
f 541//998 554//998 555//998
f 542//999 541//999 555//999
f 556//1000 555//1000 554//1000
f 542//1001 555//1001 556//1001
f 556//1002 554//1002 557//1002
f 554//1003 553//1003 557//1003
f 552//1004 558//1004 553//1004
f 559//1005 552//1005 548//1005
f 552//1006 559//1006 558//1006
f 560//1007 557//1007 553//1007
f 553//1008 558//1008 561//1008
f 553//1009 561//1009 560//1009
f 562//1010 557//1010 560//1010
f 556//1011 557//1011 562//1011
f 563//1012 560//1012 561//1012
f 564//1013 561//1013 558//1013
f 563//1014 561//1014 564//1014
f 564//1015 558//1015 565//1015
f 559//1016 565//1016 558//1016
f 566//1017 562//1017 560//1017
f 566//1018 560//1018 563//1018
f 565//1019 559//1019 567//1019
f 565//1020 568//1020 564//1020
f 565//1021 567//1021 568//1021
f 569//1022 563//1022 564//1022
f 564//1023 568//1023 569//1023
f 570//1024 563//1024 569//1024
f 570//1025 566//1025 563//1025
f 571//1026 569//1026 568//1026
f 569//1027 572//1027 570//1027
f 572//1028 569//1028 571//1028
f 570//1029 572//1029 573//1029
f 570//1030 573//1030 566//1030
f 571//1031 568//1031 574//1031
f 574//1032 568//1032 567//1032
f 575//1033 572//1033 571//1033
f 572//1034 576//1034 573//1034
f 576//1035 572//1035 575//1035
f 573//1036 576//1036 577//1036
f 566//1037 573//1037 578//1037
f 577//1038 578//1038 573//1038
f 566//1039 578//1039 579//1039
f 580//1040 578//1040 577//1040
f 576//1041 581//1041 577//1041
f 577//1042 581//1042 580//1042
f 581//1043 576//1043 582//1043
f 582//1044 576//1044 575//1044
f 582//1045 583//1045 581//1045
f 575//1046 584//1046 582//1046
f 582//1047 584//1047 583//1047
f 581//1048 583//1048 585//1048
f 585//1049 580//1049 581//1049
f 580//1050 586//1050 578//1050
f 578//1051 586//1051 579//1051
f 587//1052 580//1052 585//1052
f 588//1053 586//1053 580//1053
f 580//1054 587//1054 588//1054
f 583//1055 589//1055 585//1055
f 590//1056 587//1056 585//1056
f 585//1057 589//1057 590//1057
f 583//1058 591//1058 589//1058
f 584//1059 591//1059 583//1059
f 592//1060 590//1060 589//1060
f 593//1061 587//1061 590//1061
f 594//1062 588//1062 587//1062
f 587//1063 593//1063 594//1063
f 595//1064 588//1064 594//1064
f 594//1065 593//1065 595//1065
f 590//1066 596//1066 593//1066
f 596//1067 590//1067 592//1067
f 589//1068 597//1068 592//1068
f 591//1069 597//1069 589//1069
f 592//1070 598//1070 596//1070
f 591//1071 599//1071 597//1071
f 600//1072 592//1072 597//1072
f 598//1073 592//1073 600//1073
f 600//1074 597//1074 601//1074
f 601//1075 597//1075 599//1075
f 602//1076 598//1076 600//1076
f 601//1077 603//1077 600//1077
f 600//1078 603//1078 602//1078
f 604//1079 603//1079 601//1079
f 605//1080 598//1080 602//1080
f 605//1081 606//1081 598//1081
f 596//1082 598//1082 606//1082
f 607//1083 605//1083 602//1083
f 602//1084 603//1084 608//1084
f 608//1085 607//1085 602//1085
f 608//1086 603//1086 609//1086
f 604//1087 609//1087 603//1087
f 610//1088 607//1088 608//1088
f 608//1089 609//1089 610//1089
f 611//1090 605//1090 607//1090
f 611//1091 606//1091 605//1091
f 606//1092 612//1092 596//1092
f 593//1093 596//1093 612//1093
f 613//1094 612//1094 606//1094
f 606//1095 611//1095 613//1095
f 612//1096 614//1096 593//1096
f 614//1097 595//1097 593//1097
f 613//1098 615//1098 612//1098
f 615//1099 614//1099 612//1099
f 616//1100 595//1100 614//1100
f 614//1101 615//1101 616//1101
f 616//1102 617//1102 595//1102
f 595//1103 617//1103 588//1103
f 616//1104 615//1104 618//1104
f 619//1105 615//1105 613//1105
f 615//1106 619//1106 618//1106
f 620//1107 619//1107 613//1107
f 613//1108 611//1108 620//1108
f 616//1109 621//1109 617//1109
f 616//1110 618//1110 621//1110
f 622//1111 619//1111 620//1111
f 618//1112 619//1112 622//1112
f 623//1113 620//1113 611//1113
f 624//1114 620//1114 623//1114
f 622//1115 620//1115 624//1115
f 625//1116 623//1116 611//1116
f 624//1117 623//1117 626//1117
f 626//1118 623//1118 625//1118
f 627//1119 624//1119 626//1119
f 627//1120 622//1120 624//1120
f 618//1121 622//1121 628//1121
f 629//1122 625//1122 611//1122
f 607//1123 629//1123 611//1123
f 629//1124 607//1124 630//1124
f 610//1125 630//1125 607//1125
f 610//1126 631//1126 630//1126
f 629//1127 630//1127 631//1127
f 618//1128 628//1128 632//1128
f 622//1129 633//1129 628//1129
f 632//1130 628//1130 633//1130
f 632//1131 634//1131 618//1131
f 622//1132 635//1132 633//1132
f 627//1133 635//1133 622//1133
f 632//1134 633//1134 636//1134
f 636//1135 634//1135 632//1135
f 621//1136 618//1136 634//1136
f 636//1137 633//1137 637//1137
f 633//1138 635//1138 638//1138
f 638//1139 635//1139 627//1139
f 639//1140 637//1140 633//1140
f 633//1141 638//1141 639//1141
f 638//1142 640//1142 639//1142
f 639//1143 640//1143 637//1143
f 638//1144 627//1144 641//1144
f 641//1145 642//1145 638//1145
f 638//1146 642//1146 640//1146
f 627//1147 643//1147 641//1147
f 643//1148 642//1148 641//1148
f 644//1149 636//1149 637//1149
f 634//1150 636//1150 644//1150
f 644//1151 637//1151 645//1151
f 644//1152 646//1152 634//1152
f 634//1153 646//1153 621//1153
f 646//1154 644//1154 647//1154
f 647//1155 644//1155 645//1155
f 648//1156 646//1156 647//1156
f 621//1157 646//1157 648//1157
f 647//1158 649//1158 648//1158
f 645//1159 649//1159 647//1159
f 648//1160 650//1160 621//1160
f 648//1161 649//1161 650//1161
f 645//1162 637//1162 651//1162
f 640//1163 651//1163 637//1163
f 621//1164 650//1164 652//1164
f 653//1165 650//1165 649//1165
f 652//1166 650//1166 653//1166
f 654//1167 621//1167 652//1167
f 654//1168 617//1168 621//1168
f 588//1169 617//1169 654//1169
f 655//1170 654//1170 652//1170
f 655//1171 652//1171 653//1171
f 654//1172 656//1172 588//1172
f 656//1173 654//1173 655//1173
f 588//1174 656//1174 586//1174
f 656//1175 657//1175 586//1175
f 655//1176 657//1176 656//1176
f 579//1177 586//1177 657//1177
f 657//1178 655//1178 658//1178
f 653//1179 658//1179 655//1179
f 579//1180 657//1180 659//1180
f 657//1181 658//1181 659//1181
f 660//1182 658//1182 653//1182
f 659//1183 658//1183 660//1183
f 579//1184 659//1184 661//1184
f 661//1185 659//1185 662//1185
f 659//1186 660//1186 662//1186
f 661//1187 663//1187 579//1187
f 579//1188 663//1188 566//1188
f 663//1189 562//1189 566//1189
f 556//1190 562//1190 663//1190
f 664//1191 663//1191 661//1191
f 664//1192 556//1192 663//1192
f 661//1193 662//1193 664//1193
f 665//1194 556//1194 664//1194
f 666//1195 664//1195 662//1195
f 662//1196 660//1196 666//1196
f 667//1197 665//1197 664//1197
f 667//1198 664//1198 666//1198
f 668//1199 556//1199 665//1199
f 667//1200 668//1200 665//1200
f 556//1201 668//1201 542//1201
f 669//1202 542//1202 668//1202
f 530//1203 542//1203 669//1203
f 670//1204 668//1204 667//1204
f 670//1205 669//1205 668//1205
f 669//1206 671//1206 530//1206
f 530//1207 671//1207 528//1207
f 672//1208 669//1208 670//1208
f 672//1209 671//1209 669//1209
f 667//1210 673//1210 670//1210
f 670//1211 674//1211 672//1211
f 670//1212 673//1212 674//1212
f 667//1213 675//1213 673//1213
f 666//1214 675//1214 667//1214
f 676//1215 671//1215 672//1215
f 676//1216 528//1216 671//1216
f 672//1217 677//1217 676//1217
f 672//1218 674//1218 677//1218
f 678//1219 528//1219 676//1219
f 678//1220 521//1220 528//1220
f 676//1221 677//1221 679//1221
f 676//1222 679//1222 678//1222
f 680//1223 677//1223 674//1223
f 680//1224 679//1224 677//1224
f 521//1225 678//1225 681//1225
f 678//1226 679//1226 681//1226
f 681//1227 520//1227 521//1227
f 681//1228 682//1228 520//1228
f 487//1229 520//1229 682//1229
f 682//1230 482//1230 487//1230
f 683//1231 682//1231 681//1231
f 679//1232 683//1232 681//1232
f 684//1233 482//1233 682//1233
f 683//1234 684//1234 682//1234
f 684//1235 483//1235 482//1235
f 685//1236 684//1236 683//1236
f 483//1237 684//1237 685//1237
f 686//1238 683//1238 679//1238
f 685//1239 683//1239 686//1239
f 686//1240 679//1240 687//1240
f 687//1241 679//1241 680//1241
f 686//1242 688//1242 685//1242
f 685//1243 689//1243 483//1243
f 685//1244 688//1244 689//1244
f 686//1245 690//1245 688//1245
f 687//1246 690//1246 686//1246
f 680//1247 691//1247 687//1247
f 687//1248 691//1248 690//1248
f 692//1249 688//1249 690//1249
f 689//1250 688//1250 692//1250
f 692//1251 690//1251 693//1251
f 693//1252 690//1252 691//1252
f 692//1253 694//1253 689//1253
f 693//1254 695//1254 692//1254
f 692//1255 695//1255 694//1255
f 693//1256 696//1256 695//1256
f 693//1257 691//1257 697//1257
f 697//1258 696//1258 693//1258
f 697//1259 691//1259 698//1259
f 698//1260 699//1260 697//1260
f 697//1261 699//1261 696//1261
f 698//1262 691//1262 700//1262
f 680//1263 700//1263 691//1263
f 698//1264 701//1264 699//1264
f 700//1265 701//1265 698//1265
f 696//1266 699//1266 702//1266
f 702//1267 699//1267 701//1267
f 703//1268 700//1268 680//1268
f 680//1269 674//1269 703//1269
f 703//1270 674//1270 704//1270
f 704//1271 700//1271 703//1271
f 704//1272 674//1272 673//1272
f 704//1273 673//1273 675//1273
f 702//1274 705//1274 696//1274
f 704//1275 706//1275 700//1275
f 700//1276 707//1276 701//1276
f 706//1277 707//1277 700//1277
f 704//1278 708//1278 706//1278
f 675//1279 708//1279 704//1279
f 702//1267 701//1267 709//1267
f 709//1280 701//1280 707//1280
f 709//1281 710//1281 702//1281
f 702//1282 710//1282 705//1282
f 709//1283 707//1283 711//1283
f 709//1284 712//1284 710//1284
f 711//1285 712//1285 709//1285
f 713//1286 710//1286 712//1286
f 705//1287 710//1287 713//1287
f 714//1288 712//1288 711//1288
f 713//1289 712//1289 714//1289
f 711//1290 707//1290 715//1290
f 706//1291 715//1291 707//1291
f 716//1292 715//1292 706//1292
f 706//1293 708//1293 716//1293
f 716//1294 717//1294 715//1294
f 716//1295 708//1295 718//1295
f 675//1296 718//1296 708//1296
f 716//1297 718//1297 719//1297
f 719//1298 717//1298 716//1298
f 675//1299 720//1299 718//1299
f 719//1300 718//1300 720//1300
f 711//1301 715//1301 721//1301
f 721//1302 715//1302 717//1302
f 717//1303 719//1303 722//1303
f 719//1304 720//1304 722//1304
f 717//1305 723//1305 721//1305
f 724//1306 720//1306 675//1306
f 675//1307 666//1307 724//1307
f 724//1308 666//1308 660//1308
f 724//1309 725//1309 720//1309
f 660//1310 725//1310 724//1310
f 726//1311 720//1311 725//1311
f 722//1312 720//1312 726//1312
f 727//1313 725//1313 660//1313
f 726//1314 725//1314 727//1314
f 727//1315 660//1315 653//1315
f 717//1316 722//1316 728//1316
f 728//1317 722//1317 726//1317
f 728//1318 723//1318 717//1318
f 727//1319 653//1319 729//1319
f 729//1320 653//1320 649//1320
f 727//1321 730//1321 726//1321
f 729//1322 730//1322 727//1322
f 728//1323 726//1323 731//1323
f 731//1324 726//1324 730//1324
f 732//1325 723//1325 728//1325
f 731//1326 732//1326 728//1326
f 723//1327 732//1327 733//1327
f 721//1328 723//1328 733//1328
f 734//1329 730//1329 729//1329
f 733//1330 735//1330 721//1330
f 735//1331 711//1331 721//1331
f 711//1332 735//1332 714//1332
f 731//1333 730//1333 736//1333
f 736//1334 730//1334 734//1334
f 736//1335 737//1335 731//1335
f 734//1336 737//1336 736//1336
f 731//1337 737//1337 738//1337
f 734//1338 739//1338 737//1338
f 738//1339 737//1339 739//1339
f 729//1340 740//1340 734//1340
f 729//1341 649//1341 740//1341
f 645//1342 740//1342 649//1342
f 740//1343 741//1343 734//1343
f 734//1344 741//1344 739//1344
f 742//1345 740//1345 645//1345
f 740//1346 742//1346 741//1346
f 651//1347 742//1347 645//1347
f 743//1348 739//1348 741//1348
f 738//1349 739//1349 743//1349
f 741//1350 742//1350 744//1350
f 743//1351 741//1351 744//1351
f 745//1352 742//1352 651//1352
f 744//1353 742//1353 745//1353
f 744//1354 746//1354 743//1354
f 745//1355 746//1355 744//1355
f 743//1356 747//1356 738//1356
f 745//1357 651//1357 748//1357
f 749//1358 747//1358 743//1358
f 749//1359 743//1359 746//1359
f 748//1360 651//1360 640//1360
f 748//1361 750//1361 745//1361
f 745//1362 750//1362 746//1362
f 748//1363 640//1363 751//1363
f 748//1364 752//1364 750//1364
f 751//1365 752//1365 748//1365
f 746//1366 750//1366 753//1366
f 753//1367 750//1367 752//1367
f 751//1368 640//1368 642//1368
f 751//1369 642//1369 754//1369
f 751//1370 755//1370 752//1370
f 754//1371 756//1371 751//1371
f 751//1372 756//1372 755//1372
f 757//1373 756//1373 754//1373
f 754//1374 642//1374 757//1374
f 758//1375 755//1375 756//1375
f 759//1376 752//1376 755//1376
f 759//1377 755//1377 758//1377
f 753//1378 752//1378 759//1378
f 757//1379 642//1379 760//1379
f 643//1380 760//1380 642//1380
f 757//1381 761//1381 756//1381
f 758//1382 756//1382 761//1382
f 759//1383 762//1383 753//1383
f 758//1384 762//1384 759//1384
f 760//1385 763//1385 757//1385
f 763//1386 761//1386 757//1386
f 643//1387 764//1387 760//1387
f 760//1388 764//1388 763//1388
f 764//1389 643//1389 765//1389
f 643//1390 766//1390 765//1390
f 643//1391 627//1391 766//1391
f 766//1392 627//1392 626//1392
f 765//1393 766//1393 767//1393
f 764//1394 765//1394 767//1394
f 766//1395 626//1395 768//1395
f 626//1396 625//1396 768//1396
f 768//1397 625//1397 769//1397
f 629//1398 769//1398 625//1398
f 766//1399 768//1399 770//1399
f 768//1400 769//1400 770//1400
f 629//1401 771//1401 769//1401
f 769//1402 771//1402 770//1402
f 772//1403 771//1403 629//1403
f 629//1404 631//1404 772//1404
f 770//1405 773//1405 766//1405
f 766//1406 773//1406 767//1406
f 770//1407 771//1407 774//1407
f 773//1408 770//1408 774//1408
f 772//1409 775//1409 771//1409
f 774//1410 771//1410 775//1410
f 774//1411 776//1411 773//1411
f 767//1412 773//1412 777//1412
f 773//1413 776//1413 777//1413
f 778//1414 776//1414 774//1414
f 774//1415 775//1415 778//1415
f 778//1416 779//1416 776//1416
f 777//1417 776//1417 779//1417
f 780//1418 775//1418 772//1418
f 772//1419 781//1419 780//1419
f 772//1420 631//1420 781//1420
f 782//1421 775//1421 780//1421
f 780//1422 781//1422 782//1422
f 778//1423 775//1423 783//1423
f 782//1424 783//1424 775//1424
f 778//1425 783//1425 784//1425
f 784//1426 779//1426 778//1426
f 785//1427 783//1427 782//1427
f 784//1428 783//1428 785//1428
f 786//1429 782//1429 781//1429
f 787//1430 781//1430 631//1430
f 786//1431 781//1431 787//1431
f 787//1432 631//1432 610//1432
f 786//1433 788//1433 782//1433
f 782//1434 788//1434 785//1434
f 787//1435 789//1435 786//1435
f 610//1436 790//1436 787//1436
f 787//1437 790//1437 789//1437
f 610//1438 609//1438 790//1438
f 791//1439 788//1439 786//1439
f 786//1440 789//1440 791//1440
f 785//1441 788//1441 792//1441
f 791//1442 792//1442 788//1442
f 793//1443 790//1443 609//1443
f 794//1444 789//1444 790//1444
f 794//1445 790//1445 793//1445
f 793//1446 609//1446 795//1446
f 795//1447 609//1447 604//1447
f 793//1448 796//1448 794//1448
f 795//1449 797//1449 793//1449
f 793//1450 797//1450 796//1450
f 604//1451 798//1451 795//1451
f 795//1452 798//1452 797//1452
f 604//1453 799//1453 798//1453
f 601//1454 799//1454 604//1454
f 601//1455 599//1455 799//1455
f 800//1456 798//1456 799//1456
f 801//1457 797//1457 798//1457
f 801//1458 798//1458 800//1458
f 802//1459 797//1459 801//1459
f 802//1460 796//1460 797//1460
f 803//1461 799//1461 599//1461
f 800//1462 799//1462 803//1462
f 803//1463 599//1463 804//1463
f 800//1464 805//1464 801//1464
f 803//1465 806//1465 800//1465
f 800//1466 806//1466 805//1466
f 804//1467 807//1467 803//1467
f 803//1468 807//1468 806//1468
f 808//1469 804//1469 599//1469
f 808//1470 599//1470 591//1470
f 804//1471 809//1471 807//1471
f 809//1472 804//1472 808//1472
f 810//1473 806//1473 807//1473
f 810//1474 807//1474 809//1474
f 591//1475 811//1475 808//1475
f 584//1476 811//1476 591//1476
f 808//1477 812//1477 809//1477
f 808//1478 811//1478 812//1478
f 809//1479 812//1479 813//1479
f 810//1480 809//1480 813//1480
f 814//1481 812//1481 811//1481
f 814//1482 811//1482 584//1482
f 815//1483 812//1483 814//1483
f 812//1484 815//1484 813//1484
f 584//1485 816//1485 814//1485
f 575//1486 816//1486 584//1486
f 814//1487 817//1487 815//1487
f 814//1488 816//1488 817//1488
f 818//1489 816//1489 575//1489
f 816//1490 818//1490 817//1490
f 819//1491 818//1491 575//1491
f 571//1492 819//1492 575//1492
f 574//1493 819//1493 571//1493
f 818//1494 819//1494 820//1494
f 817//1495 818//1495 820//1495
f 574//1496 820//1496 819//1496
f 815//1497 817//1497 821//1497
f 820//1498 821//1498 817//1498
f 574//1499 822//1499 820//1499
f 815//1500 821//1500 823//1500
f 813//1501 815//1501 823//1501
f 823//1502 821//1502 824//1502
f 823//1503 825//1503 813//1503
f 824//1504 825//1504 823//1504
f 820//1505 826//1505 821//1505
f 826//1506 824//1506 821//1506
f 820//1507 822//1507 827//1507
f 827//1508 826//1508 820//1508
f 828//1509 822//1509 574//1509
f 827//1510 822//1510 828//1510
f 574//1511 829//1511 828//1511
f 574//1512 567//1512 829//1512
f 828//1513 829//1513 830//1513
f 829//1514 567//1514 830//1514
f 831//1515 830//1515 567//1515
f 567//1516 559//1516 831//1516
f 832//1517 831//1517 559//1517
f 831//1518 832//1518 830//1518
f 548//1519 832//1519 559//1519
f 833//1520 832//1520 548//1520
f 548//1521 547//1521 833//1521
f 830//1522 832//1522 834//1522
f 832//1523 833//1523 834//1523
f 833//1524 547//1524 835//1524
f 545//1525 835//1525 547//1525
f 835//1526 836//1526 833//1526
f 835//1527 545//1527 837//1527
f 836//1528 835//1528 837//1528
f 834//1529 833//1529 838//1529
f 838//1530 833//1530 836//1530
f 830//1531 834//1531 839//1531
f 834//1532 838//1532 840//1532
f 839//1533 834//1533 840//1533
f 836//1534 841//1534 838//1534
f 840//1535 838//1535 841//1535
f 841//1536 842//1536 840//1536
f 839//1537 840//1537 842//1537
f 843//1538 841//1538 836//1538
f 844//1539 830//1539 839//1539
f 843//1540 836//1540 845//1540
f 836//1541 837//1541 845//1541
f 843//1542 846//1542 841//1542
f 846//1543 842//1543 841//1543
f 847//1544 843//1544 845//1544
f 837//1545 847//1545 845//1545
f 848//1546 846//1546 843//1546
f 847//1547 848//1547 843//1547
f 842//1548 846//1548 849//1548
f 848//1549 849//1549 846//1549
f 850//1550 848//1550 847//1550
f 851//1551 847//1551 837//1551
f 851//1552 850//1552 847//1552
f 848//1553 850//1553 852//1553
f 848//1554 853//1554 849//1554
f 853//1555 848//1555 852//1555
f 854//1556 852//1556 850//1556
f 851//1557 854//1557 850//1557
f 852//1558 855//1558 853//1558
f 852//1559 854//1559 856//1559
f 852//1560 856//1560 855//1560
f 856//1561 854//1561 857//1561
f 853//1562 858//1562 849//1562
f 855//1563 856//1563 859//1563
f 857//1564 859//1564 856//1564
f 860//1565 853//1565 855//1565
f 853//1566 860//1566 858//1566
f 858//1567 861//1567 849//1567
f 849//1568 861//1568 842//1568
f 842//1569 861//1569 862//1569
f 839//1570 842//1570 862//1570
f 863//1571 839//1571 862//1571
f 844//1572 839//1572 863//1572
f 861//1573 864//1573 862//1573
f 863//1574 862//1574 864//1574
f 861//1575 858//1575 865//1575
f 861//1576 865//1576 864//1576
f 865//1577 858//1577 866//1577
f 860//1578 866//1578 858//1578
f 866//1579 867//1579 865//1579
f 866//1580 860//1580 868//1580
f 867//1581 866//1581 868//1581
f 869//1582 865//1582 867//1582
f 864//1583 865//1583 869//1583
f 870//1584 863//1584 864//1584
f 871//1585 863//1585 870//1585
f 863//1586 871//1586 844//1586
f 864//1587 872//1587 870//1587
f 870//1588 873//1588 871//1588
f 873//1589 870//1589 872//1589
f 844//1590 871//1590 874//1590
f 874//1591 830//1591 844//1591
f 828//1592 830//1592 874//1592
f 875//1593 874//1593 871//1593
f 871//1594 873//1594 875//1594
f 874//1595 876//1595 828//1595
f 876//1596 874//1596 875//1596
f 827//1597 828//1597 876//1597
f 877//1598 876//1598 875//1598
f 827//1599 876//1599 877//1599
f 877//1600 875//1600 873//1600
f 827//1601 877//1601 878//1601
f 826//1602 827//1602 878//1602
f 878//1603 824//1603 826//1603
f 878//1604 877//1604 879//1604
f 824//1605 878//1605 880//1605
f 880//1606 878//1606 879//1606
f 877//1607 881//1607 879//1607
f 873//1608 881//1608 877//1608
f 881//1609 880//1609 879//1609
f 873//1610 882//1610 881//1610
f 880//1611 883//1611 824//1611
f 824//1612 883//1612 825//1612
f 884//1613 880//1613 881//1613
f 884//1614 881//1614 882//1614
f 883//1615 880//1615 885//1615
f 885//1616 880//1616 884//1616
f 883//1617 886//1617 825//1617
f 885//1618 886//1618 883//1618
f 886//1619 887//1619 825//1619
f 813//1620 825//1620 887//1620
f 813//1621 887//1621 810//1621
f 888//1622 887//1622 886//1622
f 886//1623 885//1623 889//1623
f 886//1624 889//1624 888//1624
f 810//1625 887//1625 890//1625
f 888//1626 890//1626 887//1626
f 810//1627 890//1627 891//1627
f 891//1628 806//1628 810//1628
f 891//1629 805//1629 806//1629
f 891//1630 890//1630 892//1630
f 893//1631 805//1631 891//1631
f 891//1632 892//1632 893//1632
f 894//1633 890//1633 888//1633
f 894//1634 892//1634 890//1634
f 888//1635 895//1635 894//1635
f 888//1636 889//1636 895//1636
f 896//1637 892//1637 894//1637
f 894//1638 895//1638 896//1638
f 897//1639 892//1639 896//1639
f 896//1640 895//1640 897//1640
f 893//1641 892//1641 898//1641
f 897//1642 898//1642 892//1642
f 893//1643 899//1643 805//1643
f 801//1644 805//1644 899//1644
f 801//1645 899//1645 802//1645
f 900//1646 899//1646 893//1646
f 893//1647 898//1647 900//1647
f 900//1648 901//1648 899//1648
f 802//1649 899//1649 901//1649
f 900//1650 898//1650 901//1650
f 802//1651 901//1651 902//1651
f 902//1652 796//1652 802//1652
f 901//1653 898//1653 903//1653
f 902//1654 901//1654 903//1654
f 904//1655 898//1655 897//1655
f 902//1656 905//1656 796//1656
f 794//1657 796//1657 905//1657
f 906//1658 905//1658 902//1658
f 902//1659 903//1659 906//1659
f 794//1660 905//1660 907//1660
f 907//1661 789//1661 794//1661
f 906//1662 908//1662 905//1662
f 907//1663 905//1663 908//1663
f 907//1664 909//1664 789//1664
f 907//1665 908//1665 909//1665
f 791//1666 789//1666 909//1666
f 906//1667 903//1667 910//1667
f 910//1668 908//1668 906//1668
f 791//1669 909//1669 911//1669
f 911//1670 792//1670 791//1670
f 909//1671 908//1671 912//1671
f 911//1672 909//1672 912//1672
f 910//1673 913//1673 908//1673
f 912//1674 908//1674 913//1674
f 911//1675 912//1675 914//1675
f 914//1676 792//1676 911//1676
f 912//1677 913//1677 915//1677
f 913//1678 910//1678 916//1678
f 912//1679 917//1679 914//1679
f 915//1680 917//1680 912//1680
f 915//1681 913//1681 918//1681
f 913//1682 916//1682 918//1682
f 915//1683 919//1683 917//1683
f 916//1684 910//1684 920//1684
f 920//1685 910//1685 903//1685
f 916//1686 921//1686 918//1686
f 916//1687 922//1687 921//1687
f 922//1688 916//1688 920//1688
f 918//1689 921//1689 923//1689
f 923//1690 921//1690 922//1690
f 918//1691 924//1691 915//1691
f 918//1692 923//1692 925//1692
f 924//1693 918//1693 925//1693
f 915//1694 924//1694 926//1694
f 915//1695 926//1695 919//1695
f 924//1696 927//1696 926//1696
f 927//1697 924//1697 925//1697
f 926//1698 928//1698 919//1698
f 928//1699 926//1699 927//1699
f 919//1700 928//1700 929//1700
f 929//1701 917//1701 919//1701
f 930//1702 917//1702 929//1702
f 930//1703 914//1703 917//1703
f 929//1704 931//1704 930//1704
f 929//1705 928//1705 931//1705
f 932//1706 914//1706 930//1706
f 931//1707 932//1707 930//1707
f 932//1708 933//1708 914//1708
f 934//1709 931//1709 928//1709
f 935//1710 932//1710 931//1710
f 933//1711 932//1711 936//1711
f 932//1712 935//1712 936//1712
f 933//1713 937//1713 914//1713
f 937//1714 792//1714 914//1714
f 785//1715 792//1715 937//1715
f 938//1716 935//1716 931//1716
f 931//1717 934//1717 938//1717
f 937//1718 939//1718 785//1718
f 784//1719 785//1719 939//1719
f 933//1720 940//1720 937//1720
f 937//1721 940//1721 939//1721
f 941//1722 940//1722 933//1722
f 933//1723 936//1723 941//1723
f 939//1724 940//1724 942//1724
f 940//1725 941//1725 942//1725
f 939//1726 943//1726 784//1726
f 943//1727 939//1727 942//1727
f 942//1728 941//1728 944//1728
f 943//1729 942//1729 944//1729
f 941//1730 936//1730 945//1730
f 784//1731 943//1731 946//1731
f 784//1732 946//1732 779//1732
f 941//1733 945//1733 947//1733
f 947//1734 944//1734 941//1734
f 936//1735 948//1735 945//1735
f 948//1736 947//1736 945//1736
f 936//1737 949//1737 948//1737
f 936//1738 935//1738 949//1738
f 950//1739 949//1739 935//1739
f 950//1740 948//1740 949//1740
f 950//1741 935//1741 938//1741
f 951//1742 950//1742 938//1742
f 951//1743 938//1743 934//1743
f 951//1744 952//1744 950//1744
f 953//1745 948//1745 950//1745
f 952//1746 953//1746 950//1746
f 948//1747 953//1747 954//1747
f 954//1748 947//1748 948//1748
f 954//1749 953//1749 955//1749
f 947//1750 956//1750 944//1750
f 954//1751 957//1751 947//1751
f 956//1752 947//1752 958//1752
f 957//1753 958//1753 947//1753
f 959//1754 957//1754 954//1754
f 955//1755 959//1755 954//1755
f 960//1756 958//1756 957//1756
f 957//1757 959//1757 960//1757
f 958//1758 961//1758 956//1758
f 956//1759 961//1759 944//1759
f 961//1760 958//1760 962//1760
f 962//1761 958//1761 960//1761
f 944//1762 961//1762 963//1762
f 944//1763 963//1763 943//1763
f 963//1764 961//1764 964//1764
f 964//1765 961//1765 962//1765
f 943//1766 963//1766 965//1766
f 965//1767 963//1767 964//1767
f 965//1768 946//1768 943//1768
f 946//1769 965//1769 966//1769
f 966//1770 965//1770 964//1770
f 966//1771 779//1771 946//1771
f 967//1772 779//1772 966//1772
f 777//1773 779//1773 967//1773
f 967//1774 966//1774 968//1774
f 968//1775 777//1775 967//1775
f 969//1776 968//1776 966//1776
f 777//1777 968//1777 969//1777
f 966//1778 964//1778 969//1778
f 969//1779 970//1779 777//1779
f 970//1780 767//1780 777//1780
f 767//1781 970//1781 764//1781
f 764//1782 970//1782 971//1782
f 969//1783 971//1783 970//1783
f 764//1784 971//1784 972//1784
f 763//1785 764//1785 972//1785
f 973//1786 971//1786 969//1786
f 974//1787 763//1787 972//1787
f 972//1788 971//1788 975//1788
f 971//1789 973//1789 975//1789
f 975//1790 974//1790 972//1790
f 763//1791 974//1791 761//1791
f 975//1792 973//1792 976//1792
f 969//1793 977//1793 973//1793
f 973//1794 977//1794 976//1794
f 969//1795 978//1795 977//1795
f 969//1796 964//1796 978//1796
f 977//1797 978//1797 979//1797
f 979//1798 976//1798 977//1798
f 964//1799 980//1799 978//1799
f 978//1800 980//1800 979//1800
f 981//1801 980//1801 964//1801
f 962//1802 981//1802 964//1802
f 981//1803 962//1803 980//1803
f 980//1804 962//1804 982//1804
f 979//1805 980//1805 982//1805
f 962//1806 983//1806 982//1806
f 962//1807 960//1807 983//1807
f 982//1808 984//1808 979//1808
f 982//1809 983//1809 985//1809
f 985//1810 984//1810 982//1810
f 983//1811 960//1811 986//1811
f 985//1812 983//1812 986//1812
f 979//1813 984//1813 987//1813
f 987//1814 976//1814 979//1814
f 985//1815 988//1815 984//1815
f 987//1816 984//1816 988//1816
f 985//1817 986//1817 989//1817
f 989//1818 990//1818 985//1818
f 990//1819 988//1819 985//1819
f 991//1820 990//1820 989//1820
f 986//1821 991//1821 989//1821
f 988//1822 990//1822 992//1822
f 987//1823 988//1823 993//1823
f 993//1824 988//1824 992//1824
f 994//1825 987//1825 993//1825
f 976//1826 987//1826 994//1826
f 994//1827 995//1827 976//1827
f 976//1828 995//1828 975//1828
f 995//1829 974//1829 975//1829
f 996//1830 974//1830 995//1830
f 761//1831 974//1831 996//1831
f 995//1832 994//1832 997//1832
f 997//1833 996//1833 995//1833
f 994//1834 993//1834 998//1834
f 997//1835 994//1835 998//1835
f 998//1836 993//1836 999//1836
f 992//1837 999//1837 993//1837
f 997//1838 998//1838 1000//1838
f 998//1839 999//1839 1001//1839
f 1000//1840 998//1840 1001//1840
f 997//1841 1002//1841 996//1841
f 1000//1842 1002//1842 997//1842
f 996//1843 1002//1843 1003//1843
f 1003//1844 761//1844 996//1844
f 1004//1845 1002//1845 1000//1845
f 1005//1846 761//1846 1003//1846
f 758//1847 761//1847 1005//1847
f 1003//1848 1002//1848 1006//1848
f 1004//1849 1006//1849 1002//1849
f 1003//1850 1006//1850 1005//1850
f 1005//1851 1007//1851 758//1851
f 1005//1852 1006//1852 1007//1852
f 758//1853 1007//1853 762//1853
f 1008//1854 1006//1854 1004//1854
f 1008//1855 1007//1855 1006//1855
f 1004//1856 1009//1856 1008//1856
f 1000//1857 1009//1857 1004//1857
f 1010//1858 1007//1858 1008//1858
f 1010//1859 762//1859 1007//1859
f 1008//1860 1011//1860 1010//1860
f 1008//1861 1009//1861 1011//1861
f 1012//1862 762//1862 1010//1862
f 1000//1863 1013//1863 1009//1863
f 1010//1864 1011//1864 1014//1864
f 1010//1865 1014//1865 1012//1865
f 1012//1866 1015//1866 762//1866
f 753//1867 762//1867 1015//1867
f 1001//1868 1013//1868 1000//1868
f 753//1869 1015//1869 1016//1869
f 753//1870 1016//1870 746//1870
f 746//1871 1016//1871 749//1871
f 1017//1872 1016//1872 1015//1872
f 1017//1873 1015//1873 1012//1873
f 1018//1874 749//1874 1016//1874
f 1018//1875 1016//1875 1017//1875
f 1012//1876 1019//1876 1017//1876
f 1012//1877 1014//1877 1019//1877
f 1017//1878 1020//1878 1018//1878
f 1017//1879 1019//1879 1020//1879
f 1021//1880 749//1880 1018//1880
f 1018//1881 1020//1881 1021//1881
f 1019//1882 1014//1882 1022//1882
f 1022//1883 1014//1883 1011//1883
f 1023//1884 1020//1884 1019//1884
f 1024//1885 1020//1885 1023//1885
f 1024//1886 1021//1886 1020//1886
f 1019//1887 1025//1887 1023//1887
f 1019//1888 1022//1888 1025//1888
f 1023//1889 1026//1889 1024//1889
f 1023//1890 1025//1890 1026//1890
f 1027//1891 1021//1891 1024//1891
f 1024//1892 1026//1892 1028//1892
f 1024//1893 1028//1893 1027//1893
f 1029//1894 1026//1894 1025//1894
f 1030//1895 1028//1895 1026//1895
f 1030//1896 1026//1896 1029//1896
f 1029//1897 1025//1897 1031//1897
f 1031//1898 1025//1898 1022//1898
f 1030//1899 1029//1899 1032//1899
f 1033//1900 1028//1900 1030//1900
f 1030//1901 1032//1901 1033//1901
f 1032//1902 1029//1902 1034//1902
f 1034//1903 1029//1903 1031//1903
f 1035//1904 1033//1904 1032//1904
f 1034//1905 1036//1905 1032//1905
f 1032//1906 1036//1906 1035//1906
f 1037//1907 1033//1907 1035//1907
f 1035//1908 1036//1908 1037//1908
f 1033//1909 1038//1909 1028//1909
f 1027//1910 1028//1910 1038//1910
f 1037//1911 1039//1911 1033//1911
f 1033//1912 1039//1912 1038//1912
f 1040//1913 1037//1913 1036//1913
f 1037//1914 1040//1914 1041//1914
f 1042//1915 1040//1915 1036//1915
f 1041//1916 1040//1916 1042//1916
f 1039//1917 1037//1917 1043//1917
f 1037//1918 1041//1918 1043//1918
f 1039//1919 1043//1919 1044//1919
f 1038//1920 1039//1920 1044//1920
f 1043//1921 1041//1921 1045//1921
f 1038//1922 1046//1922 1027//1922
f 1027//1923 1046//1923 1021//1923
f 1044//1924 1043//1924 1047//1924
f 1045//1925 1047//1925 1043//1925
f 1047//1926 1048//1926 1044//1926
f 1041//1927 1049//1927 1045//1927
f 1045//1928 1050//1928 1047//1928
f 1045//1929 1049//1929 1050//1929
f 1050//1930 1051//1930 1047//1930
f 1047//1931 1051//1931 1048//1931
f 1052//1932 1051//1932 1050//1932
f 1044//1933 1053//1933 1038//1933
f 1048//1934 1053//1934 1044//1934
f 1054//1935 1038//1935 1053//1935
f 1054//1936 1046//1936 1038//1936
f 1055//1937 1048//1937 1051//1937
f 1052//1938 1055//1938 1051//1938
f 1056//1939 1053//1939 1048//1939
f 1053//1940 1057//1940 1054//1940
f 1057//1941 1053//1941 1056//1941
f 1058//1942 1046//1942 1054//1942
f 1058//1943 1054//1943 1057//1943
f 1059//1944 1048//1944 1055//1944
f 1048//1945 1059//1945 1056//1945
f 1060//1946 1059//1946 1055//1946
f 1052//1947 1060//1947 1055//1947
f 1061//1948 1056//1948 1059//1948
f 1061//1949 1057//1949 1056//1949
f 1059//1950 1060//1950 1062//1950
f 1062//1951 1061//1951 1059//1951
f 1052//1952 1063//1952 1060//1952
f 1064//1953 1062//1953 1060//1953
f 1060//1954 1063//1954 1064//1954
f 1064//1955 1065//1955 1062//1955
f 1065//1956 1064//1956 1063//1956
f 1066//1957 1061//1957 1062//1957
f 1067//1958 1057//1958 1061//1958
f 1066//1959 1067//1959 1061//1959
f 1057//1960 1067//1960 1068//1960
f 1057//1961 1068//1961 1058//1961
f 1068//1962 1067//1962 733//1962
f 1067//1963 735//1963 733//1963
f 735//1964 1067//1964 1066//1964
f 733//1965 732//1965 1068//1965
f 1066//1966 714//1966 735//1966
f 1069//1967 1068//1967 732//1967
f 1069//1968 1058//1968 1068//1968
f 731//1969 1069//1969 732//1969
f 738//1970 1069//1970 731//1970
f 738//1971 1070//1971 1069//1971
f 1070//1972 1058//1972 1069//1972
f 738//1973 747//1973 1070//1973
f 1070//1974 1071//1974 1058//1974
f 1058//1975 1071//1975 1046//1975
f 1070//1976 747//1976 1072//1976
f 1072//1977 1071//1977 1070//1977
f 1046//1978 1071//1978 1072//1978
f 1072//1979 747//1979 749//1979
f 1046//1980 1072//1980 1021//1980
f 1021//1981 1072//1981 749//1981
f 1066//1982 1073//1982 714//1982
f 713//1983 714//1983 1073//1983
f 1066//1984 1074//1984 1073//1984
f 1062//1985 1074//1985 1066//1985
f 713//1986 1073//1986 1075//1986
f 1074//1987 1075//1987 1073//1987
f 1062//1988 1065//1988 1074//1988
f 713//1989 1075//1989 1076//1989
f 1074//1990 1077//1990 1075//1990
f 1065//1991 1077//1991 1074//1991
f 1076//1992 1075//1992 1077//1992
f 713//1993 1076//1993 705//1993
f 1065//1994 1078//1994 1077//1994
f 1077//1995 1079//1995 1076//1995
f 1079//1996 1077//1996 1078//1996
f 1080//1997 1078//1997 1065//1997
f 1063//1998 1080//1998 1065//1998
f 1079//1999 1078//1999 1081//1999
f 1063//2000 1082//2000 1080//2000
f 1080//2001 1083//2001 1078//2001
f 1078//2002 1083//2002 1081//2002
f 1084//2003 1083//2003 1080//2003
f 1084//2004 1080//2004 1082//2004
f 1083//2005 1085//2005 1081//2005
f 1084//2006 1086//2006 1083//2006
f 1086//2007 1085//2007 1083//2007
f 1079//2008 1081//2008 1087//2008
f 1087//2009 1081//2009 1085//2009
f 1079//2010 1087//2010 1088//2010
f 1076//2011 1079//2011 1088//2011
f 1086//2012 1084//2012 1089//2012
f 1088//2013 1090//2013 1076//2013
f 705//2014 1076//2014 1090//2014
f 1091//2015 1088//2015 1087//2015
f 1090//2016 1092//2016 705//2016
f 696//2017 705//2017 1092//2017
f 696//2018 1092//2018 695//2018
f 695//2019 1092//2019 1093//2019
f 1093//2020 1092//2020 1090//2020
f 695//2021 1093//2021 694//2021
f 1094//2022 1090//2022 1088//2022
f 1094//2023 1088//2023 1091//2023
f 1090//2024 1094//2024 1093//2024
f 1091//2025 1095//2025 1094//2025
f 1093//2026 1094//2026 1096//2026
f 1096//2027 1094//2027 1095//2027
f 694//2028 1093//2028 1097//2028
f 1093//2029 1096//2029 1097//2029
f 694//2030 1097//2030 1098//2030
f 1098//2031 689//2031 694//2031
f 1097//2032 1096//2032 1099//2032
f 1099//2033 1096//2033 1095//2033
f 1097//2034 1099//2034 1100//2034
f 1098//2035 1097//2035 1100//2035
f 1099//2036 1095//2036 1101//2036
f 1100//2037 1099//2037 1102//2037
f 1101//2038 1102//2038 1099//2038
f 1103//2039 1100//2039 1102//2039
f 1101//2040 1104//2040 1102//2040
f 1103//2041 1102//2041 1104//2041
f 1103//2042 1105//2042 1100//2042
f 1098//2043 1100//2043 1105//2043
f 1101//2044 1095//2044 1106//2044
f 1098//2045 1107//2045 689//2045
f 483//2046 689//2046 1107//2046
f 483//2047 1107//2047 481//2047
f 484//2048 481//2048 1107//2048
f 1098//2049 484//2049 1107//2049
f 1108//2050 484//2050 1098//2050
f 1108//2051 1098//2051 1105//2051
f 484//2052 1108//2052 1109//2052
f 1109//2053 1110//2053 484//2053
f 469//2054 484//2054 1110//2054
f 1110//2055 465//2055 469//2055
f 468//2056 465//2056 1110//2056
f 1111//2057 1110//2057 1109//2057
f 1110//2058 1111//2058 468//2058
f 1112//2059 1109//2059 1108//2059
f 1112//2060 1111//2060 1109//2060
f 1113//2061 1108//2061 1105//2061
f 1113//2062 1112//2062 1108//2062
f 1114//2063 1113//2063 1105//2063
f 1105//2064 1103//2064 1114//2064
f 1115//2065 1112//2065 1113//2065
f 1116//2066 1114//2066 1103//2066
f 1115//2067 1117//2067 1112//2067
f 1103//2068 1104//2068 1116//2068
f 1118//2069 1117//2069 1115//2069
f 1112//2070 1117//2070 1119//2070
f 1119//2071 1111//2071 1112//2071
f 1119//2072 1117//2072 1120//2072
f 1118//2073 1120//2073 1117//2073
f 1119//2074 1121//2074 1111//2074
f 1119//2075 1120//2075 1121//2075
f 1111//2076 1121//2076 1122//2076
f 1122//2077 1123//2077 1111//2077
f 468//2078 1111//2078 1123//2078
f 1123//2079 462//2079 468//2079
f 1124//2080 1123//2080 1122//2080
f 1122//2081 1121//2081 1124//2081
f 1125//2082 462//2082 1123//2082
f 1124//2083 1125//2083 1123//2083
f 1125//2084 1126//2084 462//2084
f 462//2085 1126//2085 463//2085
f 1127//2086 463//2086 1126//2086
f 1125//2087 1128//2087 1126//2087
f 1127//2088 1126//2088 1128//2088
f 1129//2089 1125//2089 1124//2089
f 1129//2090 1128//2090 1125//2090
f 464//2091 463//2091 1127//2091
f 1124//2092 1130//2092 1129//2092
f 1131//2093 1124//2093 1121//2093
f 1131//2094 1130//2094 1124//2094
f 1121//2095 1120//2095 1131//2095
f 1132//2096 1130//2096 1131//2096
f 1129//2097 1130//2097 1133//2097
f 1132//2098 1133//2098 1130//2098
f 1129//2099 1133//2099 1134//2099
f 1134//2100 1128//2100 1129//2100
f 1131//2101 1120//2101 1135//2101
f 1131//2102 1135//2102 1132//2102
f 1136//2103 1135//2103 1120//2103
f 1136//2104 1120//2104 1118//2104
f 1132//2105 1135//2105 1137//2105
f 1138//2106 1135//2106 1136//2106
f 1138//2107 1137//2107 1135//2107
f 1118//2108 1139//2108 1136//2108
f 1136//2109 1140//2109 1138//2109
f 1136//2110 1139//2110 1140//2110
f 1138//2111 1140//2111 1141//2111
f 1142//2112 1140//2112 1139//2112
f 1141//2113 1140//2113 1142//2113
f 1143//2114 1139//2114 1118//2114
f 1142//2115 1139//2115 1143//2115
f 1144//2116 1137//2116 1138//2116
f 1138//2117 1141//2117 1144//2117
f 1144//2118 1145//2118 1137//2118
f 1132//2119 1137//2119 1145//2119
f 1144//2120 1141//2120 1146//2120
f 1146//2121 1145//2121 1144//2121
f 1132//2122 1145//2122 1147//2122
f 1147//2123 1133//2123 1132//2123
f 1147//2124 1145//2124 1148//2124
f 1146//2125 1148//2125 1145//2125
f 1147//2126 1149//2126 1133//2126
f 1134//2127 1133//2127 1149//2127
f 1147//2128 1148//2128 1150//2128
f 1150//2129 1149//2129 1147//2129
f 1134//2130 1149//2130 1151//2130
f 1151//2131 1149//2131 1150//2131
f 1151//2132 1152//2132 1134//2132
f 1134//2100 1152//2100 1128//2100
f 1151//2133 1150//2133 1153//2133
f 1128//2134 1152//2134 1154//2134
f 1128//2135 1154//2135 1127//2135
f 1151//2136 1155//2136 1152//2136
f 1153//2137 1155//2137 1151//2137
f 1154//2138 1152//2138 1156//2138
f 1156//2139 1152//2139 1155//2139
f 1127//2140 1154//2140 1157//2140
f 1157//2141 1154//2141 1156//2141
f 1127//2142 1157//2142 1158//2142
f 1127//2143 1158//2143 464//2143
f 1159//2144 1157//2144 1156//2144
f 1159//2145 1158//2145 1157//2145
f 1156//2146 1155//2146 1160//2146
f 1160//2147 1159//2147 1156//2147
f 1160//2148 1155//2148 1153//2148
f 1161//2149 1158//2149 1159//2149
f 464//2150 1158//2150 1161//2150
f 1160//2151 1162//2151 1159//2151
f 1162//2152 1161//2152 1159//2152
f 1160//2153 1153//2153 1163//2153
f 1163//2154 1162//2154 1160//2154
f 464//2155 1161//2155 1164//2155
f 464//2156 1164//2156 453//2156
f 453//2157 1164//2157 451//2157
f 1165//2158 451//2158 1164//2158
f 456//2159 451//2159 1165//2159
f 1166//2160 1164//2160 1161//2160
f 1165//2161 1164//2161 1166//2161
f 1161//2162 1162//2162 1167//2162
f 1161//2163 1167//2163 1166//2163
f 1166//2164 1168//2164 1165//2164
f 1166//2165 1167//2165 1168//2165
f 1165//2166 1169//2166 456//2166
f 1165//2167 1168//2167 1169//2167
f 456//2168 1169//2168 1170//2168
f 1167//2169 1162//2169 1171//2169
f 1163//2170 1171//2170 1162//2170
f 1168//2171 1167//2171 1172//2171
f 1171//2172 1172//2172 1167//2172
f 1173//2173 1169//2173 1168//2173
f 1173//2174 1168//2174 1172//2174
f 1174//2175 1169//2175 1173//2175
f 1174//2176 1170//2176 1169//2176
f 456//2177 1170//2177 449//2177
f 1173//2178 1175//2178 1174//2178
f 449//2179 1170//2179 1176//2179
f 1173//2180 1172//2180 1177//2180
f 1177//2181 1175//2181 1173//2181
f 1178//2182 1170//2182 1174//2182
f 1178//2183 1176//2183 1170//2183
f 1174//2184 1175//2184 1179//2184
f 1174//2185 1179//2185 1178//2185
f 1180//2186 1175//2186 1177//2186
f 1180//2187 1179//2187 1175//2187
f 1181//2188 1177//2188 1172//2188
f 1177//2189 1181//2189 1180//2189
f 1182//2190 1181//2190 1172//2190
f 1182//2191 1172//2191 1171//2191
f 1183//2192 1181//2192 1182//2192
f 1184//2193 1182//2193 1171//2193
f 1183//2194 1182//2194 1184//2194
f 1184//2195 1171//2195 1163//2195
f 1185//2196 1184//2196 1163//2196
f 1183//2197 1184//2197 1185//2197
f 1163//2198 1153//2198 1185//2198
f 1181//2199 1183//2199 1186//2199
f 1180//2200 1181//2200 1186//2200
f 1185//2201 1187//2201 1183//2201
f 1188//2202 1185//2202 1153//2202
f 1187//2203 1185//2203 1188//2203
f 1153//2204 1150//2204 1188//2204
f 1189//2205 1188//2205 1150//2205
f 1187//2206 1188//2206 1189//2206
f 1150//2207 1148//2207 1189//2207
f 1190//2208 1189//2208 1148//2208
f 1189//2209 1190//2209 1187//2209
f 1190//2210 1148//2210 1146//2210
f 1183//2211 1187//2211 1191//2211
f 1183//2212 1191//2212 1186//2212
f 1187//2213 1190//2213 1192//2213
f 1192//2214 1191//2214 1187//2214
f 1193//2215 1190//2215 1146//2215
f 1194//2216 1192//2216 1190//2216
f 1194//2217 1190//2217 1193//2217
f 1193//2218 1146//2218 1195//2218
f 1195//2219 1146//2219 1141//2219
f 1196//2220 1194//2220 1193//2220
f 1197//2221 1193//2221 1195//2221
f 1196//2222 1193//2222 1197//2222
f 1141//2223 1198//2223 1195//2223
f 1197//2224 1195//2224 1198//2224
f 1142//2225 1198//2225 1141//2225
f 1199//2226 1192//2226 1194//2226
f 1199//2227 1194//2227 1196//2227
f 1142//2228 1200//2228 1198//2228
f 1198//2229 1201//2229 1197//2229
f 1200//2230 1201//2230 1198//2230
f 1197//2231 1202//2231 1196//2231
f 1201//2232 1202//2232 1197//2232
f 1142//2233 1203//2233 1200//2233
f 1143//2234 1203//2234 1142//2234
f 1200//2235 1204//2235 1201//2235
f 1201//2236 1205//2236 1202//2236
f 1204//2237 1205//2237 1201//2237
f 1200//2238 1203//2238 1206//2238
f 1206//2239 1204//2239 1200//2239
f 1143//2240 1207//2240 1203//2240
f 1206//2241 1203//2241 1207//2241
f 1204//2242 1208//2242 1205//2242
f 1202//2243 1205//2243 1208//2243
f 1206//2244 1209//2244 1204//2244
f 1207//2245 1209//2245 1206//2245
f 1204//2246 1210//2246 1208//2246
f 1204//2247 1209//2247 1211//2247
f 1211//2248 1210//2248 1204//2248
f 1211//2249 1209//2249 1212//2249
f 1207//2250 1212//2250 1209//2250
f 1211//2251 1213//2251 1210//2251
f 1212//2252 1213//2252 1211//2252
f 1214//2253 1208//2253 1210//2253
f 1202//2254 1208//2254 1214//2254
f 1214//2255 1210//2255 1215//2255
f 1215//2256 1210//2256 1213//2256
f 1214//2257 1216//2257 1202//2257
f 1215//2258 1216//2258 1214//2258
f 1215//2259 1217//2259 1216//2259
f 1213//2260 1218//2260 1215//2260
f 1215//2261 1218//2261 1217//2261
f 1219//2262 1216//2262 1217//2262
f 1219//2263 1217//2263 1218//2263
f 1220//2264 1202//2264 1216//2264
f 1219//2265 1220//2265 1216//2265
f 1221//2266 1202//2266 1220//2266
f 1221//2267 1196//2267 1202//2267
f 1220//2268 1219//2268 1222//2268
f 1196//2269 1221//2269 1199//2269
f 1222//2270 1223//2270 1220//2270
f 1220//2271 1224//2271 1221//2271
f 1224//2272 1220//2272 1223//2272
f 1199//2273 1221//2273 1225//2273
f 1221//2274 1224//2274 1226//2274
f 1221//2275 1226//2275 1225//2275
f 1199//2276 1225//2276 1227//2276
f 1226//2277 1227//2277 1225//2277
f 1228//2278 1226//2278 1224//2278
f 1227//2279 1226//2279 1228//2279
f 1224//2280 1223//2280 1229//2280
f 1224//2281 1229//2281 1228//2281
f 1230//2282 1229//2282 1223//2282
f 1222//2283 1230//2283 1223//2283
f 1230//2284 1231//2284 1229//2284
f 1232//2285 1230//2285 1222//2285
f 1222//2286 1219//2286 1232//2286
f 1230//2287 1232//2287 1233//2287
f 1233//2288 1231//2288 1230//2288
f 1232//2289 1219//2289 1234//2289
f 1218//2290 1234//2290 1219//2290
f 1233//2291 1232//2291 1235//2291
f 1232//2292 1234//2292 1235//2292
f 1231//2293 1233//2293 1236//2293
f 1237//2294 1229//2294 1231//2294
f 1229//2295 1237//2295 1228//2295
f 1237//2296 1231//2296 1238//2296
f 1237//2297 1238//2297 1239//2297
f 1228//2298 1237//2298 1239//2298
f 1231//2299 1240//2299 1238//2299
f 1231//2300 1236//2300 1240//2300
f 1238//2301 1240//2301 1239//2301
f 1233//2302 1241//2302 1236//2302
f 1235//2303 1241//2303 1233//2303
f 1241//2304 1240//2304 1236//2304
f 1234//2305 1242//2305 1235//2305
f 1235//2306 1242//2306 1241//2306
f 1243//2307 1242//2307 1234//2307
f 1243//2308 1234//2308 1218//2308
f 1244//2309 1243//2309 1218//2309
f 1244//2310 1218//2310 1213//2310
f 1243//2311 1245//2311 1242//2311
f 1244//2312 1245//2312 1243//2312
f 1246//2313 1242//2313 1245//2313
f 1241//2314 1242//2314 1246//2314
f 1244//2315 1247//2315 1245//2315
f 1213//2316 1248//2316 1244//2316
f 1244//2317 1248//2317 1247//2317
f 1248//2318 1213//2318 1212//2318
f 1248//2319 1116//2319 1247//2319
f 1104//2320 1245//2320 1247//2320
f 1247//2321 1116//2321 1104//2321
f 1246//2322 1245//2322 1104//2322
f 1248//2323 1249//2323 1116//2323
f 1212//2324 1249//2324 1248//2324
f 1249//2325 1114//2325 1116//2325
f 1249//2326 1212//2326 1207//2326
f 1249//2327 1250//2327 1114//2327
f 1207//2328 1250//2328 1249//2328
f 1250//2329 1113//2329 1114//2329
f 1250//2330 1207//2330 1251//2330
f 1250//2331 1251//2331 1113//2331
f 1251//2332 1207//2332 1143//2332
f 1113//2333 1251//2333 1115//2333
f 1143//2334 1118//2334 1251//2334
f 1115//2335 1251//2335 1118//2335
f 1104//2336 1252//2336 1246//2336
f 1252//2337 1104//2337 1101//2337
f 1101//2338 1106//2338 1252//2338
f 1246//2339 1252//2339 1253//2339
f 1254//2340 1252//2340 1106//2340
f 1252//2341 1254//2341 1253//2341
f 1253//2342 1241//2342 1246//2342
f 1255//2343 1254//2343 1106//2343
f 1241//2344 1253//2344 1256//2344
f 1106//2345 1257//2345 1255//2345
f 1095//2346 1257//2346 1106//2346
f 1095//2347 1091//2347 1257//2347
f 1091//2348 1087//2348 1257//2348
f 1257//2349 1087//2349 1085//2349
f 1257//2350 1085//2350 1255//2350
f 1255//2351 1085//2351 1258//2351
f 1259//2352 1258//2352 1085//2352
f 1086//2353 1259//2353 1085//2353
f 1260//2354 1255//2354 1258//2354
f 1260//2355 1254//2355 1255//2355
f 1259//2356 1261//2356 1258//2356
f 1086//2357 1261//2357 1259//2357
f 1261//2358 1260//2358 1258//2358
f 1086//2359 1089//2359 1261//2359
f 1262//2360 1260//2360 1261//2360
f 1254//2361 1260//2361 1263//2361
f 1262//2362 1264//2362 1260//2362
f 1264//2363 1263//2363 1260//2363
f 1253//2364 1254//2364 1263//2364
f 1262//2365 1261//2365 1265//2365
f 1264//2366 1262//2366 1265//2366
f 1089//2367 1265//2367 1261//2367
f 1253//2368 1263//2368 1266//2368
f 1264//2369 1267//2369 1263//2369
f 1267//2370 1266//2370 1263//2370
f 1266//2371 1256//2371 1253//2371
f 1264//2372 1268//2372 1267//2372
f 1267//2373 1269//2373 1266//2373
f 1268//2374 1269//2374 1267//2374
f 1270//2375 1268//2375 1264//2375
f 1265//2376 1270//2376 1264//2376
f 1268//2377 1271//2377 1269//2377
f 1269//2378 1272//2378 1266//2378
f 1269//2379 1271//2379 1272//2379
f 1266//2380 1272//2380 1273//2380
f 1273//2381 1256//2381 1266//2381
f 1271//2382 1274//2382 1272//2382
f 1274//2383 1273//2383 1272//2383
f 1268//2384 1275//2384 1271//2384
f 1270//2385 1275//2385 1268//2385
f 1276//2386 1274//2386 1271//2386
f 1277//2387 1256//2387 1273//2387
f 1271//2388 1278//2388 1276//2388
f 1278//2389 1271//2389 1275//2389
f 1278//2390 1279//2390 1276//2390
f 1274//2391 1280//2391 1273//2391
f 1281//2392 1273//2392 1280//2392
f 1277//2393 1273//2393 1281//2393
f 1282//2394 1280//2394 1274//2394
f 1283//2395 1274//2395 1276//2395
f 1283//2396 1282//2396 1274//2396
f 1281//2397 1280//2397 1284//2397
f 1284//2398 1280//2398 1282//2398
f 1281//2399 1285//2399 1277//2399
f 1284//2400 1285//2400 1281//2400
f 1286//2401 1283//2401 1276//2401
f 1276//2402 1279//2402 1286//2402
f 1287//2403 1282//2403 1283//2403
f 1286//2404 1288//2404 1283//2404
f 1287//2405 1283//2405 1288//2405
f 1284//2406 1282//2406 1289//2406
f 1287//2407 1290//2407 1282//2407
f 1289//2408 1282//2408 1290//2408
f 1289//2409 371//2409 1284//2409
f 1285//2410 1284//2410 371//2410
f 370//2411 1285//2411 371//2411
f 1285//2412 370//2412 373//2412
f 373//2413 1277//2413 1285//2413
f 1289//2414 1291//2414 371//2414
f 1290//2415 1291//2415 1289//2415
f 1292//2416 371//2416 1291//2416
f 361//2417 371//2417 1292//2417
f 1292//2418 359//2418 361//2418
f 362//2419 359//2419 1292//2419
f 1292//2420 1291//2420 362//2420
f 1291//2421 1290//2421 1293//2421
f 362//2422 1291//2422 1293//2422
f 1294//2423 1277//2423 373//2423
f 1294//2424 1256//2424 1277//2424
f 373//2425 1295//2425 1294//2425
f 373//2426 372//2426 1295//2426
f 1296//2427 1256//2427 1294//2427
f 1241//2428 1256//2428 1296//2428
f 1296//2429 1294//2429 1297//2429
f 1294//2430 1295//2430 1297//2430
f 1296//2431 1298//2431 1241//2431
f 1240//2432 1241//2432 1298//2432
f 1296//2433 1297//2433 1299//2433
f 1298//2434 1296//2434 1299//2434
f 1297//2435 1295//2435 1300//2435
f 1299//2436 1297//2436 1301//2436
f 1300//2437 1301//2437 1297//2437
f 1300//2438 1295//2438 1302//2438
f 1303//2439 1299//2439 1301//2439
f 1301//2440 1300//2440 1303//2440
f 1295//2441 1304//2441 1302//2441
f 372//2442 1304//2442 1295//2442
f 376//2443 1304//2443 372//2443
f 1305//2444 1300//2444 1302//2444
f 1303//2445 1300//2445 1305//2445
f 1304//2446 1305//2446 1302//2446
f 376//2447 382//2447 1304//2447
f 1306//2448 1303//2448 1305//2448
f 1303//2449 1307//2449 1299//2449
f 1306//2450 1307//2450 1303//2450
f 1307//2451 1308//2451 1299//2451
f 1299//2452 1308//2452 1298//2452
f 1307//2453 1309//2453 1308//2453
f 1306//2454 1309//2454 1307//2454
f 1310//2455 1298//2455 1308//2455
f 1309//2456 1311//2456 1308//2456
f 1310//2457 1308//2457 1311//2457
f 1309//2458 1312//2458 1311//2458
f 1306//2459 1312//2459 1309//2459
f 1311//2460 1313//2460 1310//2460
f 1298//2461 1310//2461 1314//2461
f 1310//2462 1313//2462 1314//2462
f 1314//2463 1240//2463 1298//2463
f 1315//2464 1240//2464 1314//2464
f 1315//2465 1314//2465 1313//2465
f 1239//2466 1240//2466 1315//2466
f 1312//2467 1316//2467 1311//2467
f 1313//2468 1311//2468 1316//2468
f 1317//2469 1316//2469 1312//2469
f 1316//2470 1318//2470 1313//2470
f 1316//2471 1317//2471 1318//2471
f 1317//2472 1312//2472 1319//2472
f 1306//2473 1319//2473 1312//2473
f 1318//2474 1317//2474 1319//2474
f 1306//2475 1320//2475 1319//2475
f 1320//2476 1306//2476 1305//2476
f 1318//2477 1319//2477 1321//2477
f 1319//2478 1320//2478 1321//2478
f 1322//2479 1313//2479 1318//2479
f 1315//2480 1313//2480 1322//2480
f 1321//2481 1323//2481 1318//2481
f 1322//2482 1318//2482 1323//2482
f 1321//2483 1320//2483 1324//2483
f 1320//2484 1305//2484 1324//2484
f 1321//2485 1324//2485 1323//2485
f 1322//2486 1323//2486 1325//2486
f 1322//2487 1326//2487 1315//2487
f 1325//2488 1326//2488 1322//2488
f 1327//2489 1315//2489 1326//2489
f 1325//2490 1323//2490 1328//2490
f 1327//2491 1329//2491 1315//2491
f 1315//2492 1329//2492 1239//2492
f 1329//2493 1330//2493 1239//2493
f 1228//2494 1239//2494 1330//2494
f 1331//2495 1329//2495 1327//2495
f 1330//2496 1329//2496 1331//2496
f 1330//2497 1332//2497 1228//2497
f 1331//2498 1332//2498 1330//2498
f 1332//2499 1333//2499 1228//2499
f 1227//2500 1228//2500 1333//2500
f 1331//2501 1334//2501 1332//2501
f 1335//2502 1332//2502 1334//2502
f 1332//2503 1335//2503 1333//2503
f 1336//2504 1334//2504 1331//2504
f 1335//2505 1334//2505 1337//2505
f 1334//2506 1336//2506 1337//2506
f 1335//2507 1338//2507 1333//2507
f 1335//2508 1337//2508 1338//2508
f 1227//2509 1333//2509 1339//2509
f 1340//2510 1333//2510 1338//2510
f 1339//2511 1333//2511 1341//2511
f 1341//2512 1333//2512 1340//2512
f 1342//2513 1338//2513 1337//2513
f 1339//2514 1341//2514 1343//2514
f 1340//2515 1343//2515 1341//2515
f 1340//2516 1344//2516 1343//2516
f 1345//2517 1339//2517 1343//2517
f 1344//2518 1345//2518 1343//2518
f 1340//2519 1346//2519 1344//2519
f 1345//2520 1344//2520 1346//2520
f 1338//2521 1347//2521 1340//2521
f 1347//2522 1338//2522 1342//2522
f 1340//2523 1347//2523 1346//2523
f 1348//2524 1347//2524 1342//2524
f 1349//2525 1346//2525 1347//2525
f 1349//2526 1347//2526 1348//2526
f 1345//2527 1346//2527 1350//2527
f 1351//2528 1346//2528 1349//2528
f 1346//2529 1351//2529 1350//2529
f 1342//2530 1352//2530 1348//2530
f 1337//2531 1352//2531 1342//2531
f 1352//2532 1353//2532 1348//2532
f 1352//2533 1337//2533 1354//2533
f 1348//2534 1353//2534 1355//2534
f 1348//2535 1355//2535 1349//2535
f 1353//2536 1352//2536 1356//2536
f 1356//2537 1352//2537 1354//2537
f 1356//2538 1355//2538 1353//2538
f 1354//2539 1337//2539 1336//2539
f 1349//2540 1355//2540 1357//2540
f 1349//2541 1357//2541 1351//2541
f 1351//2542 1357//2542 1358//2542
f 1351//2543 1358//2543 1350//2543
f 1359//2544 1357//2544 1355//2544
f 1359//2545 1358//2545 1357//2545
f 1355//2546 1360//2546 1359//2546
f 1356//2547 1360//2547 1355//2547
f 1359//2548 1361//2548 1358//2548
f 1358//2549 1361//2549 1350//2549
f 1362//2550 1359//2550 1360//2550
f 1362//2551 1361//2551 1359//2551
f 1356//2552 1363//2552 1360//2552
f 1363//2553 1362//2553 1360//2553
f 1356//2554 1354//2554 1364//2554
f 1364//2555 1354//2555 1336//2555
f 1363//2556 1356//2556 1365//2556
f 1356//2557 1364//2557 1365//2557
f 1365//2558 1364//2558 1366//2558
f 1336//2559 1366//2559 1364//2559
f 1367//2560 1363//2560 1365//2560
f 1363//2561 1368//2561 1362//2561
f 1363//2562 1367//2562 1368//2562
f 1367//2563 1365//2563 1369//2563
f 1366//2564 1369//2564 1365//2564
f 1370//2565 1368//2565 1367//2565
f 1370//2566 1367//2566 1369//2566
f 1362//2567 1368//2567 1371//2567
f 1371//2568 1368//2568 1370//2568
f 1362//2569 1371//2569 1372//2569
f 1372//2570 1361//2570 1362//2570
f 1370//2571 1373//2571 1371//2571
f 1369//2572 1373//2572 1370//2572
f 1374//2573 1371//2573 1373//2573
f 1369//2574 1375//2574 1373//2574
f 1374//2575 1376//2575 1371//2575
f 1376//2576 1372//2576 1371//2576
f 1374//2577 1373//2577 1377//2577
f 1373//2578 1375//2578 1377//2578
f 1374//2579 1377//2579 1378//2579
f 1378//2580 1376//2580 1374//2580
f 1377//2581 1375//2581 1379//2581
f 1377//2582 1379//2582 1378//2582
f 1380//2583 1375//2583 1369//2583
f 1380//2584 1369//2584 1366//2584
f 1380//2585 1381//2585 1375//2585
f 1380//2586 1366//2586 1382//2586
f 1375//2587 1381//2587 1383//2587
f 1375//2588 1383//2588 1379//2588
f 1380//2589 1384//2589 1381//2589
f 1382//2590 1384//2590 1380//2590
f 1385//2591 1383//2591 1381//2591
f 1386//2592 1381//2592 1384//2592
f 1385//2593 1381//2593 1386//2593
f 1384//2594 1387//2594 1386//2594
f 1388//2595 1387//2595 1384//2595
f 1384//2596 1382//2596 1388//2596
f 1386//2597 1387//2597 1389//2597
f 1389//2598 1385//2598 1386//2598
f 1389//2599 1387//2599 1390//2599
f 1390//2600 1387//2600 1388//2600
f 1389//2601 1390//2601 1324//2601
f 1389//2602 1324//2602 1385//2602
f 1324//2603 1305//2603 1385//2603
f 1304//2604 1385//2604 1305//2604
f 1324//2605 1390//2605 1391//2605
f 1323//2606 1324//2606 1391//2606
f 1304//2607 1392//2607 1385//2607
f 1392//2608 1383//2608 1385//2608
f 382//2609 1392//2609 1304//2609
f 1392//2610 1379//2610 1383//2610
f 1391//2611 1328//2611 1323//2611
f 1393//2612 1392//2612 382//2612
f 1393//2613 1379//2613 1392//2613
f 1390//2614 1394//2614 1391//2614
f 1391//2615 1394//2615 1328//2615
f 1388//2616 1394//2616 1390//2616
f 1328//2617 1394//2617 1395//2617
f 1395//2618 1394//2618 1388//2618
f 1396//2619 1379//2619 1393//2619
f 1395//2620 1397//2620 1328//2620
f 1325//2621 1328//2621 1397//2621
f 1395//2622 1388//2622 1398//2622
f 1398//2623 1397//2623 1395//2623
f 1398//2624 1388//2624 1382//2624
f 1399//2625 1325//2625 1397//2625
f 1397//2626 1398//2626 1399//2626
f 1325//2627 1399//2627 1326//2627
f 1398//2628 1382//2628 1400//2628
f 1399//2629 1398//2629 1400//2629
f 1326//2630 1399//2630 1401//2630
f 1399//2631 1400//2631 1401//2631
f 1401//2632 1327//2632 1326//2632
f 1402//2633 1400//2633 1382//2633
f 1401//2634 1400//2634 1402//2634
f 1403//2635 1327//2635 1401//2635
f 1402//2636 1403//2636 1401//2636
f 1327//2637 1403//2637 1331//2637
f 1331//2638 1403//2638 1404//2638
f 1403//2639 1402//2639 1404//2639
f 1336//2640 1331//2640 1404//2640
f 1405//2641 1404//2641 1402//2641
f 1336//2642 1404//2642 1405//2642
f 1382//2643 1406//2643 1402//2643
f 1402//2644 1406//2644 1405//2644
f 1406//2645 1336//2645 1405//2645
f 1382//2646 1366//2646 1406//2646
f 1366//2647 1336//2647 1406//2647
f 1407//2648 1408//2648 1409//2648
f 1407//2649 1409//2649 1410//2649
f 1411//2650 1409//2650 1408//2650
f 1409//2651 1412//2651 1410//2651
f 1412//2652 1409//2652 1411//2652
f 1410//2653 1412//2653 1413//2653
f 1414//2654 1407//2654 1410//2654
f 1415//2655 1410//2655 1413//2655
f 1410//2656 1415//2656 1414//2656
f 1414//2657 1416//2657 1407//2657
f 1408//2658 1407//2658 1416//2658
f 300//2659 1416//2659 1414//2659
f 1414//2660 291//2660 300//2660
f 1414//2661 1415//2661 291//2661
f 300//2662 305//2662 1416//2662
f 1416//2663 305//2663 1417//2663
f 1417//2664 1408//2664 1416//2664
f 305//2665 316//2665 1417//2665
f 316//2666 1418//2666 1417//2666
f 1417//2667 1419//2667 1408//2667
f 1417//2668 1418//2668 1419//2668
f 1418//2669 316//2669 1420//2669
f 1418//2670 1420//2670 1419//2670
f 1420//2671 316//2671 1421//2671
f 1421//2672 316//2672 318//2672
f 1421//2673 1422//2673 1420//2673
f 1419//2674 1423//2674 1408//2674
f 1423//2675 1424//2675 1408//2675
f 1424//2676 1411//2676 1408//2676
f 1419//2677 1425//2677 1423//2677
f 1425//2678 1424//2678 1423//2678
f 1426//2679 1425//2679 1419//2679
f 1424//2680 1427//2680 1411//2680
f 1425//2681 1427//2681 1424//2681
f 1428//2682 1425//2682 1426//2682
f 1428//2683 1427//2683 1425//2683
f 1419//2684 1429//2684 1426//2684
f 1420//2685 1429//2685 1419//2685
f 1428//2686 1426//2686 1429//2686
f 1430//2687 1429//2687 1420//2687
f 1430//2688 1420//2688 1422//2688
f 1431//2689 1428//2689 1429//2689
f 1430//2690 1431//2690 1429//2690
f 1432//2691 1430//2691 1422//2691
f 1430//2692 1433//2692 1431//2692
f 1432//2693 1433//2693 1430//2693
f 1434//2694 1428//2694 1431//2694
f 1431//2695 1435//2695 1434//2695
f 1428//2696 1434//2696 1436//2696
f 1436//2697 1427//2697 1428//2697
f 1437//2698 1434//2698 1435//2698
f 1437//2699 1436//2699 1434//2699
f 1438//2700 1435//2700 1431//2700
f 1433//2701 1438//2701 1431//2701
f 1437//2702 1435//2702 1438//2702
f 1436//2703 1439//2703 1427//2703
f 1440//2704 1439//2704 1436//2704
f 1436//2705 1441//2705 1440//2705
f 1441//2706 1436//2706 1437//2706
f 1441//2707 1442//2707 1440//2707
f 1440//2708 1442//2708 1439//2708
f 1443//2709 1441//2709 1437//2709
f 1444//2710 1441//2710 1443//2710
f 1441//2711 1444//2711 1442//2711
f 1437//2712 1445//2712 1443//2712
f 1445//2713 1444//2713 1443//2713
f 1437//2714 1446//2714 1445//2714
f 1447//2715 1444//2715 1445//2715
f 1437//2716 1448//2716 1446//2716
f 1438//2717 1448//2717 1437//2717
f 1438//2718 1449//2718 1448//2718
f 1449//2719 1446//2719 1448//2719
f 1446//2720 1450//2720 1445//2720
f 1447//2721 1445//2721 1450//2721
f 1451//2722 1450//2722 1446//2722
f 1446//2723 1452//2723 1451//2723
f 1452//2724 1446//2724 1449//2724
f 1451//2725 1453//2725 1450//2725
f 1451//2726 1452//2726 1453//2726
f 1438//2727 1454//2727 1449//2727
f 1454//2728 1438//2728 1455//2728
f 1454//2729 1456//2729 1449//2729
f 1456//2730 1454//2730 1455//2730
f 1455//2731 1438//2731 1433//2731
f 1457//2732 1452//2732 1449//2732
f 1449//2733 1456//2733 1457//2733
f 1452//2734 1457//2734 1453//2734
f 1455//2735 1433//2735 1458//2735
f 1432//2736 1458//2736 1433//2736
f 1455//2737 1459//2737 1456//2737
f 1458//2738 1460//2738 1455//2738
f 1455//2739 1460//2739 1459//2739
f 1461//2740 1458//2740 1432//2740
f 1458//2741 1461//2741 1460//2741
f 1461//2742 1432//2742 1462//2742
f 1456//2743 1459//2743 1463//2743
f 1463//2744 1464//2744 1456//2744
f 1464//2745 1457//2745 1456//2745
f 1465//2746 1463//2746 1459//2746
f 1466//2747 1464//2747 1463//2747
f 1463//2748 1465//2748 1466//2748
f 1464//2749 1467//2749 1457//2749
f 1467//2750 1453//2750 1457//2750
f 1468//2751 1467//2751 1464//2751
f 1466//2752 1468//2752 1464//2752
f 1465//2753 1459//2753 1469//2753
f 1469//2754 1459//2754 1460//2754
f 1465//2755 1470//2755 1466//2755
f 1465//2756 1469//2756 1470//2756
f 1469//2757 1471//2757 1470//2757
f 1471//2758 1469//2758 1460//2758
f 1466//2759 1470//2759 1472//2759
f 1471//2760 1460//2760 1473//2760
f 1474//2761 1468//2761 1466//2761
f 1466//2762 1472//2762 1474//2762
f 1475//2763 1472//2763 1470//2763
f 1475//2764 1470//2764 1471//2764
f 1476//2765 1474//2765 1472//2765
f 1477//2766 1472//2766 1475//2766
f 1476//2767 1472//2767 1477//2767
f 1478//2768 1475//2768 1471//2768
f 1474//2769 1476//2769 1479//2769
f 1479//2770 1468//2770 1474//2770
f 1476//2771 1477//2771 1480//2771
f 1479//2772 1476//2772 1481//2772
f 1480//2773 1481//2773 1476//2773
f 1477//2774 1475//2774 1482//2774
f 1482//2775 1475//2775 1478//2775
f 1477//2776 1482//2776 1483//2776
f 1483//2777 1480//2777 1477//2777
f 1482//2778 1484//2778 1483//2778
f 1480//2779 1485//2779 1481//2779
f 1481//2780 1486//2780 1479//2780
f 1485//2781 1486//2781 1481//2781
f 1486//2782 1487//2782 1479//2782
f 1479//2783 1487//2783 1468//2783
f 1488//2784 1486//2784 1485//2784
f 1486//2785 1488//2785 1487//2785
f 1489//2786 1485//2786 1480//2786
f 1490//2787 1480//2787 1483//2787
f 1490//2788 1489//2788 1480//2788
f 1491//2789 1490//2789 1483//2789
f 1483//2790 1484//2790 1491//2790
f 1491//2791 1492//2791 1490//2791
f 1493//2792 1489//2792 1490//2792
f 1490//2793 1492//2793 1493//2793
f 1489//2794 1494//2794 1485//2794
f 1491//2795 1484//2795 1495//2795
f 1491//2796 1495//2796 1492//2796
f 1496//2797 1495//2797 1484//2797
f 1496//2798 1484//2798 1497//2798
f 1496//2799 1498//2799 1495//2799
f 1496//2800 1497//2800 1498//2800
f 1499//2801 1492//2801 1495//2801
f 1499//2802 1495//2802 1498//2802
f 1499//2803 1500//2803 1492//2803
f 1501//2804 1497//2804 1484//2804
f 1482//2805 1501//2805 1484//2805
f 1478//2806 1501//2806 1482//2806
f 1502//2807 1497//2807 1501//2807
f 1502//2808 1501//2808 1478//2808
f 1502//2809 1503//2809 1497//2809
f 1502//2810 1478//2810 1504//2810
f 1503//2811 1502//2811 1504//2811
f 1505//2812 1504//2812 1478//2812
f 1478//2813 1471//2813 1505//2813
f 1505//2814 1471//2814 1506//2814
f 1504//2815 1505//2815 1506//2815
f 1473//2816 1506//2816 1471//2816
f 1497//2817 1503//2817 1507//2817
f 1507//2818 1498//2818 1497//2818
f 1508//2819 1506//2819 1473//2819
f 1508//2820 1473//2820 1460//2820
f 1504//2821 1506//2821 1509//2821
f 1506//2822 1508//2822 1510//2822
f 1510//2823 1509//2823 1506//2823
f 1511//2824 1508//2824 1460//2824
f 1511//2825 1460//2825 1461//2825
f 1508//2826 1512//2826 1510//2826
f 1512//2827 1508//2827 1511//2827
f 1462//2828 1511//2828 1461//2828
f 1513//2829 1512//2829 1511//2829
f 1511//2830 1462//2830 1513//2830
f 1514//2831 1510//2831 1512//2831
f 1513//2832 1514//2832 1512//2832
f 1515//2833 1513//2833 1462//2833
f 1515//2834 1514//2834 1513//2834
f 1514//2835 1516//2835 1510//2835
f 1509//2836 1510//2836 1516//2836
f 1514//2837 1517//2837 1516//2837
f 1517//2838 1514//2838 1515//2838
f 1516//2839 1518//2839 1509//2839
f 1462//2840 1519//2840 1515//2840
f 1519//2841 1462//2841 1432//2841
f 1519//2842 1432//2842 1422//2842
f 1422//2843 1421//2843 1519//2843
f 1520//2844 1519//2844 1421//2844
f 1520//2845 1515//2845 1519//2845
f 1421//2846 318//2846 1520//2846
f 1521//2847 1515//2847 1520//2847
f 1520//2848 318//2848 1521//2848
f 1515//2849 1521//2849 1517//2849
f 1522//2850 1521//2850 318//2850
f 1522//2851 318//2851 321//2851
f 1517//2852 1521//2852 1523//2852
f 1523//2853 1521//2853 1522//2853
f 1523//2854 1522//2854 1524//2854
f 1522//2855 321//2855 1524//2855
f 1524//2856 321//2856 1525//2856
f 1525//2857 1523//2857 1524//2857
f 1525//2858 321//2858 1526//2858
f 1526//2859 1523//2859 1525//2859
f 321//2860 1527//2860 1526//2860
f 1527//2861 321//2861 323//2861
f 1526//2862 1528//2862 1523//2862
f 1526//2863 1527//2863 1529//2863
f 323//2864 1529//2864 1527//2864
f 1528//2865 1526//2865 1530//2865
f 1529//2866 1530//2866 1526//2866
f 1523//2867 1528//2867 1531//2867
f 1530//2868 1531//2868 1528//2868
f 1532//2869 1523//2869 1531//2869
f 1517//2870 1523//2870 1532//2870
f 1531//2871 1530//2871 1533//2871
f 1531//2872 1533//2872 1532//2872
f 1534//2873 1517//2873 1532//2873
f 1533//2874 1534//2874 1532//2874
f 1516//2875 1517//2875 1534//2875
f 1516//2876 1534//2876 1518//2876
f 1518//2877 1534//2877 1535//2877
f 1518//2878 1535//2878 1536//2878
f 1509//2879 1518//2879 1536//2879
f 1509//2880 1536//2880 1504//2880
f 1537//2881 1535//2881 1534//2881
f 1535//2882 1537//2882 1536//2882
f 1504//2883 1536//2883 1538//2883
f 1504//2884 1538//2884 1503//2884
f 1539//2885 1538//2885 1536//2885
f 1538//2886 1540//2886 1503//2886
f 1539//2887 1540//2887 1538//2887
f 1540//2888 1507//2888 1503//2888
f 1536//2889 1541//2889 1539//2889
f 1541//2890 1536//2890 1537//2890
f 1539//2891 1542//2891 1540//2891
f 1540//2892 1543//2892 1507//2892
f 1542//2893 1543//2893 1540//2893
f 1507//2894 1543//2894 1544//2894
f 1544//2895 1543//2895 1545//2895
f 1543//2896 1542//2896 1545//2896
f 1544//2897 1546//2897 1507//2897
f 1546//2898 1544//2898 1545//2898
f 1507//2899 1546//2899 1498//2899
f 1498//2900 1546//2900 1547//2900
f 1499//2901 1498//2901 1547//2901
f 1548//2902 1546//2902 1545//2902
f 1546//2903 1548//2903 1547//2903
f 1545//2904 1542//2904 1549//2904
f 1550//2905 1545//2905 1549//2905
f 1548//2906 1545//2906 1550//2906
f 1542//2907 1551//2907 1549//2907
f 1552//2908 1547//2908 1548//2908
f 1553//2909 1499//2909 1547//2909
f 1499//2910 1553//2910 1500//2910
f 1554//2911 1547//2911 1552//2911
f 1555//2912 1553//2912 1547//2912
f 1554//2913 1555//2913 1547//2913
f 1500//2914 1553//2914 1556//2914
f 1553//2915 1555//2915 1556//2915
f 1548//2916 1557//2916 1552//2916
f 1552//2917 1557//2917 1554//2917
f 1548//2918 1558//2918 1557//2918
f 1548//2919 1550//2919 1558//2919
f 1556//2920 1555//2920 1559//2920
f 1555//2921 1554//2921 1559//2921
f 1558//2922 1560//2922 1557//2922
f 1550//2923 1561//2923 1558//2923
f 1557//2924 1560//2924 1562//2924
f 1557//2925 1562//2925 1554//2925
f 1558//2926 1563//2926 1560//2926
f 1558//2927 1561//2927 1563//2927
f 1564//2928 1561//2928 1550//2928
f 1549//2929 1564//2929 1550//2929
f 1551//2930 1564//2930 1549//2930
f 1561//2931 1564//2931 1565//2931
f 1551//2932 1566//2932 1564//2932
f 1565//2933 1564//2933 1566//2933
f 1563//2934 1561//2934 1567//2934
f 1567//2935 1561//2935 1565//2935
f 1568//2936 1563//2936 1567//2936
f 1569//2937 1567//2937 1565//2937
f 1568//2938 1567//2938 1569//2938
f 1570//2939 1563//2939 1568//2939
f 1570//2940 1560//2940 1563//2940
f 1571//2941 1570//2941 1568//2941
f 1571//2942 1568//2942 1569//2942
f 1570//2943 1572//2943 1560//2943
f 1560//2944 1572//2944 1562//2944
f 1573//2945 1570//2945 1571//2945
f 1573//2946 1572//2946 1570//2946
f 1569//2947 1574//2947 1571//2947
f 1571//2948 1575//2948 1573//2948
f 1575//2949 1571//2949 1574//2949
f 1576//2950 1574//2950 1569//2950
f 1569//2951 1565//2951 1577//2951
f 1576//2952 1569//2952 1577//2952
f 1565//2953 1578//2953 1577//2953
f 1565//2954 1566//2954 1578//2954
f 1576//2955 1577//2955 1579//2955
f 1579//2956 1577//2956 1580//2956
f 1577//2957 1578//2957 1581//2957
f 1581//2958 1580//2958 1577//2958
f 1578//2959 1566//2959 1582//2959
f 1578//2960 1582//2960 1581//2960
f 1566//2961 1583//2961 1582//2961
f 1583//2962 1566//2962 1551//2962
f 1584//2963 1583//2963 1551//2963
f 1584//2964 1551//2964 1542//2964
f 1539//2965 1584//2965 1542//2965
f 1584//2966 1539//2966 1585//2966
f 1585//2967 1583//2967 1584//2967
f 1585//2968 1539//2968 1541//2968
f 1586//2969 1582//2969 1583//2969
f 1585//2970 1586//2970 1583//2970
f 1582//2971 1586//2971 1587//2971
f 1581//2972 1582//2972 1587//2972
f 1585//2973 1541//2973 1588//2973
f 1585//2974 1588//2974 1586//2974
f 1588//2975 1541//2975 1589//2975
f 1537//2976 1589//2976 1541//2976
f 1586//2977 1588//2977 1590//2977
f 1589//2978 1590//2978 1588//2978
f 1587//2979 1586//2979 1591//2979
f 1581//2980 1587//2980 1591//2980
f 1591//2981 1586//2981 1592//2981
f 1592//2982 1586//2982 1590//2982
f 1591//2983 1592//2983 1593//2983
f 1590//2984 1593//2984 1592//2984
f 1581//2985 1591//2985 1594//2985
f 1593//2986 1594//2986 1591//2986
f 1594//2987 1595//2987 1581//2987
f 1580//2988 1581//2988 1595//2988
f 1593//2989 1596//2989 1594//2989
f 1595//2990 1594//2990 1597//2990
f 1596//2991 1597//2991 1594//2991
f 1595//2992 1598//2992 1580//2992
f 1597//2993 1598//2993 1595//2993
f 1596//2994 1599//2994 1597//2994
f 1600//2995 1596//2995 1593//2995
f 1600//2996 1599//2996 1596//2996
f 1601//2997 1593//2997 1590//2997
f 1593//2998 1601//2998 1600//2998
f 1601//2999 1590//2999 1602//2999
f 1597//3000 1603//3000 1598//3000
f 1602//3001 1590//3001 1604//3001
f 1604//3002 1590//3002 1589//3002
f 1589//3003 1537//3003 1604//3003
f 1602//3004 1604//3004 1605//3004
f 1601//3005 1602//3005 1605//3005
f 1606//3006 1604//3006 1537//3006
f 1605//3007 1604//3007 1606//3007
f 1537//3008 1607//3008 1606//3008
f 1607//3009 1537//3009 1534//3009
f 1533//3010 1607//3010 1534//3010
f 1608//3011 1606//3011 1607//3011
f 1607//3012 1533//3012 1608//3012
f 1606//3013 1609//3013 1605//3013
f 1606//3014 1608//3014 1609//3014
f 1605//3015 1610//3015 1601//3015
f 1605//3016 1609//3016 1610//3016
f 1600//3017 1601//3017 1610//3017
f 1611//3018 1609//3018 1608//3018
f 1608//3019 1533//3019 1612//3019
f 1608//3020 1612//3020 1611//3020
f 1609//3021 1613//3021 1610//3021
f 1611//3022 1613//3022 1609//3022
f 1614//3023 1600//3023 1610//3023
f 1614//3024 1610//3024 1613//3024
f 1613//3025 1611//3025 1615//3025
f 1615//3026 1614//3026 1613//3026
f 1616//3027 1612//3027 1533//3027
f 1616//3028 1533//3028 1530//3028
f 1617//3029 1611//3029 1612//3029
f 1618//3030 1616//3030 1530//3030
f 1530//3031 1529//3031 1618//3031
f 1619//3032 1612//3032 1616//3032
f 1612//3033 1619//3033 1617//3033
f 1616//3034 1618//3034 1620//3034
f 1620//3035 1619//3035 1616//3035
f 1621//3036 1618//3036 1529//3036
f 1621//3037 1620//3037 1618//3037
f 1622//3038 1617//3038 1619//3038
f 1623//3039 1621//3039 1529//3039
f 1529//3040 323//3040 1623//3040
f 1619//3041 1620//3041 1624//3041
f 1624//3042 1622//3042 1619//3042
f 1621//3043 1625//3043 1620//3043
f 1623//3044 1625//3044 1621//3044
f 1625//3045 1624//3045 1620//3045
f 1623//3046 323//3046 1626//3046
f 1626//3047 1625//3047 1623//3047
f 325//3048 1626//3048 323//3048
f 1617//3049 1622//3049 1627//3049
f 1622//3050 1624//3050 1627//3050
f 1617//3051 1627//3051 1611//3051
f 1611//3052 1627//3052 1615//3052
f 1628//3053 1626//3053 325//3053
f 327//3054 1628//3054 325//3054
f 341//3055 1628//3055 327//3055
f 1626//3056 1628//3056 1629//3056
f 1629//3057 1625//3057 1626//3057
f 341//3058 1630//3058 1628//3058
f 1630//3059 1629//3059 1628//3059
f 1631//3060 1630//3060 341//3060
f 1631//3061 341//3061 350//3061
f 1629//3062 1630//3062 1632//3062
f 1631//3063 1633//3063 1630//3063
f 1632//3064 1630//3064 1633//3064
f 1631//3065 350//3065 1634//3065
f 1634//3066 1633//3066 1631//3066
f 1625//3067 1629//3067 1635//3067
f 1632//3068 1635//3068 1629//3068
f 1635//3069 1636//3069 1625//3069
f 1624//3070 1625//3070 1636//3070
f 1636//3071 1635//3071 1637//3071
f 1637//3072 1635//3072 1632//3072
f 1624//3073 1636//3073 1638//3073
f 1638//3074 1636//3074 1637//3074
f 1627//3075 1624//3075 1638//3075
f 1632//3076 1633//3076 1639//3076
f 1634//3077 1639//3077 1633//3077
f 1627//3078 1638//3078 1640//3078
f 1615//3079 1627//3079 1640//3079
f 1638//3080 1637//3080 1641//3080
f 1642//3081 1637//3081 1632//3081
f 1642//3082 1641//3082 1637//3082
f 1639//3083 1643//3083 1632//3083
f 1642//3084 1632//3084 1643//3084
f 1640//3085 1638//3085 1644//3085
f 1644//3086 1638//3086 1641//3086
f 1640//3087 1645//3087 1615//3087
f 1645//3088 1640//3088 1644//3088
f 1645//3089 1646//3089 1615//3089
f 1615//3090 1646//3090 1614//3090
f 1642//3091 1647//3091 1641//3091
f 1642//3092 1643//3092 1647//3092
f 1644//3093 1641//3093 1648//3093
f 1647//3094 1648//3094 1641//3094
f 1644//3095 1649//3095 1645//3095
f 1644//3096 1648//3096 1649//3096
f 1649//3097 1650//3097 1645//3097
f 1645//3098 1650//3098 1646//3098
f 1649//3099 1648//3099 1651//3099
f 1650//3100 1649//3100 1651//3100
f 1647//3101 1652//3101 1648//3101
f 1652//3102 1651//3102 1648//3102
f 1652//3103 1647//3103 1653//3103
f 1647//3104 1643//3104 1653//3104
f 1651//3105 1652//3105 1654//3105
f 1653//3106 1654//3106 1652//3106
f 1650//3107 1651//3107 1655//3107
f 1651//3108 1654//3108 1656//3108
f 1655//3109 1651//3109 1656//3109
f 1656//3110 1654//3110 1657//3110
f 1654//3111 1653//3111 1657//3111
f 1656//3112 1658//3112 1655//3112
f 1653//3113 1643//3113 1659//3113
f 1643//3114 1660//3114 1659//3114
f 1660//3114 1643//3114 1639//3114
f 1653//3115 1659//3115 1661//3115
f 1659//3116 1660//3116 1661//3116
f 1639//3117 1634//3117 1660//3117
f 1653//3118 1661//3118 1662//3118
f 1657//3119 1653//3119 1662//3119
f 1663//3120 1660//3120 1634//3120
f 1663//3121 1634//3121 350//3121
f 1661//3122 1660//3122 1664//3122
f 1660//3123 1663//3123 1665//3123
f 1665//3124 1664//3124 1660//3124
f 1665//3125 1663//3125 1666//3125
f 1666//3126 1664//3126 1665//3126
f 1667//3127 1663//3127 350//3127
f 1664//3128 1668//3128 1661//3128
f 1662//3129 1661//3129 1668//3129
f 1669//3130 1668//3130 1664//3130
f 1666//3131 1669//3131 1664//3131
f 1668//3132 1670//3132 1662//3132
f 1671//3133 1666//3133 1663//3133
f 1667//3134 1671//3134 1663//3134
f 1669//3135 1672//3135 1668//3135
f 1672//3136 1670//3136 1668//3136
f 1673//3137 1669//3137 1666//3137
f 1669//3138 1673//3138 1672//3138
f 1673//3139 1666//3139 1674//3139
f 1671//3140 1674//3140 1666//3140
f 1672//3141 1673//3141 1675//3141
f 1673//3142 1674//3142 1675//3142
f 1672//3143 1676//3143 1670//3143
f 1672//3144 1675//3144 1676//3144
f 1675//3145 1674//3145 1677//3145
f 1677//3146 1674//3146 1671//3146
f 1678//3147 1662//3147 1670//3147
f 1657//3148 1662//3148 1678//3148
f 1676//3149 1679//3149 1670//3149
f 1679//3150 1678//3150 1670//3150
f 1676//3151 1675//3151 1680//3151
f 1681//3152 1680//3152 1675//3152
f 1677//3153 1681//3153 1675//3153
f 1680//3154 1682//3154 1676//3154
f 1683//3155 1680//3155 1681//3155
f 1680//3156 1683//3156 1682//3156
f 1676//3157 1684//3157 1679//3157
f 1682//3158 1684//3158 1676//3158
f 1684//3159 1682//3159 1685//3159
f 1683//3160 1685//3160 1682//3160
f 1679//3161 1684//3161 1686//3161
f 1685//3162 1686//3162 1684//3162
f 1686//3163 1687//3163 1679//3163
f 1678//3164 1679//3164 1687//3164
f 1685//3165 1688//3165 1686//3165
f 1688//3166 1689//3166 1686//3166
f 1687//3167 1686//3167 1689//3167
f 1685//3168 1690//3168 1688//3168
f 1683//3169 1691//3169 1685//3169
f 1691//3170 1690//3170 1685//3170
f 1683//3171 1692//3171 1691//3171
f 1687//3172 1693//3172 1678//3172
f 1687//3173 1694//3173 1693//3173
f 1687//3174 1689//3174 1694//3174
f 1678//3175 1693//3175 1695//3175
f 1693//3176 1696//3176 1695//3176
f 1696//3177 1693//3177 1694//3177
f 1695//3178 1697//3178 1678//3178
f 1678//3179 1697//3179 1657//3179
f 1695//3180 1696//3180 1698//3180
f 1698//3181 1697//3181 1695//3181
f 1696//3182 1694//3182 1699//3182
f 1696//3183 1699//3183 1698//3183
f 1700//3184 1657//3184 1697//3184
f 1657//3185 1700//3185 1656//3185
f 1701//3186 1697//3186 1698//3186
f 1697//3187 1701//3187 1700//3187
f 1700//3188 1658//3188 1656//3188
f 1700//3189 1701//3189 1658//3189
f 1701//3190 1698//3190 1658//3190
f 1702//3191 1658//3191 1698//3191
f 1698//3192 1699//3192 1702//3192
f 1703//3193 1658//3193 1702//3193
f 1658//3194 1703//3194 1655//3194
f 1655//3195 1703//3195 1704//3195
f 1655//3196 1704//3196 1650//3196
f 1705//3197 1703//3197 1702//3197
f 1703//3198 1705//3198 1704//3198
f 1705//3199 1702//3199 1706//3199
f 1650//3200 1704//3200 1707//3200
f 1705//3201 1708//3201 1704//3201
f 1704//3202 1708//3202 1707//3202
f 1650//3203 1707//3203 1646//3203
f 1705//3204 1709//3204 1708//3204
f 1706//3205 1709//3205 1705//3205
f 1708//3206 1709//3206 1710//3206
f 1706//3207 1710//3207 1709//3207
f 1711//3208 1646//3208 1707//3208
f 1646//3209 1711//3209 1614//3209
f 1711//3210 1600//3210 1614//3210
f 1600//3211 1711//3211 1599//3211
f 1707//3212 1599//3212 1711//3212
f 1708//3213 1599//3213 1707//3213
f 1712//3214 1599//3214 1708//3214
f 1708//3215 1710//3215 1712//3215
f 1712//3216 1597//3216 1599//3216
f 1712//3217 1603//3217 1597//3217
f 1603//3218 1712//3218 1710//3218
f 1710//3219 1713//3219 1603//3219
f 1713//3220 1710//3220 1706//3220
f 1603//3221 1713//3221 1714//3221
f 1706//3222 1715//3222 1713//3222
f 1603//3223 1714//3223 1716//3223
f 1603//3224 1716//3224 1598//3224
f 1598//3225 1716//3225 1580//3225
f 1713//3226 1717//3226 1714//3226
f 1717//3227 1713//3227 1715//3227
f 1715//3228 1706//3228 1718//3228
f 1718//3229 1706//3229 1702//3229
f 1718//3230 1702//3230 1699//3230
f 1719//3231 1715//3231 1718//3231
f 1718//3232 1699//3232 1719//3232
f 1715//3233 1720//3233 1717//3233
f 1720//3234 1715//3234 1719//3234
f 1721//3235 1714//3235 1717//3235
f 1717//3236 1720//3236 1721//3236
f 1722//3237 1714//3237 1721//3237
f 1722//3238 1716//3238 1714//3238
f 1723//3239 1721//3239 1720//3239
f 1716//3240 1722//3240 1724//3240
f 1580//3241 1716//3241 1724//3241
f 1580//3242 1724//3242 1579//3242
f 1724//3243 1725//3243 1579//3243
f 1724//3244 1722//3244 1725//3244
f 1579//3245 1725//3245 1576//3245
f 1722//3246 1721//3246 1726//3246
f 1726//3247 1725//3247 1722//3247
f 1721//3248 1723//3248 1726//3248
f 1727//3249 1576//3249 1725//3249
f 1726//3250 1727//3250 1725//3250
f 1727//3251 1574//3251 1576//3251
f 1726//3252 1728//3252 1727//3252
f 1726//3253 1723//3253 1728//3253
f 1729//3254 1574//3254 1727//3254
f 1727//3255 1728//3255 1729//3255
f 1575//3256 1574//3256 1729//3256
f 1729//3257 1728//3257 1730//3257
f 1731//3258 1575//3258 1729//3258
f 1731//3259 1729//3259 1730//3259
f 1723//3260 1732//3260 1728//3260
f 1730//3261 1728//3261 1732//3261
f 1723//3262 1733//3262 1732//3262
f 1732//3263 1734//3263 1730//3263
f 1734//3264 1732//3264 1733//3264
f 1735//3265 1730//3265 1734//3265
f 1734//3266 1736//3266 1735//3266
f 1733//3267 1736//3267 1734//3267
f 1737//3268 1730//3268 1735//3268
f 1737//3269 1731//3269 1730//3269
f 1738//3270 1737//3270 1735//3270
f 1738//3271 1735//3271 1736//3271
f 1739//3272 1731//3272 1737//3272
f 1737//3273 1738//3273 1740//3273
f 1737//3274 1740//3274 1739//3274
f 1736//3275 1741//3275 1738//3275
f 1740//3276 1738//3276 1742//3276
f 1742//3277 1738//3277 1741//3277
f 1743//3278 1739//3278 1740//3278
f 1744//3279 1740//3279 1742//3279
f 1740//3280 1744//3280 1743//3280
f 1745//3281 1742//3281 1741//3281
f 1746//3282 1741//3282 1736//3282
f 1745//3283 1741//3283 1746//3283
f 1746//3284 1736//3284 1747//3284
f 1736//3285 1733//3285 1747//3285
f 1746//3286 1747//3286 1748//3286
f 1749//3287 1746//3287 1748//3287
f 1745//3288 1746//3288 1749//3288
f 1750//3289 1748//3289 1747//3289
f 1750//3290 1749//3290 1748//3290
f 1751//3291 1747//3291 1733//3291
f 1745//3292 1752//3292 1742//3292
f 1752//3293 1744//3293 1742//3293
f 1747//3294 1751//3294 1753//3294
f 1753//3295 1750//3295 1747//3295
f 1751//3296 1733//3296 1754//3296
f 1753//3297 1751//3297 1754//3297
f 1745//3298 1755//3298 1752//3298
f 1755//3299 1745//3299 1756//3299
f 1756//3300 1745//3300 1749//3300
f 1757//3301 1749//3301 1750//3301
f 1749//3302 1757//3302 1756//3302
f 1758//3303 1750//3303 1753//3303
f 1750//3304 1759//3304 1757//3304
f 1758//3305 1759//3305 1750//3305
f 1757//3306 1759//3306 1690//3306
f 1758//3307 1690//3307 1759//3307
f 1760//3308 1755//3308 1756//3308
f 1760//3309 1752//3309 1755//3309
f 1756//3310 1757//3310 1761//3310
f 1761//3311 1760//3311 1756//3311
f 1762//3312 1757//3312 1690//3312
f 1757//3313 1762//3313 1761//3313
f 1762//3314 1690//3314 1691//3314
f 1758//3315 1763//3315 1690//3315
f 1690//3316 1763//3316 1688//3316
f 1689//3317 1688//3317 1763//3317
f 1764//3318 1763//3318 1758//3318
f 1689//3319 1763//3319 1764//3319
f 1753//3320 1764//3320 1758//3320
f 1753//3321 1754//3321 1764//3321
f 1691//3322 1765//3322 1762//3322
f 1765//3323 1691//3323 1692//3323
f 1766//3324 1762//3324 1765//3324
f 1762//3325 1766//3325 1761//3325
f 1767//3326 1765//3326 1692//3326
f 1766//3327 1765//3327 1767//3327
f 1768//3328 1764//3328 1754//3328
f 1761//3329 1766//3329 1769//3329
f 1769//3330 1760//3330 1761//3330
f 1770//3331 1764//3331 1768//3331
f 1764//3332 1770//3332 1689//3332
f 1694//3333 1689//3333 1770//3333
f 1694//3334 1770//3334 1771//3334
f 1699//3335 1694//3335 1771//3335
f 1770//3336 1768//3336 1772//3336
f 1770//3337 1772//3337 1771//3337
f 1699//3338 1771//3338 1772//3338
f 1772//3339 1768//3339 1754//3339
f 1699//3340 1772//3340 1719//3340
f 1772//3341 1754//3341 1773//3341
f 1719//3342 1772//3342 1773//3342
f 1773//3343 1754//3343 1733//3343
f 1719//3344 1773//3344 1774//3344
f 1733//3345 1774//3345 1773//3345
f 1774//3346 1720//3346 1719//3346
f 1774//3347 1733//3347 1723//3347
f 1774//3348 1723//3348 1720//3348
f 1775//3349 1760//3349 1769//3349
f 1766//3350 1775//3350 1769//3350
f 1760//3351 1775//3351 1776//3351
f 1776//3352 1777//3352 1760//3352
f 1777//3353 1752//3353 1760//3353
f 1776//3354 1778//3354 1777//3354
f 1752//3355 1777//3355 1778//3355
f 1776//3356 1779//3356 1778//3356
f 1775//3357 1779//3357 1776//3357
f 1780//3358 1752//3358 1778//3358
f 1766//3359 1781//3359 1775//3359
f 1781//3360 1779//3360 1775//3360
f 1778//3361 1779//3361 1782//3361
f 1782//3362 1780//3362 1778//3362
f 1783//3363 1779//3363 1781//3363
f 1779//3364 1783//3364 1782//3364
f 1766//3365 1784//3365 1781//3365
f 1784//3366 1766//3366 1785//3366
f 1767//3367 1785//3367 1766//3367
f 1784//3368 1786//3368 1781//3368
f 1783//3369 1781//3369 1786//3369
f 1787//3370 1784//3370 1785//3370
f 1787//3371 1785//3371 1767//3371
f 1784//3372 1788//3372 1786//3372
f 1787//3373 1788//3373 1784//3373
f 1789//3374 1783//3374 1786//3374
f 1788//3375 1789//3375 1786//3375
f 1787//3376 1790//3376 1788//3376
f 1787//3377 1767//3377 1791//3377
f 1787//3378 1791//3378 1790//3378
f 1791//3379 1767//3379 1792//3379
f 1692//3380 1792//3380 1767//3380
f 1793//3381 1791//3381 1792//3381
f 1790//3382 1791//3382 1793//3382
f 1794//3383 1792//3383 1692//3383
f 1794//3384 1692//3384 1683//3384
f 1794//3385 1683//3385 1681//3385
f 1792//3386 1794//3386 1795//3386
f 1794//3387 1681//3387 1795//3387
f 1793//3388 1792//3388 1795//3388
f 1681//3389 1677//3389 1795//3389
f 1796//3390 1795//3390 1677//3390
f 1797//3391 1793//3391 1795//3391
f 1796//3392 1797//3392 1795//3392
f 1798//3393 1796//3393 1677//3393
f 1797//3394 1796//3394 1798//3394
f 1671//3395 1798//3395 1677//3395
f 1793//3396 1797//3396 1799//3396
f 1793//3397 1799//3397 1790//3397
f 1800//3398 1799//3398 1797//3398
f 1799//3399 1801//3399 1790//3399
f 1799//3400 1800//3400 1801//3400
f 1790//3401 1801//3401 1802//3401
f 1790//3402 1802//3402 1788//3402
f 1803//3403 1801//3403 1800//3403
f 1797//3404 1804//3404 1800//3404
f 1803//3405 1800//3405 1804//3405
f 1804//3406 1797//3406 1805//3406
f 1798//3407 1805//3407 1797//3407
f 1788//3408 1802//3408 1806//3408
f 1788//3409 1806//3409 1789//3409
f 1802//3410 1801//3410 1807//3410
f 1807//3411 1801//3411 1803//3411
f 1802//3412 1808//3412 1806//3412
f 1808//3413 1802//3413 1807//3413
f 1809//3414 1789//3414 1806//3414
f 1806//3415 1808//3415 1809//3415
f 1810//3416 1789//3416 1809//3416
f 1783//3417 1789//3417 1810//3417
f 1811//3418 1807//3418 1803//3418
f 1811//3419 1803//3419 1804//3419
f 1812//3420 1810//3420 1809//3420
f 1812//3421 1809//3421 1808//3421
f 1813//3422 1810//3422 1812//3422
f 1808//3423 1807//3423 1814//3423
f 1814//3424 1807//3424 1811//3424
f 1813//3425 1815//3425 1810//3425
f 1810//3426 1815//3426 1783//3426
f 1816//3427 1813//3427 1812//3427
f 1816//3428 1815//3428 1813//3428
f 1817//3429 1812//3429 1808//3429
f 1816//3430 1812//3430 1817//3430
f 1814//3431 1818//3431 1808//3431
f 1817//3432 1808//3432 1818//3432
f 1814//3433 1819//3433 1818//3433
f 1819//3434 1814//3434 1811//3434
f 1817//3435 1818//3435 1820//3435
f 1820//3436 1818//3436 1819//3436
f 1817//3437 1821//3437 1816//3437
f 1821//3438 1817//3438 1820//3438
f 1821//3439 1822//3439 1816//3439
f 1815//3440 1816//3440 1822//3440
f 1823//3441 1822//3441 1821//3441
f 1822//3442 1824//3442 1815//3442
f 1823//3443 1825//3443 1822//3443
f 1824//3444 1822//3444 1825//3444
f 1821//3445 1826//3445 1823//3445
f 1823//3446 1826//3446 1825//3446
f 1821//3447 1820//3447 1827//3447
f 1826//3448 1821//3448 1827//3448
f 1828//3449 1815//3449 1824//3449
f 1829//3450 1815//3450 1828//3450
f 1829//3451 1783//3451 1815//3451
f 1782//3452 1783//3452 1829//3452
f 1829//3453 1780//3453 1782//3453
f 1828//3454 1830//3454 1829//3454
f 1829//3455 1830//3455 1780//3455
f 1824//3456 1831//3456 1828//3456
f 1830//3457 1828//3457 1831//3457
f 1824//3458 1832//3458 1831//3458
f 1825//3459 1832//3459 1824//3459
f 1831//3460 1833//3460 1830//3460
f 1832//3461 1825//3461 1834//3461
f 1832//3462 1835//3462 1831//3462
f 1831//3463 1835//3463 1833//3463
f 1836//3464 1832//3464 1834//3464
f 1832//3465 1836//3465 1835//3465
f 1837//3466 1834//3466 1825//3466
f 1834//3467 1837//3467 1836//3467
f 1838//3468 1830//3468 1833//3468
f 1838//3469 1780//3469 1830//3469
f 1835//3470 1839//3470 1833//3470
f 1833//3471 1840//3471 1838//3471
f 1833//3472 1839//3472 1840//3472
f 1835//3473 1841//3473 1839//3473
f 1839//3474 1841//3474 1840//3474
f 1835//3475 1836//3475 1842//3475
f 1835//3476 1842//3476 1841//3476
f 1842//3477 1836//3477 1837//3477
f 1843//3478 1780//3478 1838//3478
f 1843//3479 1752//3479 1780//3479
f 1838//3480 1840//3480 1844//3480
f 1844//3481 1843//3481 1838//3481
f 1845//3482 1752//3482 1843//3482
f 1744//3483 1752//3483 1845//3483
f 1844//3484 1846//3484 1843//3484
f 1845//3485 1843//3485 1846//3485
f 1847//3486 1844//3486 1840//3486
f 1847//3487 1846//3487 1844//3487
f 1845//3488 1846//3488 1848//3488
f 1847//3489 1848//3489 1846//3489
f 1845//3490 1848//3490 1744//3490
f 1849//3491 1744//3491 1848//3491
f 1847//3492 1849//3492 1848//3492
f 1847//3493 1840//3493 1850//3493
f 1849//3494 1847//3494 1850//3494
f 1841//3495 1850//3495 1840//3495
f 1744//3496 1849//3496 1743//3496
f 1743//3497 1849//3497 1851//3497
f 1850//3498 1841//3498 1852//3498
f 1852//3499 1841//3499 1853//3499
f 1853//3500 1841//3500 1842//3500
f 1852//3501 1854//3501 1850//3501
f 1842//3502 1855//3502 1853//3502
f 1842//3503 1837//3503 1855//3503
f 1853//3504 1856//3504 1852//3504
f 1856//3505 1854//3505 1852//3505
f 1850//3506 1854//3506 1857//3506
f 1853//3507 1858//3507 1856//3507
f 1855//3508 1858//3508 1853//3508
f 1850//3509 1857//3509 1859//3509
f 1859//3510 1849//3510 1850//3510
f 1860//3511 1857//3511 1854//3511
f 1859//3512 1857//3512 1860//3512
f 1861//3513 1854//3513 1856//3513
f 1861//3514 1860//3514 1854//3514
f 1862//3515 1856//3515 1858//3515
f 1862//3516 1861//3516 1856//3516
f 1863//3517 1861//3517 1862//3517
f 1859//3518 1864//3518 1849//3518
f 1865//3519 1861//3519 1863//3519
f 1861//3520 1865//3520 1860//3520
f 1860//3521 1866//3521 1859//3521
f 1859//3522 1866//3522 1864//3522
f 1865//3523 1866//3523 1860//3523
f 1864//3524 1851//3524 1849//3524
f 1867//3525 1863//3525 1862//3525
f 1865//3526 1863//3526 1867//3526
f 1858//3527 1868//3527 1862//3527
f 1867//3528 1862//3528 1868//3528
f 1858//3529 1869//3529 1868//3529
f 1865//3530 1867//3530 1870//3530
f 1858//3531 1855//3531 1869//3531
f 1871//3532 1867//3532 1868//3532
f 1869//3533 1871//3533 1868//3533
f 1870//3534 1867//3534 1872//3534
f 1871//3535 1872//3535 1867//3535
f 1869//3536 1873//3536 1871//3536
f 1871//3537 1873//3537 1872//3537
f 1855//3538 1873//3538 1869//3538
f 1870//3539 1872//3539 1874//3539
f 1870//3540 1874//3540 1865//3540
f 1874//3541 1872//3541 1875//3541
f 1872//3542 1873//3542 1875//3542
f 1874//3543 1875//3543 1876//3543
f 1875//3544 1873//3544 1876//3544
f 1865//3545 1874//3545 1877//3545
f 1876//3546 1877//3546 1874//3546
f 1866//3547 1865//3547 1877//3547
f 1877//3548 1878//3548 1866//3548
f 1864//3549 1866//3549 1878//3549
f 1876//3550 1879//3550 1877//3550
f 1878//3551 1877//3551 1879//3551
f 1880//3552 1864//3552 1878//3552
f 1880//3553 1878//3553 1879//3553
f 1851//3554 1864//3554 1880//3554
f 1876//3555 1873//3555 1881//3555
f 1881//3556 1873//3556 1882//3556
f 1855//3557 1882//3557 1873//3557
f 1881//3558 1883//3558 1876//3558
f 1876//3559 1883//3559 1879//3559
f 1855//3560 1884//3560 1882//3560
f 1885//3561 1881//3561 1882//3561
f 1883//3562 1881//3562 1885//3562
f 1884//3563 1885//3563 1882//3563
f 1879//3564 1883//3564 1886//3564
f 1883//3565 1885//3565 1886//3565
f 1837//3566 1884//3566 1855//3566
f 1884//3567 1887//3567 1885//3567
f 1886//3568 1885//3568 1887//3568
f 1837//3569 1888//3569 1884//3569
f 1825//3570 1888//3570 1837//3570
f 1884//3571 1889//3571 1887//3571
f 1889//3572 1884//3572 1888//3572
f 1826//3573 1888//3573 1825//3573
f 1888//3574 1890//3574 1889//3574
f 1890//3575 1888//3575 1826//3575
f 1889//3576 1890//3576 1891//3576
f 1826//3577 1892//3577 1890//3577
f 1891//3578 1890//3578 1892//3578
f 1892//3579 1826//3579 1893//3579
f 1894//3580 1889//3580 1891//3580
f 1892//3581 1895//3581 1891//3581
f 1892//3582 1893//3582 1895//3582
f 1891//3583 1896//3583 1894//3583
f 1897//3584 1889//3584 1894//3584
f 1887//3585 1889//3585 1897//3585
f 1897//3586 1894//3586 1896//3586
f 1887//3587 1897//3587 1898//3587
f 1886//3588 1887//3588 1898//3588
f 1899//3589 1891//3589 1895//3589
f 1891//3590 1899//3590 1896//3590
f 1895//3591 1900//3591 1899//3591
f 1893//3592 1900//3592 1895//3592
f 1896//3593 1901//3593 1897//3593
f 1898//3594 1897//3594 1901//3594
f 1899//3595 1902//3595 1896//3595
f 1901//3596 1896//3596 1903//3596
f 1903//3597 1896//3597 1902//3597
f 1904//3598 1901//3598 1903//3598
f 1904//3599 1898//3599 1901//3599
f 1903//3600 1902//3600 1905//3600
f 1904//3601 1903//3601 1905//3601
f 1899//3602 1906//3602 1902//3602
f 1899//3603 1900//3603 1906//3603
f 1902//3604 1907//3604 1905//3604
f 1902//3605 1906//3605 1907//3605
f 1900//3606 1908//3606 1906//3606
f 1898//3607 1904//3607 1909//3607
f 1910//3608 1908//3608 1900//3608
f 1910//3609 1900//3609 1911//3609
f 1911//3610 1900//3610 1893//3610
f 1912//3611 1910//3611 1911//3611
f 1912//3612 1908//3612 1910//3612
f 1893//3613 1913//3613 1911//3613
f 1906//3614 1908//3614 1914//3614
f 1914//3615 1907//3615 1906//3615
f 1893//3616 1915//3616 1913//3616
f 1893//3617 1826//3617 1915//3617
f 1827//3618 1915//3618 1826//3618
f 1913//3619 1915//3619 1916//3619
f 1911//3620 1913//3620 1916//3620
f 1916//3621 1915//3621 1827//3621
f 1911//3622 1916//3622 1912//3622
f 1827//3623 1917//3623 1916//3623
f 1827//3624 1820//3624 1917//3624
f 1918//3625 1916//3625 1917//3625
f 1918//3626 1917//3626 1820//3626
f 1912//3627 1916//3627 1919//3627
f 1919//3628 1916//3628 1918//3628
f 1912//3629 1920//3629 1908//3629
f 1921//3630 1920//3630 1912//3630
f 1919//3631 1921//3631 1912//3631
f 1908//3632 1920//3632 1922//3632
f 1922//3633 1920//3633 1921//3633
f 1922//3634 1914//3634 1908//3634
f 1820//3635 1923//3635 1918//3635
f 1924//3636 1919//3636 1918//3636
f 1924//3637 1918//3637 1923//3637
f 1924//3638 1925//3638 1919//3638
f 1926//3639 1924//3639 1923//3639
f 1925//3640 1924//3640 1926//3640
f 1927//3641 1923//3641 1820//3641
f 1927//3642 1926//3642 1923//3642
f 1820//3643 1928//3643 1927//3643
f 1927//3644 1929//3644 1926//3644
f 1927//3645 1928//3645 1929//3645
f 1819//3646 1928//3646 1820//3646
f 1926//3647 1929//3647 1930//3647
f 1926//3648 1930//3648 1925//3648
f 1928//3649 1931//3649 1929//3649
f 1819//3650 1932//3650 1928//3650
f 1932//3651 1931//3651 1928//3651
f 1819//3652 1933//3652 1932//3652
f 1934//3653 1933//3653 1819//3653
f 1819//3654 1811//3654 1934//3654
f 1934//3655 1811//3655 1933//3655
f 1935//3656 1933//3656 1811//3656
f 1811//3657 1804//3657 1935//3657
f 1935//3658 1804//3658 1805//3658
f 1935//3659 1936//3659 1933//3659
f 1805//3660 1936//3660 1935//3660
f 1932//3661 1933//3661 1937//3661
f 1937//3662 1933//3662 1936//3662
f 1937//3663 1931//3663 1932//3663
f 1805//3664 1938//3664 1936//3664
f 1938//3665 1937//3665 1936//3665
f 1939//3666 1938//3666 1805//3666
f 1805//3667 1798//3667 1939//3667
f 1940//3668 1937//3668 1938//3668
f 1937//3669 1940//3669 1931//3669
f 1941//3670 1938//3670 1939//3670
f 1939//3671 1798//3671 1942//3671
f 1939//3672 1942//3672 1941//3672
f 1938//3673 1943//3673 1940//3673
f 1943//3674 1938//3674 1941//3674
f 1931//3675 1940//3675 1944//3675
f 1940//3676 1943//3676 1945//3676
f 1945//3677 1944//3677 1940//3677
f 1943//3678 1941//3678 1946//3678
f 1941//3679 1947//3679 1946//3679
f 1947//3680 1941//3680 1942//3680
f 1946//3681 1948//3681 1943//3681
f 1943//3682 1948//3682 1945//3682
f 1946//3683 1949//3683 1948//3683
f 1949//3684 1946//3684 1947//3684
f 1948//3685 1949//3685 1950//3685
f 1949//3686 1947//3686 1950//3686
f 1948//3687 1951//3687 1945//3687
f 1951//3688 1948//3688 1950//3688
f 1951//3689 1952//3689 1945//3689
f 1952//3690 1951//3690 1950//3690
f 1952//3691 1950//3691 1945//3691
f 1950//3692 1953//3692 1945//3692
f 1950//3693 1947//3693 1954//3693
f 1953//3694 1950//3694 1954//3694
f 1945//3695 1953//3695 1955//3695
f 1945//3696 1955//3696 1944//3696
f 1953//3697 1956//3697 1955//3697
f 1953//3698 1954//3698 1956//3698
f 1957//3699 1944//3699 1955//3699
f 1956//3700 1957//3700 1955//3700
f 1958//3701 1944//3701 1957//3701
f 1957//3702 1956//3702 1959//3702
f 1956//3703 1954//3703 1959//3703
f 1959//3704 1958//3704 1957//3704
f 1931//3705 1944//3705 1958//3705
f 1958//3706 1960//3706 1931//3706
f 1960//3707 1929//3707 1931//3707
f 1961//3708 1929//3708 1960//3708
f 1961//3709 1960//3709 1958//3709
f 1930//3710 1929//3710 1961//3710
f 1961//3711 1958//3711 1962//3711
f 1962//3712 1930//3712 1961//3712
f 1962//3713 1958//3713 1959//3713
f 1963//3714 1930//3714 1962//3714
f 1963//3715 1925//3715 1930//3715
f 1964//3716 1962//3716 1959//3716
f 1963//3717 1965//3717 1925//3717
f 1964//3718 1966//3718 1962//3718
f 1963//3719 1962//3719 1966//3719
f 1965//3720 1967//3720 1925//3720
f 1919//3721 1925//3721 1967//3721
f 1967//3722 1921//3722 1919//3722
f 1968//3723 1967//3723 1965//3723
f 1963//3724 1968//3724 1965//3724
f 1967//3725 1969//3725 1921//3725
f 1968//3726 1969//3726 1967//3726
f 1970//3727 1968//3727 1963//3727
f 1966//3728 1970//3728 1963//3728
f 1970//3729 1971//3729 1968//3729
f 1968//3730 1971//3730 1969//3730
f 1971//3731 1970//3731 1966//3731
f 1972//3732 1921//3732 1969//3732
f 1922//3733 1921//3733 1972//3733
f 1969//3734 1973//3734 1972//3734
f 1969//3735 1971//3735 1973//3735
f 1922//3736 1972//3736 1974//3736
f 1973//3737 1974//3737 1972//3737
f 1922//3738 1974//3738 1975//3738
f 1976//3739 1974//3739 1973//3739
f 1975//3740 1974//3740 1976//3740
f 1977//3741 1922//3741 1975//3741
f 1922//3742 1977//3742 1914//3742
f 1907//3743 1914//3743 1977//3743
f 1971//3744 1978//3744 1973//3744
f 1973//3745 1978//3745 1976//3745
f 1975//3746 1979//3746 1977//3746
f 1980//3747 1907//3747 1977//3747
f 1975//3748 1976//3748 1981//3748
f 1981//3749 1979//3749 1975//3749
f 1981//3750 1976//3750 1982//3750
f 1977//3751 1979//3751 1983//3751
f 1977//3752 1983//3752 1980//3752
f 1984//3753 1907//3753 1980//3753
f 1984//3754 1905//3754 1907//3754
f 1984//3755 1985//3755 1905//3755
f 1986//3756 1984//3756 1980//3756
f 1985//3757 1984//3757 1986//3757
f 1987//3758 1980//3758 1983//3758
f 1986//3759 1980//3759 1987//3759
f 1905//3760 1985//3760 1904//3760
f 1986//3761 1988//3761 1985//3761
f 1904//3762 1985//3762 1989//3762
f 1985//3763 1988//3763 1990//3763
f 1985//3764 1990//3764 1989//3764
f 1904//3765 1989//3765 1991//3765
f 1992//3766 1991//3766 1989//3766
f 1990//3767 1992//3767 1989//3767
f 1904//3768 1991//3768 1993//3768
f 1994//3769 1991//3769 1992//3769
f 1994//3770 1992//3770 1990//3770
f 1994//3771 1993//3771 1991//3771
f 1909//3772 1904//3772 1993//3772
f 1995//3773 1990//3773 1988//3773
f 1995//3774 1988//3774 1986//3774
f 1993//3775 1996//3775 1909//3775
f 1996//3776 1898//3776 1909//3776
f 1994//3777 1997//3777 1993//3777
f 1898//3778 1996//3778 1998//3778
f 1998//3779 1886//3779 1898//3779
f 1998//3780 1999//3780 1886//3780
f 1998//3781 1996//3781 1999//3781
f 1886//3782 1999//3782 1879//3782
f 1993//3783 2000//3783 1996//3783
f 1993//3784 1997//3784 2000//3784
f 2001//3785 1999//3785 1996//3785
f 2001//3786 1996//3786 2002//3786
f 2000//3787 2002//3787 1996//3787
f 2003//3788 1999//3788 2001//3788
f 2002//3789 2003//3789 2001//3789
f 2002//3790 2000//3790 2004//3790
f 2002//3791 2005//3791 2003//3791
f 2005//3792 2006//3792 2003//3792
f 1999//3793 2003//3793 2006//3793
f 2007//3794 2005//3794 2002//3794
f 2002//3795 2004//3795 2007//3795
f 2008//3796 2005//3796 2007//3796
f 2008//3797 2006//3797 2005//3797
f 2009//3798 2007//3798 2004//3798
f 2008//3799 2007//3799 2009//3799
f 2000//3800 2010//3800 2004//3800
f 2000//3801 1997//3801 2010//3801
f 2009//3802 2004//3802 2011//3802
f 2010//3803 2011//3803 2004//3803
f 2010//3804 1997//3804 2012//3804
f 2011//3805 2010//3805 2012//3805
f 2012//3806 1997//3806 2013//3806
f 2014//3807 2011//3807 2012//3807
f 2014//3808 2012//3808 2013//3808
f 2014//3809 2015//3809 2011//3809
f 2011//3810 2016//3810 2009//3810
f 2015//3811 2016//3811 2011//3811
f 2015//3812 2014//3812 2017//3812
f 2014//3813 2013//3813 2017//3813
f 2016//3814 2015//3814 2018//3814
f 2019//3815 2013//3815 1997//3815
f 2019//3816 1997//3816 1994//3816
f 1990//3817 2019//3817 1994//3817
f 2015//3818 2017//3818 2020//3818
f 2020//3819 2017//3819 2013//3819
f 2021//3820 2019//3820 1990//3820
f 2022//3821 2013//3821 2019//3821
f 2022//3822 2019//3822 2021//3822
f 2022//3823 2020//3823 2013//3823
f 1995//3824 2021//3824 1990//3824
f 2020//3825 2023//3825 2015//3825
f 2018//3826 2015//3826 2023//3826
f 2024//3827 2020//3827 2022//3827
f 2021//3828 2025//3828 2022//3828
f 1995//3829 2025//3829 2021//3829
f 2026//3830 2024//3830 2022//3830
f 2020//3831 2024//3831 2027//3831
f 2026//3832 2027//3832 2024//3832
f 2028//3833 2023//3833 2020//3833
f 2020//3834 2027//3834 2028//3834
f 2028//3835 2029//3835 2023//3835
f 2018//3836 2023//3836 2029//3836
f 2027//3837 2030//3837 2028//3837
f 2030//3838 2029//3838 2028//3838
f 2022//3839 2031//3839 2026//3839
f 2022//3840 2025//3840 2031//3840
f 2031//3841 2032//3841 2026//3841
f 2026//3842 2033//3842 2027//3842
f 2026//3843 2032//3843 2033//3843
f 2031//3844 2034//3844 2032//3844
f 2032//3845 2034//3845 2033//3845
f 2025//3846 2035//3846 2031//3846
f 2031//3847 2035//3847 2034//3847
f 2025//3848 2036//3848 2035//3848
f 1995//3849 2036//3849 2025//3849
f 2027//3850 2033//3850 2037//3850
f 2027//3851 2037//3851 2030//3851
f 2038//3852 2033//3852 2034//3852
f 2037//3853 2033//3853 2038//3853
f 2039//3854 2034//3854 2035//3854
f 2030//3855 2037//3855 2040//3855
f 2038//3856 2034//3856 2041//3856
f 2039//3857 2041//3857 2034//3857
f 2042//3858 2037//3858 2038//3858
f 2037//3859 2042//3859 2040//3859
f 2038//3860 2041//3860 2042//3860
f 2043//3861 2030//3861 2040//3861
f 2042//3862 2043//3862 2040//3862
f 2044//3863 2039//3863 2035//3863
f 2044//3864 2035//3864 2036//3864
f 2039//3865 2045//3865 2041//3865
f 2046//3866 2030//3866 2043//3866
f 2044//3867 2047//3867 2039//3867
f 2045//3868 2039//3868 2047//3868
f 2048//3869 2041//3869 2045//3869
f 2041//3870 2048//3870 2042//3870
f 2047//3871 2049//3871 2045//3871
f 2050//3872 2048//3872 2045//3872
f 2045//3873 2049//3873 2050//3873
f 2051//3874 2042//3874 2048//3874
f 2050//3875 2051//3875 2048//3875
f 2052//3876 2042//3876 2051//3876
f 2050//3877 2052//3877 2051//3877
f 2053//3878 2043//3878 2042//3878
f 2052//3879 2053//3879 2042//3879
f 2054//3880 2052//3880 2050//3880
f 2043//3881 2053//3881 2055//3881
f 2043//3882 2055//3882 2046//3882
f 2050//3883 2056//3883 2054//3883
f 2049//3884 2056//3884 2050//3884
f 2054//3885 2057//3885 2052//3885
f 2054//3886 2056//3886 2057//3886
f 2058//3887 2053//3887 2052//3887
f 2052//3888 2057//3888 2058//3888
f 2059//3889 2055//3889 2053//3889
f 2053//3890 2058//3890 2059//3890
f 2049//3891 2060//3891 2056//3891
f 2061//3892 2058//3892 2057//3892
f 2059//3893 2058//3893 2061//3893
f 2056//3894 2062//3894 2057//3894
f 2057//3895 2062//3895 2061//3895
f 2060//3896 2063//3896 2056//3896
f 2056//3897 2063//3897 2062//3897
f 2064//3898 2060//3898 2049//3898
f 2064//3899 2063//3899 2060//3899
f 2064//3900 2049//3900 2065//3900
f 2049//3901 2047//3901 2065//3901
f 2065//3902 2047//3902 2044//3902
f 2065//3903 2066//3903 2064//3903
f 2065//3904 2044//3904 2066//3904
f 2067//3905 2063//3905 2064//3905
f 2068//3906 2062//3906 2063//3906
f 2068//3907 2063//3907 2067//3907
f 2069//3908 2062//3908 2068//3908
f 2061//3909 2062//3909 2069//3909
f 2067//3910 2070//3910 2068//3910
f 2067//3911 2064//3911 2071//3911
f 2067//3912 2071//3912 2070//3912
f 2068//3913 2072//3913 2069//3913
f 2068//3914 2070//3914 2072//3914
f 2069//3915 2073//3915 2061//3915
f 2069//3916 2072//3916 2074//3916
f 2069//3917 2074//3917 2073//3917
f 2075//3918 2061//3918 2073//3918
f 2072//3919 2076//3919 2074//3919
f 2075//3920 2059//3920 2061//3920
f 2077//3921 2072//3921 2070//3921
f 2077//3922 2076//3922 2072//3922
f 2077//3923 2070//3923 2078//3923
f 2078//3924 2070//3924 2071//3924
f 2076//3925 2077//3925 2079//3925
f 2078//3926 2080//3926 2077//3926
f 2077//3927 2080//3927 2079//3927
f 2078//3928 2071//3928 2081//3928
f 2081//3929 2080//3929 2078//3929
f 2081//3930 2071//3930 2082//3930
f 2082//3931 2071//3931 2083//3931
f 2071//3932 2064//3932 2083//3932
f 2064//3933 2066//3933 2083//3933
f 2082//3934 2083//3934 2084//3934
f 2083//3935 2066//3935 2084//3935
f 2085//3936 2081//3936 2082//3936
f 2085//3937 2082//3937 2084//3937
f 2080//3938 2081//3938 2086//3938
f 2085//3939 2086//3939 2081//3939
f 2087//3940 2084//3940 2066//3940
f 2080//3941 2086//3941 2088//3941
f 2066//3942 2044//3942 2087//3942
f 2089//3943 2084//3943 2087//3943
f 2089//3944 2085//3944 2084//3944
f 2044//3945 2090//3945 2087//3945
f 2091//3946 2089//3946 2087//3946
f 2087//3947 2090//3947 2091//3947
f 2092//3948 2089//3948 2091//3948
f 2089//3949 2092//3949 2085//3949
f 2093//3950 2091//3950 2090//3950
f 2094//3951 2090//3951 2044//3951
f 2094//3952 2093//3952 2090//3952
f 2095//3953 2094//3953 2044//3953
f 2036//3954 2095//3954 2044//3954
f 2096//3955 2094//3955 2095//3955
f 2036//3956 2097//3956 2095//3956
f 2094//3957 2096//3957 2098//3957
f 2094//3958 2098//3958 2093//3958
f 2093//3959 2099//3959 2091//3959
f 2099//3960 2092//3960 2091//3960
f 2100//3961 2099//3961 2093//3961
f 2099//3962 2101//3962 2092//3962
f 2101//3963 2099//3963 2100//3963
f 2102//3964 2092//3964 2101//3964
f 2092//3965 2102//3965 2103//3965
f 2101//3966 2104//3966 2102//3966
f 2103//3967 2102//3967 2104//3967
f 2092//3968 2103//3968 2105//3968
f 2085//3969 2092//3969 2105//3969
f 2106//3970 2085//3970 2105//3970
f 2106//3971 2105//3971 2103//3971
f 2086//3972 2085//3972 2106//3972
f 2103//3973 2107//3973 2106//3973
f 2103//3974 2104//3974 2107//3974
f 2106//3975 2108//3975 2086//3975
f 2108//3976 2106//3976 2107//3976
f 2108//3977 2088//3977 2086//3977
f 2108//3978 2109//3978 2088//3978
f 2110//3979 2108//3979 2107//3979
f 2108//3980 2110//3980 2109//3980
f 2110//3981 2107//3981 2111//3981
f 2104//3982 2111//3982 2107//3982
f 2111//3983 2112//3983 2110//3983
f 2109//3984 2110//3984 2113//3984
f 2110//3985 2112//3985 2113//3985
f 2112//3986 2111//3986 2114//3986
f 2114//3987 2111//3987 2104//3987
f 2114//3988 2115//3988 2112//3988
f 2109//3989 2116//3989 2088//3989
f 2117//3990 2114//3990 2104//3990
f 2112//3991 2118//3991 2113//3991
f 2118//3992 2112//3992 2115//3992
f 2109//3993 2113//3993 2119//3993
f 2113//3994 2118//3994 2120//3994
f 2121//3995 2109//3995 2119//3995
f 2116//3996 2109//3996 2121//3996
f 2119//3997 2113//3997 2122//3997
f 2122//3998 2113//3998 2120//3998
f 2120//3999 2118//3999 2123//3999
f 2115//4000 2123//4000 2118//4000
f 2124//4001 2122//4001 2120//4001
f 2120//4002 2123//4002 2124//4002
f 2119//4003 2122//4003 2125//4003
f 2119//4004 2125//4004 2121//4004
f 2122//4005 2124//4005 2126//4005
f 2122//4006 2126//4006 2125//4006
f 2124//4007 2123//4007 2127//4007
f 2125//4008 2128//4008 2121//4008
f 2129//4009 2125//4009 2126//4009
f 2128//4010 2125//4010 2129//4010
f 2130//4011 2129//4011 2126//4011
f 2128//4012 2129//4012 2130//4012
f 2121//4013 2128//4013 2131//4013
f 2131//4014 2116//4014 2121//4014
f 2131//4015 2128//4015 2132//4015
f 2133//4016 2116//4016 2131//4016
f 2131//4017 2132//4017 2133//4017
f 2128//4018 2134//4018 2132//4018
f 2128//4019 2130//4019 2134//4019
f 2132//4020 2134//4020 2135//4020
f 2135//4021 2136//4021 2132//4021
f 2133//4022 2132//4022 2136//4022
f 2137//4023 2135//4023 2134//4023
f 2137//4024 2136//4024 2135//4024
f 2133//4025 2138//4025 2116//4025
f 2088//4026 2116//4026 2138//4026
f 2088//4027 2138//4027 2080//4027
f 2079//4028 2080//4028 2138//4028
f 2139//4029 2079//4029 2138//4029
f 2139//4030 2138//4030 2133//4030
f 2076//4031 2079//4031 2139//4031
f 2136//4032 2076//4032 2139//4032
f 2133//4033 2140//4033 2139//4033
f 2136//4034 2139//4034 2140//4034
f 2133//4035 2136//4035 2140//4035
f 2074//4036 2076//4036 2136//4036
f 2074//4037 2136//4037 2073//4037
f 2137//4038 2073//4038 2136//4038
f 2137//4039 2075//4039 2073//4039
f 2137//4040 2141//4040 2075//4040
f 2137//4041 2142//4041 2141//4041
f 2143//4042 2075//4042 2141//4042
f 2141//4043 2142//4043 2143//4043
f 2134//4044 2142//4044 2137//4044
f 2144//4045 2142//4045 2134//4045
f 2130//4046 2144//4046 2134//4046
f 2142//4047 2145//4047 2143//4047
f 2146//4048 2075//4048 2143//4048
f 2075//4049 2146//4049 2059//4049
f 2142//4050 2147//4050 2145//4050
f 2144//4051 2147//4051 2142//4051
f 2148//4052 2143//4052 2145//4052
f 2145//4053 2147//4053 2148//4053
f 2146//4054 2143//4054 2149//4054
f 2143//4055 2148//4055 2149//4055
f 2146//4056 2150//4056 2059//4056
f 2149//4057 2150//4057 2146//4057
f 2151//4058 2059//4058 2150//4058
f 2147//4059 2144//4059 2152//4059
f 2151//4060 2153//4060 2059//4060
f 2059//4061 2153//4061 2055//4061
f 2153//4062 2046//4062 2055//4062
f 2046//4063 2153//4063 2154//4063
f 2153//4064 2151//4064 2154//4064
f 2046//4065 2154//4065 2155//4065
f 2046//4066 2155//4066 2030//4066
f 2029//4067 2030//4067 2155//4067
f 2154//4068 2156//4068 2155//4068
f 2156//4069 2154//4069 2151//4069
f 2155//4070 2157//4070 2029//4070
f 2156//4071 2157//4071 2155//4071
f 2157//4072 2158//4072 2029//4072
f 2029//4073 2158//4073 2018//4073
f 2157//4074 2156//4074 2159//4074
f 2151//4075 2160//4075 2156//4075
f 2161//4076 2159//4076 2156//4076
f 2156//4077 2160//4077 2161//4077
f 2160//4078 2151//4078 2162//4078
f 2151//4079 2150//4079 2162//4079
f 2161//4080 2160//4080 2163//4080
f 2157//4081 2159//4081 2164//4081
f 2165//4082 2159//4082 2161//4082
f 2159//4083 2165//4083 2164//4083
f 2161//4084 2163//4084 2166//4084
f 2161//4085 2166//4085 2165//4085
f 2167//4086 2163//4086 2160//4086
f 2166//4087 2163//4087 2167//4087
f 2168//4088 2157//4088 2164//4088
f 2168//4089 2158//4089 2157//4089
f 2169//4090 2164//4090 2165//4090
f 2168//4091 2164//4091 2169//4091
f 2160//4092 2170//4092 2167//4092
f 2160//4093 2162//4093 2170//4093
f 2168//4094 2171//4094 2158//4094
f 2168//4095 2169//4095 2171//4095
f 2158//4096 2171//4096 2172//4096
f 2172//4097 2018//4097 2158//4097
f 2171//4098 2169//4098 2173//4098
f 2018//4099 2172//4099 2174//4099
f 2174//4100 2016//4100 2018//4100
f 2171//4101 2175//4101 2172//4101
f 2175//4102 2174//4102 2172//4102
f 2171//4103 2173//4103 2175//4103
f 2016//4104 2174//4104 2176//4104
f 2175//4105 2176//4105 2174//4105
f 2176//4106 2009//4106 2016//4106
f 2176//4107 2008//4107 2009//4107
f 2176//4108 2177//4108 2008//4108
f 2176//4109 2175//4109 2177//4109
f 2008//4110 2177//4110 2178//4110
f 2008//4111 2178//4111 2006//4111
f 2177//4112 2175//4112 2179//4112
f 2180//4113 2177//4113 2179//4113
f 2180//4114 2178//4114 2177//4114
f 2181//4115 2179//4115 2175//4115
f 2182//4116 2180//4116 2179//4116
f 2181//4117 2182//4117 2179//4117
f 2182//4118 2183//4118 2180//4118
f 2183//4119 2178//4119 2180//4119
f 2184//4120 2181//4120 2175//4120
f 2184//4121 2175//4121 2185//4121
f 2185//4122 2175//4122 2173//4122
f 2181//4123 2184//4123 2186//4123
f 2186//4124 2184//4124 2185//4124
f 2182//4125 2181//4125 2187//4125
f 2187//4126 2181//4126 2186//4126
f 2188//4127 2182//4127 2187//4127
f 2183//4128 2182//4128 2188//4128
f 2185//4129 2173//4129 2169//4129
f 2189//4130 2187//4130 2186//4130
f 2186//4131 2185//4131 2190//4131
f 2191//4132 2187//4132 2189//4132
f 2188//4133 2187//4133 2191//4133
f 2186//4134 2192//4134 2189//4134
f 2190//4135 2192//4135 2186//4135
f 2191//4136 2189//4136 2193//4136
f 2193//4137 2189//4137 2192//4137
f 2192//4138 2194//4138 2193//4138
f 2190//4139 2194//4139 2192//4139
f 2191//4140 2193//4140 2195//4140
f 2196//4141 2188//4141 2191//4141
f 2191//4142 2195//4142 2196//4142
f 2197//4143 2195//4143 2193//4143
f 2197//4144 2193//4144 2194//4144
f 2195//4145 2198//4145 2196//4145
f 2198//4146 2195//4146 2197//4146
f 2196//4147 2199//4147 2188//4147
f 2196//4148 2198//4148 2199//4148
f 2188//4149 2199//4149 2200//4149
f 2188//4150 2200//4150 2183//4150
f 2198//4151 2201//4151 2199//4151
f 2202//4152 2200//4152 2199//4152
f 2199//4153 2201//4153 2202//4153
f 2183//4154 2200//4154 2203//4154
f 2204//4155 2200//4155 2202//4155
f 2200//4156 2204//4156 2203//4156
f 2203//4157 2205//4157 2183//4157
f 2183//4158 2205//4158 2178//4158
f 2206//4159 2205//4159 2203//4159
f 2203//4160 2204//4160 2206//4160
f 2205//4161 2207//4161 2178//4161
f 2207//4162 2006//4162 2178//4162
f 2206//4163 2208//4163 2205//4163
f 2207//4164 2205//4164 2208//4164
f 2206//4165 2204//4165 2209//4165
f 2207//4166 2210//4166 2006//4166
f 2208//4167 2210//4167 2207//4167
f 2210//4168 1999//4168 2006//4168
f 2211//4169 2208//4169 2206//4169
f 2209//4170 2211//4170 2206//4170
f 2212//4171 2210//4171 2208//4171
f 2212//4172 1999//4172 2210//4172
f 2213//4173 2209//4173 2204//4173
f 2213//4174 2211//4174 2209//4174
f 2204//4175 2214//4175 2213//4175
f 2204//4176 2202//4176 2214//4176
f 2215//4177 2208//4177 2211//4177
f 2212//4178 2208//4178 2215//4178
f 2211//4179 2213//4179 2216//4179
f 2212//4180 2217//4180 1999//4180
f 1879//4181 1999//4181 2217//4181
f 1880//4182 1879//4182 2217//4182
f 2212//4183 2218//4183 2217//4183
f 2217//4184 2218//4184 1880//4184
f 1880//4185 2218//4185 2219//4185
f 2220//4186 1880//4186 2219//4186
f 2220//4187 2219//4187 2218//4187
f 1851//4188 1880//4188 2220//4188
f 2221//4189 2218//4189 2212//4189
f 2218//4190 2221//4190 2220//4190
f 2221//4191 2212//4191 2215//4191
f 2222//4192 2215//4192 2211//4192
f 2222//4193 2221//4193 2215//4193
f 2211//4194 2216//4194 2222//4194
f 2220//4195 2221//4195 2223//4195
f 2221//4196 2222//4196 2223//4196
f 2224//4197 1851//4197 2220//4197
f 2223//4198 2224//4198 2220//4198
f 2225//4199 1851//4199 2224//4199
f 1851//4200 2225//4200 1743//4200
f 2226//4201 2225//4201 2224//4201
f 2223//4202 2226//4202 2224//4202
f 2225//4203 2226//4203 2227//4203
f 2227//4204 2226//4204 2223//4204
f 2228//4205 1743//4205 2225//4205
f 2225//4206 2227//4206 2228//4206
f 2228//4207 1739//4207 1743//4207
f 1731//4208 1739//4208 2228//4208
f 1731//4209 2228//4209 2229//4209
f 2227//4210 2229//4210 2228//4210
f 1731//4211 2229//4211 1575//4211
f 1575//4212 2229//4212 2227//4212
f 1573//4213 1575//4213 2227//4213
f 2227//4214 2223//4214 1573//4214
f 2223//4215 2230//4215 1573//4215
f 2231//4216 2223//4216 2222//4216
f 2223//4217 2231//4217 2230//4217
f 2231//4218 2222//4218 2216//4218
f 2216//4219 2232//4219 2231//4219
f 2230//4220 2231//4220 2232//4220
f 2216//4221 2233//4221 2232//4221
f 2213//4222 2233//4222 2216//4222
f 2233//4223 2213//4223 2214//4223
f 2232//4224 2234//4224 2230//4224
f 2232//4225 2233//4225 2234//4225
f 1573//4226 2230//4226 2235//4226
f 1572//4227 1573//4227 2235//4227
f 2230//4228 2234//4228 2236//4228
f 2236//4229 2235//4229 2230//4229
f 2237//4230 2236//4230 2234//4230
f 2235//4231 2238//4231 1572//4231
f 1562//4232 1572//4232 2238//4232
f 1562//4233 2238//4233 2239//4233
f 1554//4234 1562//4234 2239//4234
f 2239//4235 2238//4235 2240//4235
f 2240//4236 1554//4236 2239//4236
f 2235//4237 2241//4237 2238//4237
f 2236//4238 2241//4238 2235//4238
f 2240//4239 2238//4239 2241//4239
f 2236//4240 2242//4240 2241//4240
f 2240//4241 2241//4241 2242//4241
f 2236//4242 2237//4242 2242//4242
f 1554//4243 2240//4243 2243//4243
f 2243//4244 1559//4244 1554//4244
f 2244//4245 2243//4245 2240//4245
f 2242//4246 2244//4246 2240//4246
f 2244//4247 1559//4247 2243//4247
f 2245//4248 2242//4248 2237//4248
f 2245//4249 2237//4249 2234//4249
f 2246//4250 2244//4250 2242//4250
f 2242//4251 2245//4251 2246//4251
f 2245//4252 2234//4252 2233//4252
f 2246//4253 2245//4253 2247//4253
f 2245//4254 2233//4254 2247//4254
f 2246//4255 2248//4255 2244//4255
f 1559//4256 2244//4256 2249//4256
f 2249//4257 2244//4257 2248//4257
f 2248//4258 2246//4258 2250//4258
f 2250//4259 2246//4259 2247//4259
f 2249//4260 2248//4260 2251//4260
f 2248//4261 2250//4261 2252//4261
f 2252//4262 2251//4262 2248//4262
f 2249//4263 2251//4263 2253//4263
f 2253//4264 2251//4264 2252//4264
f 2254//4265 1559//4265 2249//4265
f 2253//4266 2254//4266 2249//4266
f 2250//4267 2255//4267 2252//4267
f 2247//4268 2255//4268 2250//4268
f 2253//4269 2252//4269 2256//4269
f 2257//4270 2247//4270 2233//4270
f 2257//4271 2233//4271 2258//4271
f 2258//4272 2233//4272 2214//4272
f 2257//4273 2259//4273 2247//4273
f 2259//4274 2257//4274 2258//4274
f 2259//4275 2260//4275 2247//4275
f 2255//4276 2247//4276 2260//4276
f 2259//4277 2261//4277 2260//4277
f 2255//4278 2260//4278 2261//4278
f 2262//4279 2259//4279 2258//4279
f 2262//4280 2261//4280 2259//4280
f 2258//4281 2214//4281 2263//4281
f 2202//4282 2263//4282 2214//4282
f 2262//4283 2258//4283 2264//4283
f 2263//4284 2264//4284 2258//4284
f 2202//4285 2201//4285 2263//4285
f 2264//4286 2263//4286 2201//4286
f 2201//4287 2265//4287 2264//4287
f 2262//4288 2264//4288 2265//4288
f 2261//4289 2262//4289 2266//4289
f 2266//4290 2262//4290 2265//4290
f 2266//4291 2267//4291 2261//4291
f 2201//4292 2268//4292 2265//4292
f 2265//4293 2269//4293 2266//4293
f 2268//4294 2269//4294 2265//4294
f 2270//4295 2268//4295 2201//4295
f 2201//4296 2198//4296 2270//4296
f 2197//4297 2270//4297 2198//4297
f 2270//4298 2271//4298 2268//4298
f 2268//4299 2271//4299 2269//4299
f 2270//4300 2197//4300 2272//4300
f 2270//4301 2272//4301 2273//4301
f 2273//4302 2271//4302 2270//4302
f 2197//4303 2274//4303 2272//4303
f 2273//4304 2272//4304 2274//4304
f 2274//4305 2197//4305 2275//4305
f 2197//4306 2194//4306 2275//4306
f 2273//4307 2274//4307 2276//4307
f 2271//4308 2273//4308 2276//4308
f 2277//4309 2274//4309 2275//4309
f 2194//4310 2277//4310 2275//4310
f 2274//4311 2277//4311 2276//4311
f 2194//4312 2278//4312 2277//4312
f 2278//4313 2194//4313 2190//4313
f 2277//4314 2279//4314 2276//4314
f 2280//4315 2277//4315 2278//4315
f 2279//4316 2277//4316 2280//4316
f 2278//4317 2190//4317 2281//4317
f 2280//4318 2278//4318 2282//4318
f 2281//4319 2282//4319 2278//4319
f 2282//4320 2283//4320 2280//4320
f 2281//4321 2284//4321 2282//4321
f 2285//4322 2282//4322 2284//4322
f 2285//4323 2283//4323 2282//4323
f 2279//4324 2280//4324 2286//4324
f 2280//4325 2283//4325 2286//4325
f 2287//4326 2279//4326 2286//4326
f 2287//4327 2288//4327 2279//4327
f 2288//4328 2276//4328 2279//4328
f 2286//4329 2289//4329 2287//4329
f 2290//4330 2276//4330 2288//4330
f 2290//4331 2271//4331 2276//4331
f 2287//4332 2291//4332 2288//4332
f 2287//4333 2289//4333 2291//4333
f 2292//4334 2290//4334 2288//4334
f 2288//4335 2291//4335 2292//4335
f 2290//4336 2293//4336 2271//4336
f 2290//4337 2292//4337 2293//4337
f 2291//4338 2294//4338 2292//4338
f 2291//4339 2295//4339 2294//4339
f 2289//4340 2295//4340 2291//4340
f 2296//4341 2292//4341 2294//4341
f 2292//4342 2296//4342 2293//4342
f 2295//4343 2297//4343 2294//4343
f 2294//4344 2297//4344 2296//4344
f 2295//4345 2298//4345 2297//4345
f 2299//4346 2298//4346 2295//4346
f 2299//4347 2295//4347 2300//4347
f 2289//4348 2300//4348 2295//4348
f 2300//4349 2301//4349 2299//4349
f 2299//4350 2301//4350 2298//4350
f 2300//4351 2289//4351 2302//4351
f 2302//4352 2301//4352 2300//4352
f 2303//4353 2296//4353 2297//4353
f 2297//4354 2298//4354 2303//4354
f 2304//4355 2296//4355 2303//4355
f 2305//4356 2298//4356 2301//4356
f 2305//4357 2301//4357 2306//4357
f 2301//4358 2307//4358 2306//4358
f 2307//4359 2301//4359 2302//4359
f 2305//4360 2306//4360 2308//4360
f 2307//4361 2308//4361 2306//4361
f 2309//4362 2298//4362 2305//4362
f 2308//4363 2310//4363 2305//4363
f 2305//4364 2310//4364 2309//4364
f 2308//4365 2311//4365 2310//4365
f 2298//4366 2309//4366 2312//4366
f 2298//4367 2312//4367 2303//4367
f 2313//4368 2309//4368 2310//4368
f 2310//4369 2311//4369 2313//4369
f 2309//4370 2314//4370 2312//4370
f 2313//4371 2314//4371 2309//4371
f 2312//4372 2315//4372 2303//4372
f 2303//4373 2315//4373 2304//4373
f 2312//4374 2314//4374 2316//4374
f 2312//4375 2316//4375 2315//4375
f 2314//4376 2317//4376 2316//4376
f 2314//4377 2313//4377 2317//4377
f 2313//4378 2318//4378 2317//4378
f 2316//4379 2317//4379 2318//4379
f 2313//4380 2319//4380 2318//4380
f 2319//4381 2316//4381 2318//4381
f 2316//4382 2320//4382 2315//4382
f 2321//4383 2315//4383 2320//4383
f 2315//4384 2321//4384 2304//4384
f 2322//4385 2320//4385 2316//4385
f 2323//4386 2321//4386 2320//4386
f 2322//4387 2323//4387 2320//4387
f 2304//4388 2321//4388 2324//4388
f 2325//4389 2321//4389 2323//4389
f 2325//4390 2323//4390 2322//4390
f 2324//4391 2321//4391 2326//4391
f 2325//4392 2326//4392 2321//4392
f 2304//4393 2324//4393 2327//4393
f 2324//4394 2326//4394 2327//4394
f 2327//4395 2328//4395 2304//4395
f 2296//4396 2304//4396 2328//4396
f 2328//4397 2327//4397 2329//4397
f 2328//4398 2330//4398 2296//4398
f 2296//4399 2330//4399 2293//4399
f 2330//4400 2328//4400 2331//4400
f 2328//4401 2329//4401 2331//4401
f 2293//4402 2330//4402 2332//4402
f 2330//4403 2331//4403 2333//4403
f 2333//4404 2332//4404 2330//4404
f 2334//4405 2293//4405 2332//4405
f 2335//4406 2333//4406 2331//4406
f 2334//4407 2336//4407 2293//4407
f 2293//4408 2336//4408 2271//4408
f 2269//4409 2271//4409 2336//4409
f 2334//4410 2337//4410 2336//4410
f 2269//4411 2336//4411 2337//4411
f 2334//4412 2332//4412 2338//4412
f 2332//4413 2333//4413 2339//4413
f 2338//4414 2332//4414 2339//4414
f 2338//4415 2340//4415 2334//4415
f 2334//4416 2340//4416 2337//4416
f 2341//4417 2269//4417 2337//4417
f 2340//4418 2341//4418 2337//4418
f 2342//4419 2340//4419 2338//4419
f 2339//4420 2342//4420 2338//4420
f 2342//4421 2341//4421 2340//4421
f 2343//4422 2339//4422 2333//4422
f 2335//4423 2343//4423 2333//4423
f 2344//4424 2339//4424 2343//4424
f 2344//4425 2342//4425 2339//4425
f 2343//4426 2335//4426 2345//4426
f 2343//4427 2345//4427 2344//4427
f 2345//4428 2346//4428 2344//4428
f 2345//4429 2335//4429 2347//4429
f 2345//4430 2348//4430 2346//4430
f 2347//4431 2348//4431 2345//4431
f 2349//4432 2346//4432 2348//4432
f 2349//4433 2344//4433 2346//4433
f 2350//4434 2348//4434 2347//4434
f 2348//4435 2351//4435 2349//4435
f 2348//4436 2350//4436 2351//4436
f 2335//4437 2352//4437 2347//4437
f 2352//4438 2335//4438 2331//4438
f 2329//4439 2352//4439 2331//4439
f 2347//4440 2352//4440 2353//4440
f 2347//4441 2353//4441 2350//4441
f 2354//4442 2352//4442 2329//4442
f 2354//4443 2353//4443 2352//4443
f 2329//4444 2355//4444 2354//4444
f 2354//4445 2356//4445 2353//4445
f 2354//4446 2355//4446 2356//4446
f 2357//4447 2350//4447 2353//4447
f 2353//4448 2356//4448 2357//4448
f 2358//4449 2355//4449 2329//4449
f 2358//4450 2329//4450 2327//4450
f 2327//4451 2326//4451 2358//4451
f 2359//4452 2355//4452 2358//4452
f 2360//4453 2356//4453 2355//4453
f 2355//4454 2359//4454 2360//4454
f 2356//4455 2360//4455 2361//4455
f 2357//4456 2356//4456 2361//4456
f 2359//4457 2362//4457 2360//4457
f 2362//4458 2361//4458 2360//4458
f 2363//4459 2359//4459 2358//4459
f 2358//4460 2326//4460 2363//4460
f 2359//4461 2363//4461 2364//4461
f 2359//4462 2364//4462 2362//4462
f 2364//4463 2363//4463 2365//4463
f 2326//4464 2366//4464 2363//4464
f 2363//4465 2366//4465 2365//4465
f 2364//4466 2365//4466 2367//4466
f 2367//4467 2362//4467 2364//4467
f 2368//4468 2365//4468 2366//4468
f 2368//4469 2367//4469 2365//4469
f 2326//4470 2369//4470 2366//4470
f 2325//4471 2369//4471 2326//4471
f 2370//4472 2366//4472 2369//4472
f 2370//4473 2368//4473 2366//4473
f 2369//4474 2325//4474 2371//4474
f 2369//4475 2372//4475 2370//4475
f 2369//4476 2371//4476 2372//4476
f 2325//4477 2322//4477 2371//4477
f 2373//4478 2368//4478 2370//4478
f 2373//4479 2370//4479 2372//4479
f 2371//4480 2374//4480 2372//4480
f 2322//4481 2375//4481 2371//4481
f 2371//4482 2375//4482 2374//4482
f 2375//4483 2322//4483 2376//4483
f 2322//4484 2316//4484 2376//4484
f 2376//4485 2316//4485 2319//4485
f 2376//4486 2377//4486 2375//4486
f 2375//4487 2377//4487 2374//4487
f 2376//4488 2319//4488 2378//4488
f 2376//4489 2378//4489 2377//4489
f 2379//4490 2378//4490 2319//4490
f 2380//4491 2372//4491 2374//4491
f 2380//4492 2381//4492 2372//4492
f 2372//4493 2381//4493 2373//4493
f 2382//4494 2381//4494 2380//4494
f 2373//4495 2381//4495 2382//4495
f 2383//4496 2380//4496 2374//4496
f 2373//4497 2382//4497 2384//4497
f 2385//4498 2382//4498 2380//4498
f 2385//4499 2380//4499 2383//4499
f 2384//4500 2382//4500 2386//4500
f 2382//4501 2385//4501 2387//4501
f 2387//4502 2386//4502 2382//4502
f 2384//4503 2386//4503 2388//4503
f 2388//4504 2373//4504 2384//4504
f 2386//4505 2387//4505 2389//4505
f 2390//4506 2387//4506 2385//4506
f 2389//4507 2387//4507 2390//4507
f 2385//4508 2391//4508 2390//4508
f 2391//4509 2385//4509 2383//4509
f 2391//4510 2392//4510 2390//4510
f 2383//4511 2393//4511 2391//4511
f 2390//4512 2392//4512 2394//4512
f 2394//4513 2389//4513 2390//4513
f 2391//4514 2395//4514 2392//4514
f 2395//4515 2391//4515 2393//4515
f 2395//4516 2396//4516 2392//4516
f 2395//4517 2397//4517 2396//4517
f 2393//4518 2397//4518 2395//4518
f 2392//4519 2396//4519 2398//4519
f 2398//4520 2396//4520 2397//4520
f 2392//4521 2398//4521 2399//4521
f 2392//4522 2399//4522 2400//4522
f 2398//4523 2401//4523 2399//4523
f 2400//4524 2399//4524 2401//4524
f 2398//4525 2402//4525 2401//4525
f 2397//4526 2402//4526 2398//4526
f 2402//4527 2403//4527 2401//4527
f 2393//4528 2404//4528 2397//4528
f 2397//4529 2405//4529 2402//4529
f 2404//4530 2406//4530 2397//4530
f 2397//4531 2406//4531 2405//4531
f 2405//4532 2407//4532 2402//4532
f 2403//4533 2402//4533 2407//4533
f 2405//4534 2408//4534 2407//4534
f 2401//4535 2403//4535 2409//4535
f 2409//4536 2400//4536 2401//4536
f 2410//4537 2408//4537 2405//4537
f 2410//4538 2405//4538 2406//4538
f 2411//4539 2407//4539 2408//4539
f 2408//4540 2410//4540 2411//4540
f 2412//4541 2403//4541 2407//4541
f 2412//4542 2407//4542 2411//4542
f 2413//4543 2409//4543 2403//4543
f 2403//4544 2412//4544 2413//4544
f 2410//4545 2406//4545 2414//4545
f 2414//4546 2406//4546 2415//4546
f 2404//4547 2415//4547 2406//4547
f 2416//4548 2410//4548 2414//4548
f 2416//4549 2414//4549 2415//4549
f 2411//4550 2410//4550 2417//4550
f 2416//4551 2417//4551 2410//4551
f 2411//4552 2417//4552 2418//4552
f 2417//4553 2416//4553 2419//4553
f 2418//4554 2417//4554 2419//4554
f 2411//4555 2420//4555 2412//4555
f 2418//4556 2420//4556 2411//4556
f 2420//4557 2421//4557 2412//4557
f 2421//4558 2413//4558 2412//4558
f 2420//4559 2418//4559 2422//4559
f 2423//4560 2421//4560 2420//4560
f 2420//4561 2422//4561 2423//4561
f 2422//4562 2418//4562 2424//4562
f 2425//4563 2424//4563 2418//4563
f 2418//4564 2419//4564 2425//4564
f 2424//4565 2426//4565 2422//4565
f 2424//4566 2425//4566 2426//4566
f 2422//4567 2427//4567 2423//4567
f 2423//4568 2428//4568 2421//4568
f 2428//4569 2423//4569 2427//4569
f 2422//4570 2426//4570 2429//4570
f 2429//4571 2427//4571 2422//4571
f 2426//4572 2425//4572 2430//4572
f 2429//4573 2426//4573 2431//4573
f 2426//4574 2430//4574 2431//4574
f 2425//4575 2432//4575 2430//4575
f 2432//4576 2425//4576 2419//4576
f 2431//4577 2430//4577 2433//4577
f 2430//4578 2432//4578 2433//4578
f 2429//4579 2431//4579 2434//4579
f 2431//4580 2433//4580 2434//4580
f 2427//4581 2429//4581 2435//4581
f 2434//4582 2435//4582 2429//4582
f 2435//4583 2436//4583 2427//4583
f 2427//4584 2437//4584 2428//4584
f 2437//4585 2427//4585 2436//4585
f 2438//4586 2428//4586 2437//4586
f 2428//4587 2438//4587 2421//4587
f 2439//4588 2438//4588 2437//4588
f 2421//4589 2438//4589 2440//4589
f 2440//4590 2438//4590 2439//4590
f 2440//4591 2413//4591 2421//4591
f 2441//4592 2436//4592 2435//4592
f 2441//4593 2435//4593 2442//4593
f 2434//4594 2442//4594 2435//4594
f 2441//4595 2443//4595 2436//4595
f 2442//4596 2443//4596 2441//4596
f 2434//4597 2444//4597 2442//4597
f 2442//4598 2444//4598 2443//4598
f 2440//4599 2445//4599 2413//4599
f 2445//4600 2440//4600 2446//4600
f 2440//4601 2439//4601 2446//4601
f 2445//4602 2447//4602 2413//4602
f 2413//4603 2447//4603 2409//4603
f 2447//4604 2400//4604 2409//4604
f 2447//4605 2445//4605 2448//4605
f 2445//4606 2446//4606 2448//4606
f 2400//4607 2447//4607 2449//4607
f 2450//4608 2400//4608 2449//4608
f 2392//4609 2400//4609 2450//4609
f 2450//4610 2394//4610 2392//4610
f 2449//4611 2451//4611 2450//4611
f 2449//4612 2447//4612 2451//4612
f 2450//4613 2452//4613 2394//4613
f 2450//4614 2451//4614 2452//4614
f 2394//4615 2452//4615 2389//4615
f 2448//4616 2453//4616 2447//4616
f 2451//4617 2447//4617 2453//4617
f 2454//4618 2453//4618 2448//4618
f 2448//4619 2446//4619 2454//4619
f 2451//4620 2453//4620 2455//4620
f 2453//4621 2454//4621 2455//4621
f 2452//4622 2451//4622 2456//4622
f 2389//4623 2452//4623 2457//4623
f 2457//4624 2452//4624 2456//4624
f 2456//4625 2451//4625 2458//4625
f 2455//4626 2458//4626 2451//4626
f 2455//4627 2454//4627 2459//4627
f 2458//4628 2460//4628 2456//4628
f 2457//4629 2456//4629 2460//4629
f 2461//4630 2458//4630 2455//4630
f 2389//4631 2457//4631 2462//4631
f 2386//4632 2389//4632 2462//4632
f 2388//4633 2386//4633 2462//4633
f 2457//4634 2463//4634 2462//4634
f 2388//4635 2462//4635 2464//4635
f 2464//4636 2462//4636 2463//4636
f 2388//4637 2464//4637 2465//4637
f 2463//4638 2465//4638 2464//4638
f 2463//4639 2457//4639 2466//4639
f 2460//4640 2466//4640 2457//4640
f 2465//4641 2463//4641 2467//4641
f 2466//4642 2468//4642 2463//4642
f 2463//4643 2468//4643 2467//4643
f 2469//4644 2468//4644 2466//4644
f 2469//4645 2466//4645 2460//4645
f 2468//4646 2470//4646 2467//4646
f 2469//4647 2460//4647 2471//4647
f 2460//4648 2458//4648 2471//4648
f 2472//4649 2468//4649 2469//4649
f 2472//4650 2470//4650 2468//4650
f 2469//4651 2471//4651 2473//4651
f 2469//4652 2473//4652 2472//4652
f 2471//4653 2458//4653 2474//4653
f 2473//4654 2471//4654 2475//4654
f 2472//4655 2473//4655 2475//4655
f 2474//4656 2475//4656 2471//4656
f 2461//4657 2474//4657 2458//4657
f 2472//4658 2475//4658 2476//4658
f 2474//4659 2476//4659 2475//4659
f 2477//4660 2470//4660 2472//4660
f 2467//4661 2470//4661 2477//4661
f 2478//4662 2472//4662 2476//4662
f 2477//4663 2472//4663 2478//4663
f 2478//4664 2476//4664 2479//4664
f 2467//4665 2477//4665 2480//4665
f 2467//4666 2480//4666 2465//4666
f 2477//4667 2478//4667 2481//4667
f 2479//4668 2482//4668 2478//4668
f 2482//4669 2481//4669 2478//4669
f 2480//4670 2483//4670 2465//4670
f 2465//4671 2483//4671 2388//4671
f 2480//4672 2477//4672 2484//4672
f 2481//4673 2485//4673 2477//4673
f 2477//4674 2485//4674 2484//4674
f 2485//4675 2481//4675 2486//4675
f 2485//4676 2486//4676 2484//4676
f 2481//4677 2482//4677 2487//4677
f 2488//4678 2481//4678 2487//4678
f 2486//4679 2481//4679 2488//4679
f 2489//4680 2487//4680 2482//4680
f 2479//4681 2489//4681 2482//4681
f 2489//4682 2490//4682 2487//4682
f 2490//4683 2488//4683 2487//4683
f 2479//4684 986//4684 2489//4684
f 986//4685 2479//4685 2476//4685
f 986//4686 2491//4686 2489//4686
f 2491//4687 2490//4687 2489//4687
f 960//4688 2491//4688 986//4688
f 2476//4689 991//4689 986//4689
f 2491//4690 960//4690 2492//4690
f 2492//4691 2490//4691 2491//4691
f 960//4692 959//4692 2492//4692
f 2490//4693 2492//4693 959//4693
f 959//4694 2493//4694 2490//4694
f 2490//4695 2493//4695 2488//4695
f 2493//4696 959//4696 955//4696
f 991//4697 2476//4697 2474//4697
f 2493//4698 2494//4698 2488//4698
f 955//4699 2494//4699 2493//4699
f 2495//4700 991//4700 2474//4700
f 2496//4701 2494//4701 955//4701
f 953//4702 2496//4702 955//4702
f 2494//4703 2497//4703 2488//4703
f 2486//4704 2488//4704 2497//4704
f 2495//4705 2498//4705 991//4705
f 991//4706 2498//4706 990//4706
f 992//4707 990//4707 2498//4707
f 2498//4708 2495//4708 2499//4708
f 2495//4709 2474//4709 2499//4709
f 2498//4710 2500//4710 992//4710
f 2498//4711 2499//4711 2500//4711
f 2474//4712 2501//4712 2499//4712
f 2500//4713 2499//4713 2501//4713
f 2461//4714 2501//4714 2474//4714
f 2455//4715 2501//4715 2461//4715
f 2455//4716 2459//4716 2501//4716
f 2500//4717 2501//4717 2459//4717
f 2500//4718 2459//4718 2454//4718
f 2454//4719 2502//4719 2500//4719
f 2454//4720 2446//4720 2502//4720
f 2503//4721 992//4721 2500//4721
f 2503//4722 999//4722 992//4722
f 2500//4723 2502//4723 2504//4723
f 2503//4724 2505//4724 999//4724
f 2500//4725 2506//4725 2503//4725
f 2500//4726 2504//4726 2506//4726
f 2503//4727 2506//4727 2505//4727
f 1001//4728 999//4728 2505//4728
f 2506//4729 2504//4729 2507//4729
f 2507//4730 2504//4730 2502//4730
f 2506//4731 2508//4731 2505//4731
f 2507//4732 2508//4732 2506//4732
f 1001//4733 2505//4733 2509//4733
f 2509//4734 2505//4734 2508//4734
f 2509//4735 2510//4735 1001//4735
f 2508//4736 2510//4736 2509//4736
f 2510//4737 1013//4737 1001//4737
f 2507//4738 2511//4738 2508//4738
f 2508//4739 2511//4739 2510//4739
f 2511//4740 2512//4740 2510//4740
f 2507//4741 2513//4741 2511//4741
f 2513//4742 2512//4742 2511//4742
f 2514//4743 2513//4743 2507//4743
f 2507//4744 2502//4744 2514//4744
f 1013//4745 2510//4745 2515//4745
f 2510//4746 2512//4746 2515//4746
f 2516//4747 1013//4747 2515//4747
f 2516//4748 1009//4748 1013//4748
f 2515//4749 2512//4749 2517//4749
f 2515//4750 2517//4750 2516//4750
f 2518//4751 1009//4751 2516//4751
f 2518//4752 1011//4752 1009//4752
f 1022//4753 1011//4753 2518//4753
f 2516//4754 2519//4754 2518//4754
f 2518//4755 2519//4755 1022//4755
f 2516//4756 2517//4756 2519//4756
f 2520//4757 2517//4757 2512//4757
f 2520//4758 2519//4758 2517//4758
f 2520//4759 2512//4759 2521//4759
f 2521//4760 2512//4760 2513//4760
f 2522//4761 1022//4761 2519//4761
f 1031//4762 1022//4762 2522//4762
f 2523//4763 2519//4763 2520//4763
f 2522//4764 2519//4764 2523//4764
f 2513//4765 2524//4765 2521//4765
f 2522//4766 2525//4766 1031//4766
f 2523//4767 2525//4767 2522//4767
f 2514//4768 2524//4768 2513//4768
f 2520//4769 2526//4769 2523//4769
f 2521//4770 2526//4770 2520//4770
f 2521//4771 2527//4771 2526//4771
f 2521//4772 2524//4772 2527//4772
f 2528//4773 2526//4773 2527//4773
f 2528//4774 2527//4774 2524//4774
f 2529//4775 2523//4775 2526//4775
f 2529//4776 2525//4776 2523//4776
f 2529//4777 2526//4777 2528//4777
f 2530//4778 2524//4778 2514//4778
f 2514//4779 2502//4779 2530//4779
f 2530//4780 2502//4780 2446//4780
f 2530//4781 2446//4781 2439//4781
f 2530//4782 2531//4782 2524//4782
f 2439//4783 2531//4783 2530//4783
f 2528//4784 2524//4784 2531//4784
f 2531//4785 2439//4785 2532//4785
f 2531//4786 2532//4786 2528//4786
f 2437//4787 2532//4787 2439//4787
f 2532//4788 2437//4788 2436//4788
f 2533//4789 2528//4789 2532//4789
f 2532//4790 2436//4790 2533//4790
f 2528//4791 2533//4791 2529//4791
f 2533//4792 2436//4792 2443//4792
f 2529//4793 2533//4793 2534//4793
f 2533//4794 2443//4794 2534//4794
f 2443//4795 2535//4795 2534//4795
f 2535//4796 2529//4796 2534//4796
f 2443//4797 2444//4797 2535//4797
f 2535//4798 2536//4798 2529//4798
f 2536//4799 2525//4799 2529//4799
f 2535//4800 2537//4800 2536//4800
f 2444//4801 2537//4801 2535//4801
f 2538//4802 2525//4802 2536//4802
f 2536//4803 2537//4803 2538//4803
f 2538//4804 1031//4804 2525//4804
f 1034//4805 1031//4805 2538//4805
f 2539//4806 1034//4806 2538//4806
f 2539//4807 2538//4807 2537//4807
f 2539//4808 1036//4808 1034//4808
f 2537//4809 2540//4809 2539//4809
f 2444//4810 2540//4810 2537//4810
f 2539//4811 2541//4811 1036//4811
f 2539//4812 2540//4812 2541//4812
f 1042//4813 1036//4813 2541//4813
f 2444//4814 2542//4814 2540//4814
f 2541//4815 2540//4815 2542//4815
f 2542//4816 2444//4816 2543//4816
f 2544//4817 1042//4817 2541//4817
f 2541//4818 2542//4818 2544//4818
f 2444//4819 2545//4819 2543//4819
f 2545//4820 2444//4820 2434//4820
f 2546//4821 2542//4821 2543//4821
f 2546//4822 2543//4822 2545//4822
f 2544//4823 2542//4823 2546//4823
f 2545//4824 2434//4824 2547//4824
f 2545//4825 2547//4825 2546//4825
f 2434//4826 2433//4826 2547//4826
f 2548//4827 2547//4827 2433//4827
f 2549//4828 2548//4828 2433//4828
f 2547//4829 2550//4829 2546//4829
f 2550//4830 2547//4830 2548//4830
f 2551//4831 2550//4831 2548//4831
f 2551//4832 2548//4832 2549//4832
f 2552//4833 2550//4833 2551//4833
f 2549//4834 2433//4834 2432//4834
f 2546//4835 2550//4835 2553//4835
f 2552//4836 2553//4836 2550//4836
f 2549//4837 2554//4837 2551//4837
f 2551//4838 2554//4838 2552//4838
f 2546//4839 2553//4839 2555//4839
f 2555//4840 2544//4840 2546//4840
f 2556//4841 2553//4841 2552//4841
f 2557//4842 2555//4842 2553//4842
f 2553//4843 2556//4843 2557//4843
f 2555//4844 2557//4844 2558//4844
f 2558//4845 2544//4845 2555//4845
f 2556//4846 2552//4846 2559//4846
f 2558//4847 2557//4847 2560//4847
f 2557//4848 2556//4848 2561//4848
f 2557//4849 2561//4849 2560//4849
f 2556//4850 2559//4850 2562//4850
f 2556//4851 2562//4851 2561//4851
f 2552//4852 2563//4852 2559//4852
f 2559//4853 2563//4853 2562//4853
f 2554//4854 2563//4854 2552//4854
f 2558//4855 2560//4855 2564//4855
f 2544//4856 2558//4856 2564//4856
f 2544//4857 2564//4857 2565//4857
f 2565//4858 1042//4858 2544//4858
f 2565//4859 1041//4859 1042//4859
f 1049//4860 1041//4860 2565//4860
f 2565//4861 2564//4861 2566//4861
f 1049//4862 2565//4862 2566//4862
f 2564//4863 2560//4863 2567//4863
f 2564//4864 2567//4864 2566//4864
f 1049//4865 2566//4865 2568//4865
f 2566//4866 2567//4866 2568//4866
f 2569//4867 2567//4867 2560//4867
f 2560//4868 2561//4868 2569//4868
f 2570//4869 2567//4869 2569//4869
f 2570//4870 2568//4870 2567//4870
f 2571//4871 2569//4871 2561//4871
f 2561//4872 2562//4872 2571//4872
f 2572//4873 2570//4873 2569//4873
f 2572//4874 2569//4874 2571//4874
f 2572//4875 2573//4875 2570//4875
f 2570//4876 2573//4876 2568//4876
f 2571//4877 2574//4877 2572//4877
f 2575//4878 2571//4878 2562//4878
f 2574//4879 2571//4879 2575//4879
f 2562//4880 2576//4880 2575//4880
f 2577//4881 2573//4881 2572//4881
f 2572//4882 2574//4882 2577//4882
f 2577//4883 2578//4883 2573//4883
f 2568//4884 2573//4884 2578//4884
f 2579//4885 2577//4885 2574//4885
f 2578//4886 2577//4886 2579//4886
f 2575//4887 2580//4887 2574//4887
f 2580//4888 2575//4888 2576//4888
f 2563//4889 2576//4889 2562//4889
f 2574//4890 2580//4890 2581//4890
f 2581//4891 2579//4891 2574//4891
f 2581//4892 2582//4892 2579//4892
f 2580//4893 2583//4893 2581//4893
f 2584//4894 2582//4894 2581//4894
f 2584//4895 2581//4895 2583//4895
f 2579//4896 2582//4896 2585//4896
f 2585//4897 2582//4897 2584//4897
f 2579//4898 2585//4898 2586//4898
f 2579//4899 2586//4899 2578//4899
f 2584//4900 2587//4900 2585//4900
f 2587//4901 2586//4901 2585//4901
f 2588//4902 2584//4902 2583//4902
f 2578//4903 2586//4903 2589//4903
f 2590//4904 2587//4904 2584//4904
f 2584//4905 2588//4905 2590//4905
f 1265//4906 2587//4906 2590//4906
f 1270//4907 1265//4907 2590//4907
f 2588//4908 1270//4908 2590//4908
f 2591//4909 2587//4909 1265//4909
f 1089//4910 2591//4910 1265//4910
f 2587//4911 2592//4911 2586//4911
f 2587//4912 2591//4912 2592//4912
f 2592//4913 2591//4913 1089//4913
f 2589//4914 2586//4914 2592//4914
f 2593//4915 2592//4915 1089//4915
f 2589//4916 2592//4916 2593//4916
f 1089//4917 1084//4917 2593//4917
f 1084//4918 1082//4918 2593//4918
f 2593//4919 1082//4919 2589//4919
f 2594//4920 2589//4920 1082//4920
f 2589//4921 2594//4921 2578//4921
f 2568//4922 2578//4922 2594//4922
f 1082//4923 2595//4923 2594//4923
f 2595//4924 1082//4924 1063//4924
f 1052//4925 2595//4925 1063//4925
f 2594//4926 2595//4926 2596//4926
f 2595//4927 1052//4927 2596//4927
f 2594//4928 2596//4928 2568//4928
f 1050//4929 2596//4929 1052//4929
f 1049//4930 2568//4930 2596//4930
f 2596//4931 1050//4931 1049//4931
f 2597//4932 282//4932 289//4932
f 2597//4933 289//4933 291//4933
f 2597//4934 291//4934 1415//4934
f 2598//4935 282//4935 2597//4935
f 2597//4936 1415//4936 2598//4936
f 2599//4937 282//4937 2598//4937
f 2598//4938 1415//4938 2600//4938
f 2598//4939 2600//4939 2599//4939
f 2601//4940 2600//4940 1415//4940
f 1413//4941 2601//4941 1415//4941
f 2599//4942 2600//4942 2602//4942
f 2603//4943 2601//4943 1413//4943
f 1412//4944 2603//4944 1413//4944
f 2600//4945 2601//4945 2604//4945
f 2602//4946 2600//4946 2604//4946
f 2604//4947 2601//4947 2603//4947
f 2599//4948 2602//4948 2605//4948
f 2599//4949 2606//4949 282//4949
f 2605//4950 2606//4950 2599//4950
f 81//4951 282//4951 2606//4951
f 2607//4952 2605//4952 2602//4952
f 2606//4953 2605//4953 2607//4953
f 2606//4954 2608//4954 81//4954
f 83//4955 81//4955 2608//4955
f 2608//4956 86//4956 83//4956
f 86//4957 2608//4957 2609//4957
f 2606//4958 2609//4958 2608//4958
f 86//4959 2609//4959 92//4959
f 2610//4960 2609//4960 2606//4960
f 92//4961 2609//4961 2610//4961
f 2606//4962 2607//4962 2610//4962
f 2610//4963 2611//4963 92//4963
f 2607//4964 2612//4964 2610//4964
f 2610//4965 2612//4965 2611//4965
f 92//4966 2611//4966 2613//4966
f 103//4967 92//4967 2613//4967
f 2614//4968 2613//4968 2611//4968
f 103//4969 2613//4969 2615//4969
f 103//4970 2615//4970 108//4970
f 2616//4971 2615//4971 2613//4971
f 2616//4972 2613//4972 2614//4972
f 2617//4973 108//4973 2615//4973
f 2617//4974 2615//4974 2616//4974
f 119//4975 108//4975 2617//4975
f 2617//4976 2618//4976 119//4976
f 2616//4977 2618//4977 2617//4977
f 121//4978 119//4978 2618//4978
f 2616//4979 2619//4979 2618//4979
f 2614//4980 2619//4980 2616//4980
f 121//4981 2618//4981 2620//4981
f 2621//4982 2618//4982 2619//4982
f 2620//4983 2618//4983 2621//4983
f 2620//4984 2622//4984 121//4984
f 121//4985 2622//4985 120//4985
f 124//4986 120//4986 2622//4986
f 2622//4987 2620//4987 2623//4987
f 2622//4988 2624//4988 124//4988
f 2623//4989 2624//4989 2622//4989
f 2623//4990 2620//4990 2625//4990
f 2621//4991 2625//4991 2620//4991
f 2624//4992 2623//4992 2626//4992
f 2626//4993 2623//4993 2625//4993
f 2627//4994 124//4994 2624//4994
f 127//4995 124//4995 2627//4995
f 136//4996 127//4996 2627//4996
f 2624//4997 2628//4997 2627//4997
f 2626//4998 2628//4998 2624//4998
f 136//4999 2627//4999 2629//4999
f 2629//5000 2627//5000 2628//5000
f 136//5001 2629//5001 2630//5001
f 2630//5002 151//5002 136//5002
f 2628//5003 2631//5003 2629//5003
f 2630//5004 2629//5004 2631//5004
f 2628//5005 2626//5005 2632//5005
f 2632//5006 2631//5006 2628//5006
f 2632//5007 2626//5007 2633//5007
f 2625//5008 2633//5008 2626//5008
f 151//5009 2630//5009 2634//5009
f 151//5010 2634//5010 150//5010
f 2630//5011 2631//5011 2635//5011
f 2635//5012 2634//5012 2630//5012
f 2631//5013 2632//5013 2636//5013
f 2635//5014 2631//5014 2636//5014
f 150//5015 2634//5015 2637//5015
f 2637//5016 148//5016 150//5016
f 2638//5017 2634//5017 2635//5017
f 2638//5018 2637//5018 2634//5018
f 2635//5019 2636//5019 2639//5019
f 2640//5020 148//5020 2637//5020
f 2638//5021 2640//5021 2637//5021
f 155//5022 148//5022 2640//5022
f 2635//5023 2641//5023 2638//5023
f 2635//5024 2639//5024 2641//5024
f 2642//5025 2640//5025 2638//5025
f 2638//5026 2641//5026 2642//5026
f 2642//5027 2643//5027 2640//5027
f 2640//5028 2643//5028 155//5028
f 2641//5029 2639//5029 2644//5029
f 2639//5030 2636//5030 2644//5030
f 2645//5031 2644//5031 2636//5031
f 2636//5032 2632//5032 2645//5032
f 2633//5033 2645//5033 2632//5033
f 2646//5034 2644//5034 2645//5034
f 2647//5035 2645//5035 2633//5035
f 2645//5036 2647//5036 2646//5036
f 2633//5037 2648//5037 2647//5037
f 2648//5038 2633//5038 2625//5038
f 2641//5039 2644//5039 2649//5039
f 2649//5040 2644//5040 2646//5040
f 2650//5041 2641//5041 2649//5041
f 2650//5042 2642//5042 2641//5042
f 2649//5043 2646//5043 2651//5043
f 2649//5044 2651//5044 2650//5044
f 2646//5045 2652//5045 2651//5045
f 2646//5046 2647//5046 2652//5046
f 2653//5047 2650//5047 2651//5047
f 2651//5048 2652//5048 2653//5048
f 2654//5049 2642//5049 2650//5049
f 2653//5050 2654//5050 2650//5050
f 2647//5051 2648//5051 2655//5051
f 2655//5052 2652//5052 2647//5052
f 2648//5053 2656//5053 2655//5053
f 2625//5054 2656//5054 2648//5054
f 2656//5055 2625//5055 2621//5055
f 2655//5056 2656//5056 2657//5056
f 2621//5057 2658//5057 2656//5057
f 2658//5058 2657//5058 2656//5058
f 2659//5059 2652//5059 2655//5059
f 2655//5060 2657//5060 2659//5060
f 2652//5061 2659//5061 2660//5061
f 2652//5062 2660//5062 2661//5062
f 2661//5063 2653//5063 2652//5063
f 2659//5064 2662//5064 2660//5064
f 2659//5065 2657//5065 2662//5065
f 2661//5066 2660//5066 2663//5066
f 2663//5067 2660//5067 2662//5067
f 2653//5068 2661//5068 2664//5068
f 2663//5069 2664//5069 2661//5069
f 2664//5070 2665//5070 2653//5070
f 2653//5071 2665//5071 2654//5071
f 2666//5072 2664//5072 2663//5072
f 2667//5073 2665//5073 2664//5073
f 2666//5074 2667//5074 2664//5074
f 2665//5075 2667//5075 2668//5075
f 2667//5076 2666//5076 2668//5076
f 2669//5077 2666//5077 2663//5077
f 2663//5078 2662//5078 2669//5078
f 2669//5079 2662//5079 2670//5079
f 2666//5080 2669//5080 2670//5080
f 2662//5081 2657//5081 2671//5081
f 2671//5082 2672//5082 2662//5082
f 2672//5083 2670//5083 2662//5083
f 2673//5084 2671//5084 2657//5084
f 2671//5085 2673//5085 2672//5085
f 2657//5086 2674//5086 2673//5086
f 2658//5087 2674//5087 2657//5087
f 2672//5088 2673//5088 2675//5088
f 2676//5089 2673//5089 2674//5089
f 2676//5090 2675//5090 2673//5090
f 2677//5091 2670//5091 2672//5091
f 2676//5092 2674//5092 2678//5092
f 2678//5093 2674//5093 2658//5093
f 2670//5094 2677//5094 2679//5094
f 2680//5095 2677//5095 2672//5095
f 2675//5096 2680//5096 2672//5096
f 2681//5097 2670//5097 2679//5097
f 2666//5098 2670//5098 2681//5098
f 2677//5099 2682//5099 2679//5099
f 2681//5100 2679//5100 2682//5100
f 2683//5101 2677//5101 2680//5101
f 2682//5102 2677//5102 2683//5102
f 2675//5103 2684//5103 2680//5103
f 2685//5104 2681//5104 2682//5104
f 2685//5105 2682//5105 2683//5105
f 2680//5106 2686//5106 2683//5106
f 2680//5107 2684//5107 2686//5107
f 2687//5108 2685//5108 2683//5108
f 2685//5109 2688//5109 2681//5109
f 2689//5110 2687//5110 2683//5110
f 2683//5111 2686//5111 2689//5111
f 2685//5112 2687//5112 2690//5112
f 2689//5113 2690//5113 2687//5113
f 2688//5114 2685//5114 2691//5114
f 2688//5115 2691//5115 2681//5115
f 2690//5116 2691//5116 2685//5116
f 2692//5117 2681//5117 2691//5117
f 2692//5118 2666//5118 2681//5118
f 2691//5119 2690//5119 2693//5119
f 2692//5120 2691//5120 2693//5120
f 2694//5121 2690//5121 2689//5121
f 2666//5122 2692//5122 2695//5122
f 2692//5123 2693//5123 2696//5123
f 2692//5124 2696//5124 2697//5124
f 2692//5125 2697//5125 2695//5125
f 2693//5126 2698//5126 2696//5126
f 2693//5127 2690//5127 2699//5127
f 2693//5128 2699//5128 2698//5128
f 2666//5129 2695//5129 2700//5129
f 2700//5130 2668//5130 2666//5130
f 2665//5131 2668//5131 2700//5131
f 2700//5132 2695//5132 2701//5132
f 2665//5133 2700//5133 2701//5133
f 2699//5134 2690//5134 2702//5134
f 2694//5135 2702//5135 2690//5135
f 2695//5136 2703//5136 2701//5136
f 2703//5137 2695//5137 2697//5137
f 2696//5138 2704//5138 2697//5138
f 2696//5139 2698//5139 2704//5139
f 2703//5140 2697//5140 2705//5140
f 2697//5141 2704//5141 2705//5141
f 2703//5142 2705//5142 2706//5142
f 2703//5143 2706//5143 2701//5143
f 2707//5144 2705//5144 2704//5144
f 2698//5145 2708//5145 2704//5145
f 2704//5146 2708//5146 2707//5146
f 2709//5147 2706//5147 2705//5147
f 2709//5148 2705//5148 2707//5148
f 2701//5149 2706//5149 2710//5149
f 2706//5150 2711//5150 2710//5150
f 2701//5151 2710//5151 2711//5151
f 2706//5152 2709//5152 2711//5152
f 2707//5153 2712//5153 2709//5153
f 2707//5154 2708//5154 2713//5154
f 2707//5155 2713//5155 2712//5155
f 2714//5156 2713//5156 2708//5156
f 2712//5157 2713//5157 2714//5157
f 2714//5158 2708//5158 2715//5158
f 2716//5159 2709//5159 2712//5159
f 2711//5160 2709//5160 2716//5160
f 2714//5161 2717//5161 2712//5161
f 2712//5162 2718//5162 2716//5162
f 2712//5163 2717//5163 2718//5163
f 2718//5164 2719//5164 2716//5164
f 2711//5165 2716//5165 2719//5165
f 2714//5166 2720//5166 2717//5166
f 2715//5167 2720//5167 2714//5167
f 2721//5168 2718//5168 2717//5168
f 2722//5169 2719//5169 2718//5169
f 2718//5170 2721//5170 2722//5170
f 2722//5171 2723//5171 2719//5171
f 2723//5172 2711//5172 2719//5172
f 2724//5173 2717//5173 2720//5173
f 2721//5174 2717//5174 2724//5174
f 2722//5175 2721//5175 2725//5175
f 2721//5176 2724//5176 2726//5176
f 2721//5177 2726//5177 2725//5177
f 2724//5178 2720//5178 2727//5178
f 2727//5179 2720//5179 2728//5179
f 2715//5180 2728//5180 2720//5180
f 2727//5181 2729//5181 2724//5181
f 2724//5182 2729//5182 2726//5182
f 2727//5183 2728//5183 2730//5183
f 2730//5184 2729//5184 2727//5184
f 2715//5185 2731//5185 2728//5185
f 2730//5186 2728//5186 2732//5186
f 2732//5187 2728//5187 2731//5187
f 2730//5188 2733//5188 2729//5188
f 2732//5189 2733//5189 2730//5189
f 2726//5190 2729//5190 2734//5190
f 2734//5191 2729//5191 2733//5191
f 2726//5192 2734//5192 2735//5192
f 2736//5193 2731//5193 2715//5193
f 2736//5194 2737//5194 2731//5194
f 2732//5195 2731//5195 2737//5195
f 2715//5196 2738//5196 2736//5196
f 2715//5197 2708//5197 2738//5197
f 2698//5198 2738//5198 2708//5198
f 2736//5199 2738//5199 2739//5199
f 2739//5200 2737//5200 2736//5200
f 2740//5201 2738//5201 2698//5201
f 2739//5202 2738//5202 2740//5202
f 2740//5203 2698//5203 2699//5203
f 2741//5204 2740//5204 2699//5204
f 2699//5205 2702//5205 2741//5205
f 2742//5206 2739//5206 2740//5206
f 2742//5207 2740//5207 2741//5207
f 2739//5208 2743//5208 2737//5208
f 2744//5209 2739//5209 2742//5209
f 2744//5210 2743//5210 2739//5210
f 2745//5211 2737//5211 2743//5211
f 2732//5212 2737//5212 2745//5212
f 2746//5213 2743//5213 2744//5213
f 2741//5214 2747//5214 2742//5214
f 2742//5215 2748//5215 2744//5215
f 2742//5216 2747//5216 2748//5216
f 2744//5217 2748//5217 2749//5217
f 2744//5218 2749//5218 2746//5218
f 2748//5219 2750//5219 2749//5219
f 2747//5220 2741//5220 2751//5220
f 2751//5221 2741//5221 2702//5221
f 2747//5222 2752//5222 2748//5222
f 2748//5223 2752//5223 2750//5223
f 2753//5224 2747//5224 2751//5224
f 2702//5225 2754//5225 2751//5225
f 2702//5226 2694//5226 2754//5226
f 2755//5227 2753//5227 2751//5227
f 2751//5228 2754//5228 2755//5228
f 2756//5229 2747//5229 2753//5229
f 2756//5230 2752//5230 2747//5230
f 2756//5231 2753//5231 2755//5231
f 2757//5232 2750//5232 2752//5232
f 2757//5233 2752//5233 2756//5233
f 2758//5234 2755//5234 2754//5234
f 2759//5235 2750//5235 2757//5235
f 2760//5236 2756//5236 2755//5236
f 2760//5237 2755//5237 2758//5237
f 2761//5238 2757//5238 2756//5238
f 2762//5239 2756//5239 2760//5239
f 2762//5240 2761//5240 2756//5240
f 2763//5241 2757//5241 2761//5241
f 2757//5242 2763//5242 2759//5242
f 2764//5243 2761//5243 2762//5243
f 2761//5244 2765//5244 2763//5244
f 2764//5245 2765//5245 2761//5245
f 2759//5246 2763//5246 2766//5246
f 2763//5247 2765//5247 2767//5247
f 2767//5248 2766//5248 2763//5248
f 2768//5249 2767//5249 2765//5249
f 2768//5250 2765//5250 2764//5250
f 2769//5251 2766//5251 2767//5251
f 2770//5252 2767//5252 2768//5252
f 2767//5253 2770//5253 2769//5253
f 2771//5254 2768//5254 2764//5254
f 2768//5255 2772//5255 2770//5255
f 2772//5256 2768//5256 2771//5256
f 2773//5257 2764//5257 2762//5257
f 2771//5258 2764//5258 2773//5258
f 2762//5259 2774//5259 2773//5259
f 2760//5260 2774//5260 2762//5260
f 2771//5261 2773//5261 2775//5261
f 2775//5262 2773//5262 2774//5262
f 2760//5263 2776//5263 2774//5263
f 2758//5264 2776//5264 2760//5264
f 2777//5265 2774//5265 2776//5265
f 2775//5266 2774//5266 2777//5266
f 2778//5267 2776//5267 2758//5267
f 2777//5268 2776//5268 2778//5268
f 2778//5269 2758//5269 2779//5269
f 2780//5270 2775//5270 2777//5270
f 2781//5271 2777//5271 2778//5271
f 2780//5272 2777//5272 2781//5272
f 2778//5273 2782//5273 2781//5273
f 2779//5274 2782//5274 2778//5274
f 2781//5275 2783//5275 2780//5275
f 2779//5276 2758//5276 2784//5276
f 2754//5277 2784//5277 2758//5277
f 2694//5278 2784//5278 2754//5278
f 2784//5279 2694//5279 2785//5279
f 2779//5280 2784//5280 2785//5280
f 2785//5281 2694//5281 2689//5281
f 2779//5282 2785//5282 2786//5282
f 2786//5283 2782//5283 2779//5283
f 2785//5284 2689//5284 2787//5284
f 2787//5285 2689//5285 2686//5285
f 2786//5286 2785//5286 2788//5286
f 2787//5287 2788//5287 2785//5287
f 2786//5288 2788//5288 2789//5288
f 2789//5289 2782//5289 2786//5289
f 2787//5290 2790//5290 2788//5290
f 2789//5291 2788//5291 2790//5291
f 2686//5292 2790//5292 2787//5292
f 2789//5293 2790//5293 2791//5293
f 2789//5294 2792//5294 2782//5294
f 2791//5295 2792//5295 2789//5295
f 2791//5296 2790//5296 2793//5296
f 2791//5297 2794//5297 2792//5297
f 2793//5298 2794//5298 2791//5298
f 2686//5299 2795//5299 2790//5299
f 2790//5300 2795//5300 2793//5300
f 2795//5301 2686//5301 2796//5301
f 2686//5302 2684//5302 2796//5302
f 2797//5303 2796//5303 2684//5303
f 2795//5304 2796//5304 2797//5304
f 2797//5305 2684//5305 2675//5305
f 2675//5306 2798//5306 2797//5306
f 2675//5307 2676//5307 2798//5307
f 2798//5308 2799//5308 2797//5308
f 2799//5309 2795//5309 2797//5309
f 2800//5310 2798//5310 2676//5310
f 2801//5311 2799//5311 2798//5311
f 2801//5312 2798//5312 2800//5312
f 2799//5313 2801//5313 2802//5313
f 2802//5314 2795//5314 2799//5314
f 2801//5315 2800//5315 2803//5315
f 2802//5316 2801//5316 2804//5316
f 2801//5317 2803//5317 2804//5317
f 2802//5318 2804//5318 2805//5318
f 2795//5319 2802//5319 2806//5319
f 2806//5320 2802//5320 2805//5320
f 2806//5321 2807//5321 2795//5321
f 2793//5322 2795//5322 2807//5322
f 2808//5323 2807//5323 2806//5323
f 2805//5324 2808//5324 2806//5324
f 2809//5325 2793//5325 2807//5325
f 2808//5326 2809//5326 2807//5326
f 2809//5327 2794//5327 2793//5327
f 2810//5328 2809//5328 2808//5328
f 2810//5329 2794//5329 2809//5329
f 2811//5330 2808//5330 2805//5330
f 2808//5331 2812//5331 2810//5331
f 2808//5332 2811//5332 2812//5332
f 2813//5333 2811//5333 2805//5333
f 2814//5334 2813//5334 2805//5334
f 2805//5335 2804//5335 2814//5335
f 2815//5336 2811//5336 2813//5336
f 2812//5337 2811//5337 2816//5337
f 2815//5338 2816//5338 2811//5338
f 2814//5339 2804//5339 2817//5339
f 2817//5340 2804//5340 2803//5340
f 2818//5341 2813//5341 2814//5341
f 2818//5342 2815//5342 2813//5342
f 2817//5343 2819//5343 2814//5343
f 2814//5344 2819//5344 2818//5344
f 2817//5345 2803//5345 2820//5345
f 2820//5346 2819//5346 2817//5346
f 2821//5347 2816//5347 2815//5347
f 2822//5348 2815//5348 2818//5348
f 2815//5349 2822//5349 2821//5349
f 2823//5350 2818//5350 2819//5350
f 2822//5351 2818//5351 2823//5351
f 2823//5352 2819//5352 2824//5352
f 2822//5353 1442//5353 2821//5353
f 2823//5354 2825//5354 2822//5354
f 2822//5355 2825//5355 1442//5355
f 1439//5356 1442//5356 2825//5356
f 1442//5357 2826//5357 2821//5357
f 2821//5358 2826//5358 2816//5358
f 1442//5359 1444//5359 2826//5359
f 1444//5360 1447//5360 2826//5360
f 2827//5361 2816//5361 2826//5361
f 2826//5362 1447//5362 2827//5362
f 2812//5363 2816//5363 2827//5363
f 2810//5364 2812//5364 2827//5364
f 2828//5365 2827//5365 1447//5365
f 2810//5366 2827//5366 2828//5366
f 2828//5367 1447//5367 2829//5367
f 1447//5368 1450//5368 2829//5368
f 2810//5369 2828//5369 2830//5369
f 2829//5370 2830//5370 2828//5370
f 2810//5371 2830//5371 2831//5371
f 2831//5329 2794//5329 2810//5329
f 2831//5372 2830//5372 2832//5372
f 2829//5373 2832//5373 2830//5373
f 2833//5374 2794//5374 2831//5374
f 2831//5375 2832//5375 2833//5375
f 2833//5376 2792//5376 2794//5376
f 2829//5377 1450//5377 2834//5377
f 1453//5378 2834//5378 1450//5378
f 2835//5379 2832//5379 2829//5379
f 2829//5380 2834//5380 2836//5380
f 2836//5381 2834//5381 1453//5381
f 2829//5382 2836//5382 2835//5382
f 2837//5383 2792//5383 2833//5383
f 2837//5384 2782//5384 2792//5384
f 2838//5385 2782//5385 2837//5385
f 2781//5386 2782//5386 2838//5386
f 2783//5387 2781//5387 2838//5387
f 2837//5388 2783//5388 2838//5388
f 2833//5389 2839//5389 2837//5389
f 2837//5390 2839//5390 2783//5390
f 2833//5391 2832//5391 2839//5391
f 2840//5392 2832//5392 2835//5392
f 2840//5393 2839//5393 2832//5393
f 2835//5394 2836//5394 2840//5394
f 2783//5395 2839//5395 2841//5395
f 2841//5396 2839//5396 2840//5396
f 2783//5397 2841//5397 2842//5397
f 2780//5398 2783//5398 2842//5398
f 2840//5399 2843//5399 2841//5399
f 2844//5400 2840//5400 2836//5400
f 2844//5401 2843//5401 2840//5401
f 2841//5402 2843//5402 2845//5402
f 2844//5403 2845//5403 2843//5403
f 2842//5404 2841//5404 2845//5404
f 2836//5405 2846//5405 2844//5405
f 2846//5406 2836//5406 1453//5406
f 1453//5407 1467//5407 2846//5407
f 2846//5408 1467//5408 2847//5408
f 2846//5409 2847//5409 2844//5409
f 1467//5410 1468//5410 2847//5410
f 2844//5411 2848//5411 2845//5411
f 2847//5412 2848//5412 2844//5412
f 2849//5413 2847//5413 1468//5413
f 1487//5414 2849//5414 1468//5414
f 2847//5415 2849//5415 2850//5415
f 2850//5416 2848//5416 2847//5416
f 2851//5417 2850//5417 2849//5417
f 2850//5418 2851//5418 2848//5418
f 2849//5419 2852//5419 2851//5419
f 2849//5420 1487//5420 2852//5420
f 2848//5421 2851//5421 2853//5421
f 2852//5422 2853//5422 2851//5422
f 2848//5423 2854//5423 2845//5423
f 2848//5424 2853//5424 2854//5424
f 2842//5425 2845//5425 2854//5425
f 2854//5426 2855//5426 2842//5426
f 2854//5427 2853//5427 2855//5427
f 2856//5428 2842//5428 2855//5428
f 2856//5429 2855//5429 2853//5429
f 2857//5430 2852//5430 1487//5430
f 2857//5431 1487//5431 1488//5431
f 2852//5432 2858//5432 2853//5432
f 2852//5433 2857//5433 2858//5433
f 2859//5434 2858//5434 2857//5434
f 2859//5435 2857//5435 1488//5435
f 2860//5436 2853//5436 2858//5436
f 2859//5437 2860//5437 2858//5437
f 2861//5438 2853//5438 2860//5438
f 2853//5439 2861//5439 2856//5439
f 2860//5440 2862//5440 2861//5440
f 2862//5441 2860//5441 2859//5441
f 2863//5442 2856//5442 2861//5442
f 2864//5443 2861//5443 2862//5443
f 2863//5444 2861//5444 2864//5444
f 2859//5445 2865//5445 2862//5445
f 2862//5446 2865//5446 2864//5446
f 2772//5447 2863//5447 2864//5447
f 2771//5448 2863//5448 2772//5448
f 2771//5449 2866//5449 2863//5449
f 2856//5450 2863//5450 2866//5450
f 2775//5451 2866//5451 2771//5451
f 2856//5452 2866//5452 2867//5452
f 2867//5453 2866//5453 2775//5453
f 2867//5454 2842//5454 2856//5454
f 2867//5455 2775//5455 2780//5455
f 2842//5456 2867//5456 2780//5456
f 2864//5457 2868//5457 2772//5457
f 2865//5458 2868//5458 2864//5458
f 2869//5459 2772//5459 2868//5459
f 2770//5460 2772//5460 2869//5460
f 2865//5461 2870//5461 2868//5461
f 2869//5462 2868//5462 2870//5462
f 2859//5463 2870//5463 2865//5463
f 2769//5464 2770//5464 2869//5464
f 2871//5465 2870//5465 2859//5465
f 1488//5466 2871//5466 2859//5466
f 2869//5467 2870//5467 2872//5467
f 2872//5468 2870//5468 2871//5468
f 2873//5469 2871//5469 1488//5469
f 2873//5470 1488//5470 2874//5470
f 1488//5471 1485//5471 2874//5471
f 2875//5472 2871//5472 2873//5472
f 2873//5473 2874//5473 2875//5473
f 2872//5474 2871//5474 2875//5474
f 1485//5475 1494//5475 2874//5475
f 1494//5476 2875//5476 2874//5476
f 2876//5477 2872//5477 2875//5477
f 1494//5478 2876//5478 2875//5478
f 2872//5479 2877//5479 2869//5479
f 2769//5480 2869//5480 2878//5480
f 2877//5481 2878//5481 2869//5481
f 2877//5482 2872//5482 2879//5482
f 2879//5483 2872//5483 2876//5483
f 2880//5484 2878//5484 2877//5484
f 2877//5485 2879//5485 2881//5485
f 2881//5486 2880//5486 2877//5486
f 2882//5487 2769//5487 2878//5487
f 2878//5488 2880//5488 2882//5488
f 2883//5489 2769//5489 2882//5489
f 2766//5490 2769//5490 2883//5490
f 2884//5491 2881//5491 2879//5491
f 2879//5492 2876//5492 2884//5492
f 2885//5493 2881//5493 2884//5493
f 2881//5494 2885//5494 2880//5494
f 2876//5495 2886//5495 2884//5495
f 2766//5496 2883//5496 2887//5496
f 2766//5497 2887//5497 2759//5497
f 2888//5498 2759//5498 2887//5498
f 2750//5499 2759//5499 2888//5499
f 2749//5500 2750//5500 2888//5500
f 2889//5501 2888//5501 2887//5501
f 2887//5502 2883//5502 2889//5502
f 2749//5503 2888//5503 2890//5503
f 2889//5504 2890//5504 2888//5504
f 2746//5505 2749//5505 2890//5505
f 2746//5506 2890//5506 2891//5506
f 2892//5507 2891//5507 2890//5507
f 2892//5508 2890//5508 2889//5508
f 2746//5509 2891//5509 2893//5509
f 2893//5510 2891//5510 2892//5510
f 2893//5511 2894//5511 2746//5511
f 2746//5512 2894//5512 2743//5512
f 2745//5513 2743//5513 2894//5513
f 2893//5514 2895//5514 2894//5514
f 2894//5515 2896//5515 2745//5515
f 2894//5516 2895//5516 2896//5516
f 2745//5517 2896//5517 2897//5517
f 2745//5518 2897//5518 2898//5518
f 2745//5519 2898//5519 2732//5519
f 2899//5520 2897//5520 2896//5520
f 2900//5521 2896//5521 2895//5521
f 2899//5522 2896//5522 2900//5522
f 2901//5523 2895//5523 2893//5523
f 2900//5524 2895//5524 2901//5524
f 2901//5525 2893//5525 2902//5525
f 2893//5526 2892//5526 2902//5526
f 2901//5527 2903//5527 2900//5527
f 2904//5528 2897//5528 2899//5528
f 2904//5529 2898//5529 2897//5529
f 2900//5530 2905//5530 2899//5530
f 2900//5531 2903//5531 2905//5531
f 2899//5532 2906//5532 2904//5532
f 2899//5533 2905//5533 2906//5533
f 2907//5534 2898//5534 2904//5534
f 2901//5535 2908//5535 2903//5535
f 2902//5536 2908//5536 2901//5536
f 2909//5537 2905//5537 2903//5537
f 2909//5538 2903//5538 2908//5538
f 2902//5539 2910//5539 2908//5539
f 2892//5540 2910//5540 2902//5540
f 2909//5541 2908//5541 2911//5541
f 2911//5542 2908//5542 2910//5542
f 2909//5543 2912//5543 2905//5543
f 2906//5544 2905//5544 2912//5544
f 2913//5545 2909//5545 2911//5545
f 2913//5546 2912//5546 2909//5546
f 2892//5547 2914//5547 2910//5547
f 2911//5548 2910//5548 2915//5548
f 2915//5549 2910//5549 2914//5549
f 2889//5550 2914//5550 2892//5550
f 2889//5551 2916//5551 2914//5551
f 2915//5552 2914//5552 2916//5552
f 2916//5553 2889//5553 2917//5553
f 2915//5554 2916//5554 2917//5554
f 2917//5555 2889//5555 2918//5555
f 2918//5556 2889//5556 2883//5556
f 2915//5557 2919//5557 2911//5557
f 2911//5558 2919//5558 2913//5558
f 2920//5559 2915//5559 2917//5559
f 2915//5560 2920//5560 2919//5560
f 2918//5561 2921//5561 2917//5561
f 2920//5562 2917//5562 2921//5562
f 2883//5563 2922//5563 2918//5563
f 2922//5564 2921//5564 2918//5564
f 2922//5565 2883//5565 2923//5565
f 2923//5566 2883//5566 2882//5566
f 2921//5567 2922//5567 2924//5567
f 2924//5568 2922//5568 2923//5568
f 2882//5569 2880//5569 2923//5569
f 2921//5570 2924//5570 2925//5570
f 2924//5571 2923//5571 2926//5571
f 2926//5572 2923//5572 2880//5572
f 2924//5573 2926//5573 2925//5573
f 2927//5574 2926//5574 2880//5574
f 2926//5575 2927//5575 2925//5575
f 2880//5576 2928//5576 2927//5576
f 2921//5577 2925//5577 2929//5577
f 2921//5578 2929//5578 2920//5578
f 2920//5579 2929//5579 2930//5579
f 2920//5580 2930//5580 2919//5580
f 2925//5581 2931//5581 2929//5581
f 2925//5582 2927//5582 2932//5582
f 2925//5583 2932//5583 2931//5583
f 2933//5584 2932//5584 2927//5584
f 2927//5585 2928//5585 2933//5585
f 2934//5586 2932//5586 2933//5586
f 2934//5587 2931//5587 2932//5587
f 2929//5588 2931//5588 2935//5588
f 2929//5589 2935//5589 2930//5589
f 2935//5590 2931//5590 2936//5590
f 2936//5591 2930//5591 2935//5591
f 2937//5592 2936//5592 2931//5592
f 2931//5593 2934//5593 2937//5593
f 2930//5594 2936//5594 2938//5594
f 2933//5595 2939//5595 2934//5595
f 2933//5596 2928//5596 2939//5596
f 2937//5597 2940//5597 2936//5597
f 2936//5598 2940//5598 2938//5598
f 2934//5599 2941//5599 2937//5599
f 2940//5600 2937//5600 2942//5600
f 2941//5601 2942//5601 2937//5601
f 2934//5602 2943//5602 2941//5602
f 2934//5603 2939//5603 2943//5603
f 2944//5604 2941//5604 2943//5604
f 2944//5605 2943//5605 2939//5605
f 2940//5606 2942//5606 2945//5606
f 2945//5607 2938//5607 2940//5607
f 2941//5608 2946//5608 2942//5608
f 2941//5609 2944//5609 2946//5609
f 2947//5610 2942//5610 2946//5610
f 2942//5611 2947//5611 2945//5611
f 2944//5612 2948//5612 2946//5612
f 2944//5613 2939//5613 2949//5613
f 2944//5614 2949//5614 2950//5614
f 2944//5615 2950//5615 2948//5615
f 2951//5616 2949//5616 2939//5616
f 2949//5617 2951//5617 2952//5617
f 2952//5618 2950//5618 2949//5618
f 2951//5619 2939//5619 2953//5619
f 2939//5620 2928//5620 2953//5620
f 2951//5621 2953//5621 2954//5621
f 2951//5622 2954//5622 2952//5622
f 2953//5623 2928//5623 2955//5623
f 2956//5624 2953//5624 2955//5624
f 2956//5625 2954//5625 2953//5625
f 2885//5626 2955//5626 2928//5626
f 2928//5627 2880//5627 2885//5627
f 2885//5628 2957//5628 2955//5628
f 2955//5629 2957//5629 2956//5629
f 2958//5630 2957//5630 2885//5630
f 2958//5631 2885//5631 2884//5631
f 2958//5632 2884//5632 2886//5632
f 2959//5633 2957//5633 2958//5633
f 2959//5634 2956//5634 2957//5634
f 2958//5635 2886//5635 2959//5635
f 2959//5636 2886//5636 2960//5636
f 2961//5637 2956//5637 2959//5637
f 2959//5638 2960//5638 2961//5638
f 2962//5639 2960//5639 2886//5639
f 2962//5640 2961//5640 2960//5640
f 2962//5641 2886//5641 2876//5641
f 2961//5642 2963//5642 2956//5642
f 2963//5643 2954//5643 2956//5643
f 2964//5644 2961//5644 2962//5644
f 2965//5645 2963//5645 2961//5645
f 2961//5646 2964//5646 2965//5646
f 2876//5647 2966//5647 2962//5647
f 1494//5648 2966//5648 2876//5648
f 1489//5649 2966//5649 1494//5649
f 2962//5650 2966//5650 2967//5650
f 2962//5651 2967//5651 2964//5651
f 1489//5652 2968//5652 2966//5652
f 2966//5653 2968//5653 2967//5653
f 1493//5654 2968//5654 1489//5654
f 2969//5655 2964//5655 2967//5655
f 2967//5656 2968//5656 2969//5656
f 2970//5657 2964//5657 2969//5657
f 2970//5658 2965//5658 2964//5658
f 2971//5659 2969//5659 2968//5659
f 2971//5660 2970//5660 2969//5660
f 2972//5661 2968//5661 1493//5661
f 2972//5662 2971//5662 2968//5662
f 2965//5663 2970//5663 2973//5663
f 2973//5664 2963//5664 2965//5664
f 2970//5665 2971//5665 2974//5665
f 2971//5666 2972//5666 2974//5666
f 2975//5667 2973//5667 2970//5667
f 2970//5668 2974//5668 2975//5668
f 2976//5669 2963//5669 2973//5669
f 2975//5670 2976//5670 2973//5670
f 2976//5671 2954//5671 2963//5671
f 2975//5672 2974//5672 2977//5672
f 2972//5673 2977//5673 2974//5673
f 2978//5674 2976//5674 2975//5674
f 2979//5675 2972//5675 1493//5675
f 2979//5676 2980//5676 2972//5676
f 2980//5677 2977//5677 2972//5677
f 1493//5678 2981//5678 2979//5678
f 2979//5679 2981//5679 2980//5679
f 1493//5680 1492//5680 2981//5680
f 1500//5681 2981//5681 1492//5681
f 1500//5682 2982//5682 2981//5682
f 2982//5683 2980//5683 2981//5683
f 1500//5684 1556//5684 2982//5684
f 2983//5685 2980//5685 2982//5685
f 2983//5686 2977//5686 2980//5686
f 2984//5687 2982//5687 1556//5687
f 2984//5688 2983//5688 2982//5688
f 1556//5689 1559//5689 2984//5689
f 2984//5690 1559//5690 2254//5690
f 2984//5691 2254//5691 2983//5691
f 2985//5692 2977//5692 2983//5692
f 2254//5693 2985//5693 2983//5693
f 2254//5694 2986//5694 2985//5694
f 2986//5695 2254//5695 2253//5695
f 2977//5696 2985//5696 2987//5696
f 2986//5697 2987//5697 2985//5697
f 2988//5698 2977//5698 2987//5698
f 2977//5699 2988//5699 2975//5699
f 2253//5700 2256//5700 2986//5700
f 2988//5701 2978//5701 2975//5701
f 2989//5702 2988//5702 2987//5702
f 2978//5703 2988//5703 2989//5703
f 2986//5704 2990//5704 2987//5704
f 2987//5705 2990//5705 2989//5705
f 2986//5706 2256//5706 2991//5706
f 2991//5707 2990//5707 2986//5707
f 2992//5708 2991//5708 2256//5708
f 2992//5709 2990//5709 2991//5709
f 2989//5710 2993//5710 2978//5710
f 2993//5711 2989//5711 2990//5711
f 2994//5712 2978//5712 2993//5712
f 2994//5713 2976//5713 2978//5713
f 2990//5714 2995//5714 2993//5714
f 2994//5715 2993//5715 2995//5715
f 2996//5716 2990//5716 2992//5716
f 2995//5717 2990//5717 2996//5717
f 2997//5718 2996//5718 2992//5718
f 2998//5719 2995//5719 2996//5719
f 2998//5720 2996//5720 2997//5720
f 2999//5721 2992//5721 2256//5721
f 2999//5722 2997//5722 2992//5722
f 2999//5723 2256//5723 3000//5723
f 2252//5724 3000//5724 2256//5724
f 3000//5725 2252//5725 2255//5725
f 2999//5726 3000//5726 3001//5726
f 3000//5727 2255//5727 3001//5727
f 2997//5728 2999//5728 3002//5728
f 3001//5729 3002//5729 2999//5729
f 2997//5730 3002//5730 3003//5730
f 3004//5731 3001//5731 2255//5731
f 2255//5732 2261//5732 3004//5732
f 3005//5733 3002//5733 3001//5733
f 3001//5734 3004//5734 3005//5734
f 3005//5735 3003//5735 3002//5735
f 2261//5736 2267//5736 3004//5736
f 3004//5737 3006//5737 3005//5737
f 2267//5738 3006//5738 3004//5738
f 3006//5739 3007//5739 3005//5739
f 3007//5740 3006//5740 2267//5740
f 3007//5741 3003//5741 3005//5741
f 3008//5742 2997//5742 3003//5742
f 2997//5743 3008//5743 2998//5743
f 3008//5744 3003//5744 3009//5744
f 3009//5745 2998//5745 3008//5745
f 3007//5746 3010//5746 3003//5746
f 3010//5747 3009//5747 3003//5747
f 3007//5748 2267//5748 3011//5748
f 3010//5749 3007//5749 3011//5749
f 3012//5750 3011//5750 2267//5750
f 3010//5751 3011//5751 3013//5751
f 3013//5752 3011//5752 3014//5752
f 3014//5753 3011//5753 3012//5753
f 3015//5754 3010//5754 3013//5754
f 3015//5755 3009//5755 3010//5755
f 3012//5756 2267//5756 3016//5756
f 2266//5757 3016//5757 2267//5757
f 2269//5758 3016//5758 2266//5758
f 3016//5759 2269//5759 2341//5759
f 3016//5760 2341//5760 3012//5760
f 3012//5761 2341//5761 3017//5761
f 3012//5762 3017//5762 3014//5762
f 2342//5763 3017//5763 2341//5763
f 3014//5764 3017//5764 3018//5764
f 2342//5765 3018//5765 3017//5765
f 3013//5766 3014//5766 3019//5766
f 3015//5767 3013//5767 3019//5767
f 3019//5768 3014//5768 3020//5768
f 3014//5769 3018//5769 3020//5769
f 3019//5770 3021//5770 3015//5770
f 3022//5771 3018//5771 2342//5771
f 3021//5772 3019//5772 3023//5772
f 3020//5773 3023//5773 3019//5773
f 3022//5774 2342//5774 2344//5774
f 3024//5775 3021//5775 3023//5775
f 3015//5776 3021//5776 3024//5776
f 3025//5777 3022//5777 2344//5777
f 2344//5778 3026//5778 3025//5778
f 3026//5779 2344//5779 2349//5779
f 3025//5780 3027//5780 3022//5780
f 3025//5781 3026//5781 3027//5781
f 3022//5782 3027//5782 3028//5782
f 3022//5783 3028//5783 3018//5783
f 3029//5784 3027//5784 3026//5784
f 3029//5785 3028//5785 3027//5785
f 3026//5786 2349//5786 3030//5786
f 3030//5787 2349//5787 2351//5787
f 3031//5788 3018//5788 3028//5788
f 3032//5789 3026//5789 3030//5789
f 3018//5790 3031//5790 3020//5790
f 3033//5791 3026//5791 3032//5791
f 3026//5792 3033//5792 3029//5792
f 3030//5793 3034//5793 3032//5793
f 2351//5794 3035//5794 3030//5794
f 3035//5795 3034//5795 3030//5795
f 3036//5796 3035//5796 2351//5796
f 2351//5797 2350//5797 3036//5797
f 3034//5798 3035//5798 3037//5798
f 3032//5799 3038//5799 3033//5799
f 3039//5800 3032//5800 3034//5800
f 3038//5801 3032//5801 3039//5801
f 3039//5802 3034//5802 3040//5802
f 3037//5803 3040//5803 3034//5803
f 3038//5804 3039//5804 3041//5804
f 3040//5805 3041//5805 3039//5805
f 3033//5806 3038//5806 3042//5806
f 3033//5807 3042//5807 3029//5807
f 3041//5808 3043//5808 3038//5808
f 3042//5809 3038//5809 3043//5809
f 3044//5810 3041//5810 3040//5810
f 3035//5811 3045//5811 3037//5811
f 3045//5812 3035//5812 3036//5812
f 3036//5813 3046//5813 3045//5813
f 3045//5814 3047//5814 3037//5814
f 3045//5815 3046//5815 3048//5815
f 3045//5816 3048//5816 3047//5816
f 3049//5817 3046//5817 3036//5817
f 3048//5818 3046//5818 3049//5818
f 3050//5819 3049//5819 3036//5819
f 3036//5820 2350//5820 3050//5820
f 3050//5821 2350//5821 2357//5821
f 3051//5822 3049//5822 3050//5822
f 2357//5823 3051//5823 3050//5823
f 3049//5824 3052//5824 3048//5824
f 3049//5825 3051//5825 3052//5825
f 3053//5826 3051//5826 2357//5826
f 2357//5827 2361//5827 3053//5827
f 2361//5828 3054//5828 3053//5828
f 3055//5829 3051//5829 3053//5829
f 3054//5830 3055//5830 3053//5830
f 2361//5831 2362//5831 3054//5831
f 3051//5832 3055//5832 3056//5832
f 3052//5833 3051//5833 3056//5833
f 3057//5834 3055//5834 3054//5834
f 3055//5835 3057//5835 3056//5835
f 3054//5836 2362//5836 3058//5836
f 3057//5837 3054//5837 3059//5837
f 3054//5838 3058//5838 3059//5838
f 3056//5839 3057//5839 3060//5839
f 3057//5840 3059//5840 3060//5840
f 3052//5841 3056//5841 3061//5841
f 3058//5842 2362//5842 3062//5842
f 3062//5843 2362//5843 2367//5843
f 3062//5844 3063//5844 3058//5844
f 2367//5845 3063//5845 3062//5845
f 3058//5846 3064//5846 3059//5846
f 2483//5847 3058//5847 3063//5847
f 2483//5848 3064//5848 3058//5848
f 2483//5849 2480//5849 3064//5849
f 3064//5850 2480//5850 2484//5850
f 3059//5851 3064//5851 3065//5851
f 3065//5852 3064//5852 2484//5852
f 3065//5853 3060//5853 3059//5853
f 3065//5854 2484//5854 2486//5854
f 3065//5855 2486//5855 3066//5855
f 3065//5856 3066//5856 3060//5856
f 3066//5857 2486//5857 2497//5857
f 3067//5858 3060//5858 3066//5858
f 3056//5859 3060//5859 3067//5859
f 3066//5860 3068//5860 3067//5860
f 2497//5861 3068//5861 3066//5861
f 3061//5862 3056//5862 3067//5862
f 3061//5863 3067//5863 3068//5863
f 3068//5864 2497//5864 3061//5864
f 3069//5865 3061//5865 2497//5865
f 3070//5866 3061//5866 3069//5866
f 3070//5867 3052//5867 3061//5867
f 2497//5868 3071//5868 3069//5868
f 3071//5869 2497//5869 2494//5869
f 2496//5870 3071//5870 2494//5870
f 3072//5871 3069//5871 3071//5871
f 3072//5872 3071//5872 2496//5872
f 3073//5873 3052//5873 3070//5873
f 3048//5874 3052//5874 3073//5874
f 3069//5875 3074//5875 3070//5875
f 3070//5876 3074//5876 3073//5876
f 3048//5877 3073//5877 3075//5877
f 3073//5878 3074//5878 3075//5878
f 3075//5879 3047//5879 3048//5879
f 3069//5880 3072//5880 3076//5880
f 3074//5881 3069//5881 3076//5881
f 3076//5882 3072//5882 3077//5882
f 3077//5883 3072//5883 2496//5883
f 3077//5884 3078//5884 3076//5884
f 952//5885 3077//5885 2496//5885
f 953//5886 952//5886 2496//5886
f 3078//5887 3077//5887 3079//5887
f 3077//5888 952//5888 3079//5888
f 3076//5889 3078//5889 3080//5889
f 3076//5890 3080//5890 3074//5890
f 3079//5891 3080//5891 3078//5891
f 3081//5892 3079//5892 952//5892
f 951//5893 3081//5893 952//5893
f 3079//5894 3082//5894 3080//5894
f 3081//5895 951//5895 3083//5895
f 934//5896 3083//5896 951//5896
f 3079//5897 3081//5897 3084//5897
f 3084//5898 3082//5898 3079//5898
f 3085//5899 3081//5899 3083//5899
f 3084//5900 3081//5900 3085//5900
f 3082//5901 3086//5901 3080//5901
f 3084//5902 3086//5902 3082//5902
f 3074//5903 3080//5903 3087//5903
f 3087//5904 3075//5904 3074//5904
f 3088//5905 3080//5905 3086//5905
f 3087//5906 3080//5906 3088//5906
f 3087//5907 3089//5907 3075//5907
f 3088//5908 3089//5908 3087//5908
f 3089//5909 3047//5909 3075//5909
f 3084//5910 3090//5910 3086//5910
f 3085//5911 3090//5911 3084//5911
f 3086//5912 3091//5912 3088//5912
f 3090//5913 3091//5913 3086//5913
f 3089//5914 3088//5914 3092//5914
f 3092//5915 3088//5915 3091//5915
f 3047//5916 3089//5916 3093//5916
f 3093//5917 3089//5917 3092//5917
f 3093//5918 3037//5918 3047//5918
f 3093//5919 3040//5919 3037//5919
f 3094//5920 3040//5920 3093//5920
f 3092//5921 3094//5921 3093//5921
f 3040//5922 3094//5922 3044//5922
f 3091//5923 3095//5923 3092//5923
f 3095//5924 3094//5924 3092//5924
f 3096//5925 3095//5925 3091//5925
f 3090//5926 3096//5926 3091//5926
f 3095//5927 3097//5927 3094//5927
f 3098//5928 3096//5928 3090//5928
f 3085//5929 3098//5929 3090//5929
f 3096//5930 3099//5930 3095//5930
f 3099//5931 3097//5931 3095//5931
f 3098//5932 3100//5932 3096//5932
f 3100//5933 3099//5933 3096//5933
f 3097//5934 3101//5934 3094//5934
f 3044//5935 3094//5935 3101//5935
f 3099//5936 3102//5936 3097//5936
f 3102//5937 3101//5937 3097//5937
f 3100//5938 3103//5938 3099//5938
f 3103//5939 3102//5939 3099//5939
f 3104//5940 3100//5940 3098//5940
f 3105//5941 3103//5941 3100//5941
f 3104//5942 3105//5942 3100//5942
f 3103//5943 3105//5943 3106//5943
f 3102//5944 3103//5944 3107//5944
f 3107//5945 3103//5945 3106//5945
f 3101//5946 3102//5946 3108//5946
f 3108//5947 3102//5947 3107//5947
f 3108//5948 3109//5948 3101//5948
f 3101//5949 3109//5949 3044//5949
f 3108//5950 3107//5950 3110//5950
f 3106//5951 3110//5951 3107//5951
f 3110//5952 3109//5952 3108//5952
f 3111//5953 3044//5953 3109//5953
f 3041//5954 3044//5954 3111//5954
f 3111//5955 3043//5955 3041//5955
f 3043//5956 3111//5956 3112//5956
f 3111//5957 3109//5957 3113//5957
f 3113//5958 3112//5958 3111//5958
f 3110//5959 3114//5959 3109//5959
f 3113//5960 3109//5960 3114//5960
f 3043//5961 3112//5961 3115//5961
f 3113//5962 3115//5962 3112//5962
f 3115//5963 3116//5963 3043//5963
f 3042//5964 3043//5964 3116//5964
f 3117//5965 3115//5965 3113//5965
f 3113//5966 3114//5966 3118//5966
f 3118//5967 3117//5967 3113//5967
f 3119//5968 3115//5968 3117//5968
f 3116//5969 3115//5969 3119//5969
f 3120//5970 3117//5970 3118//5970
f 3118//5971 3114//5971 3120//5971
f 3042//5972 3116//5972 3121//5972
f 3042//5973 3121//5973 3029//5973
f 3116//5974 3122//5974 3121//5974
f 3123//5975 3029//5975 3121//5975
f 3121//5976 3122//5976 3123//5976
f 3116//5977 3124//5977 3122//5977
f 3029//5978 3123//5978 3125//5978
f 3116//5979 3126//5979 3124//5979
f 3119//5980 3126//5980 3116//5980
f 3029//5981 3125//5981 3127//5981
f 3127//5982 3028//5982 3029//5982
f 3128//5983 3123//5983 3122//5983
f 3129//5984 3125//5984 3123//5984
f 3129//5985 3123//5985 3128//5985
f 3129//5986 3130//5986 3125//5986
f 3127//5987 3125//5987 3130//5987
f 3028//5988 3127//5988 3131//5988
f 3129//5989 3132//5989 3130//5989
f 3028//5990 3131//5990 3031//5990
f 3129//5991 3128//5991 3133//5991
f 3129//5992 3133//5992 3132//5992
f 3133//5993 3128//5993 3134//5993
f 3130//5994 3135//5994 3127//5994
f 3130//5995 3132//5995 3136//5995
f 3130//5996 3136//5996 3135//5996
f 3135//5997 3137//5997 3127//5997
f 3131//5998 3127//5998 3137//5998
f 3135//5999 3136//5999 3138//5999
f 3138//6000 3137//6000 3135//6000
f 3136//6001 3132//6001 3139//6001
f 3136//6002 3140//6002 3138//6002
f 3139//6003 3140//6003 3136//6003
f 3132//6004 3141//6004 3139//6004
f 3133//6005 3141//6005 3132//6005
f 3139//6006 3142//6006 3140//6006
f 3141//6007 3142//6007 3139//6007
f 3133//6008 3143//6008 3141//6008
f 3134//6009 3143//6009 3133//6009
f 3143//6010 3144//6010 3141//6010
f 3134//6011 3144//6011 3143//6011
f 3141//6012 3144//6012 3142//6012
f 3138//6013 3140//6013 3145//6013
f 3137//6014 3138//6014 3145//6014
f 3146//6015 3140//6015 3142//6015
f 3146//6016 3145//6016 3140//6016
f 3137//6017 3145//6017 3147//6017
f 3137//6018 3147//6018 3131//6018
f 3148//6019 3145//6019 3146//6019
f 3145//6020 3148//6020 3147//6020
f 3149//6021 3131//6021 3147//6021
f 3148//6022 3149//6022 3147//6022
f 3149//6023 3031//6023 3131//6023
f 3150//6024 3148//6024 3146//6024
f 3142//6025 3151//6025 3146//6025
f 3146//6026 3151//6026 3150//6026
f 3152//6027 3148//6027 3150//6027
f 3152//6028 3150//6028 3151//6028
f 3152//6029 3153//6029 3148//6029
f 3148//6030 3153//6030 3149//6030
f 3153//6031 3152//6031 3154//6031
f 3152//6032 3151//6032 3154//6032
f 3153//6033 3155//6033 3149//6033
f 3155//6034 3153//6034 3156//6034
f 3154//6035 3156//6035 3153//6035
f 3156//6036 3157//6036 3155//6036
f 3154//6037 3157//6037 3156//6037
f 3158//6038 3155//6038 3157//6038
f 3157//6039 3154//6039 3159//6039
f 3160//6040 3149//6040 3155//6040
f 3158//6041 3157//6041 3161//6041
f 3161//6042 3157//6042 3159//6042
f 3162//6043 3155//6043 3158//6043
f 3155//6044 3162//6044 3160//6044
f 3160//6045 3163//6045 3149//6045
f 3149//6046 3163//6046 3031//6046
f 3031//6047 3163//6047 3164//6047
f 3020//6048 3031//6048 3164//6048
f 3163//6049 3160//6049 3165//6049
f 3165//6050 3164//6050 3163//6050
f 3165//6051 3160//6051 3166//6051
f 3162//6052 3166//6052 3160//6052
f 3164//6053 3165//6053 3167//6053
f 3167//6054 3165//6054 3166//6054
f 3164//6055 3168//6055 3020//6055
f 3167//6056 3168//6056 3164//6056
f 3168//6057 3169//6057 3020//6057
f 3023//6058 3020//6058 3169//6058
f 3168//6059 3167//6059 3170//6059
f 3170//6060 3169//6060 3168//6060
f 3169//6061 3024//6061 3023//6061
f 3170//6062 3167//6062 3171//6062
f 3171//6063 3167//6063 3166//6063
f 3169//6064 3170//6064 3172//6064
f 3172//6065 3170//6065 3171//6065
f 3024//6066 3169//6066 3172//6066
f 3166//6067 3173//6067 3171//6067
f 3173//6068 3166//6068 3162//6068
f 3171//6065 3174//6065 3172//6065
f 3173//6069 3174//6069 3171//6069
f 3172//6070 3175//6070 3024//6070
f 3175//6071 3172//6071 3174//6071
f 3174//6072 3176//6072 3175//6072
f 3173//6073 3176//6073 3174//6073
f 3024//6074 3175//6074 3177//6074
f 3178//6075 3175//6075 3176//6075
f 3177//6076 3175//6076 3178//6076
f 3179//6077 3024//6077 3177//6077
f 3015//6078 3024//6078 3179//6078
f 3178//6079 3180//6079 3177//6079
f 3179//6080 3177//6080 3180//6080
f 3178//6081 3176//6081 3181//6081
f 3181//6082 3180//6082 3178//6082
f 3182//6083 3179//6083 3180//6083
f 3015//6084 3179//6084 3182//6084
f 3180//6085 3181//6085 3183//6085
f 3182//6086 3180//6086 3183//6086
f 3184//6087 3181//6087 3176//6087
f 3184//6088 3176//6088 3173//6088
f 3181//6089 3185//6089 3183//6089
f 3184//6090 3173//6090 3186//6090
f 3187//6091 3186//6091 3173//6091
f 3173//6092 3162//6092 3187//6092
f 3184//6093 3186//6093 3188//6093
f 3187//6094 3189//6094 3186//6094
f 3186//6095 3189//6095 3188//6095
f 3187//6096 3162//6096 3190//6096
f 3190//6097 3189//6097 3187//6097
f 3190//6098 3162//6098 3158//6098
f 3189//6099 3190//6099 3191//6099
f 3191//6100 3188//6100 3189//6100
f 3192//6101 3190//6101 3158//6101
f 3192//6102 3191//6102 3190//6102
f 3193//6103 3192//6103 3158//6103
f 3193//6104 3158//6104 3161//6104
f 3194//6105 3191//6105 3192//6105
f 3193//6106 3194//6106 3192//6106
f 3195//6107 3188//6107 3191//6107
f 3196//6108 3191//6108 3194//6108
f 3195//6109 3191//6109 3196//6109
f 3194//6110 3197//6110 3196//6110
f 3195//6111 3198//6111 3188//6111
f 3197//6112 3194//6112 3199//6112
f 3199//6113 3194//6113 3193//6113
f 3197//6114 3200//6114 3196//6114
f 3199//6115 3200//6115 3197//6115
f 3195//6116 3196//6116 3201//6116
f 3196//6117 3200//6117 3201//6117
f 3202//6118 3198//6118 3195//6118
f 3195//6119 3201//6119 3202//6119
f 3188//6120 3198//6120 3203//6120
f 3203//6121 3198//6121 3202//6121
f 3188//6122 3203//6122 3184//6122
f 3184//6123 3203//6123 3181//6123
f 3181//6124 3203//6124 3204//6124
f 3203//6125 3202//6125 3204//6125
f 3181//6126 3204//6126 3185//6126
f 3204//6127 3202//6127 3185//6127
f 3201//6128 3205//6128 3202//6128
f 3205//6129 3185//6129 3202//6129
f 3206//6130 3205//6130 3201//6130
f 3206//6131 3201//6131 3200//6131
f 3185//6132 3205//6132 3207//6132
f 3207//6133 3183//6133 3185//6133
f 3183//6134 3207//6134 3182//6134
f 3205//6135 3208//6135 3207//6135
f 3182//6136 3207//6136 3208//6136
f 3209//6137 3205//6137 3206//6137
f 3209//6138 3208//6138 3205//6138
f 3206//6139 3200//6139 3210//6139
f 3206//6140 3211//6140 3209//6140
f 3211//6141 3206//6141 3210//6141
f 3212//6142 3209//6142 3211//6142
f 3208//6143 3209//6143 3213//6143
f 3212//6144 3213//6144 3209//6144
f 3208//6145 3214//6145 3182//6145
f 3213//6146 3214//6146 3208//6146
f 3182//6147 3214//6147 3215//6147
f 3182//6148 3215//6148 3015//6148
f 3213//6149 3216//6149 3214//6149
f 3216//6150 3213//6150 3212//6150
f 3217//6151 3215//6151 3214//6151
f 3217//6152 3214//6152 3216//6152
f 3215//6153 3217//6153 3015//6153
f 3218//6154 3015//6154 3217//6154
f 3218//6155 3009//6155 3015//6155
f 3216//6156 3219//6156 3217//6156
f 3212//6157 3220//6157 3216//6157
f 3220//6158 3219//6158 3216//6158
f 3221//6159 3217//6159 3219//6159
f 3217//6160 3221//6160 3218//6160
f 3222//6161 3219//6161 3220//6161
f 3221//6162 3219//6162 3222//6162
f 3223//6163 3220//6163 3212//6163
f 3218//6164 3224//6164 3009//6164
f 3009//6165 3224//6165 2998//6165
f 3218//6166 3221//6166 3225//6166
f 2998//6167 3224//6167 3226//6167
f 2995//6168 2998//6168 3226//6168
f 3227//6169 3224//6169 3218//6169
f 3218//6170 3225//6170 3227//6170
f 3227//6171 3228//6171 3224//6171
f 3226//6172 3224//6172 3228//6172
f 3229//6173 3228//6173 3227//6173
f 2995//6174 3226//6174 2994//6174
f 3230//6175 3225//6175 3221//6175
f 3222//6176 3230//6176 3221//6176
f 3227//6177 3225//6177 3231//6177
f 3227//6178 3231//6178 3229//6178
f 3232//6179 3225//6179 3230//6179
f 3232//6180 3231//6180 3225//6180
f 3233//6181 3232//6181 3230//6181
f 3222//6182 3233//6182 3230//6182
f 3234//6183 3231//6183 3232//6183
f 3233//6184 3235//6184 3232//6184
f 3222//6185 3235//6185 3233//6185
f 3235//6186 3234//6186 3232//6186
f 3222//6187 3236//6187 3235//6187
f 3236//6188 3237//6188 3235//6188
f 3235//6189 3237//6189 3234//6189
f 3238//6190 3236//6190 3222//6190
f 3236//6191 3239//6191 3237//6191
f 3236//6192 3238//6192 3239//6192
f 3240//6193 3234//6193 3237//6193
f 3240//6194 3237//6194 3239//6194
f 3234//6195 3241//6195 3231//6195
f 3229//6196 3231//6196 3241//6196
f 3242//6197 3234//6197 3240//6197
f 3242//6198 3241//6198 3234//6198
f 3240//6199 3243//6199 3242//6199
f 3239//6200 3243//6200 3240//6200
f 3242//6201 3244//6201 3241//6201
f 3229//6202 3241//6202 3244//6202
f 3245//6203 3244//6203 3242//6203
f 3245//6204 3242//6204 3243//6204
f 3229//6205 3244//6205 3246//6205
f 3247//6206 3244//6206 3245//6206
f 3246//6207 3244//6207 3247//6207
f 3245//6208 3243//6208 3248//6208
f 3247//6209 3245//6209 3248//6209
f 3246//6210 3249//6210 3229//6210
f 3229//6211 3249//6211 3228//6211
f 3226//6212 3228//6212 3249//6212
f 3246//6213 3250//6213 3249//6213
f 3226//6214 3249//6214 3251//6214
f 3251//6215 3249//6215 3250//6215
f 3252//6216 3250//6216 3246//6216
f 3246//6217 3247//6217 3252//6217
f 3252//6218 3253//6218 3250//6218
f 3247//6219 3253//6219 3252//6219
f 3251//6220 3254//6220 3226//6220
f 3254//6221 2994//6221 3226//6221
f 2994//6222 3254//6222 3255//6222
f 3254//6223 3251//6223 3255//6223
f 3256//6224 3250//6224 3253//6224
f 3251//6225 3250//6225 3257//6225
f 3257//6226 3250//6226 3256//6226
f 3257//6227 3258//6227 3251//6227
f 3253//6228 3259//6228 3256//6228
f 3257//6229 3256//6229 3260//6229
f 3253//6230 3247//6230 3261//6230
f 3261//6231 3259//6231 3253//6231
f 3262//6232 3256//6232 3259//6232
f 3260//6233 3256//6233 3262//6233
f 3259//6234 3261//6234 3263//6234
f 3260//6235 3264//6235 3257//6235
f 3257//6236 3264//6236 3258//6236
f 3259//6237 3265//6237 3262//6237
f 3263//6238 3265//6238 3259//6238
f 3265//6239 3266//6239 3262//6239
f 3262//6240 3267//6240 3260//6240
f 3262//6241 3266//6241 3267//6241
f 3260//6242 3267//6242 3268//6242
f 3260//6243 3268//6243 3264//6243
f 3267//6244 3269//6244 3268//6244
f 3265//6245 3270//6245 3266//6245
f 3263//6246 3270//6246 3265//6246
f 3266//6247 3271//6247 3267//6247
f 3267//6248 3271//6248 3269//6248
f 3266//6249 3270//6249 3272//6249
f 3266//6250 3273//6250 3271//6250
f 3272//6251 3273//6251 3266//6251
f 3274//6252 3271//6252 3273//6252
f 3269//6253 3271//6253 3274//6253
f 3272//6254 3270//6254 3275//6254
f 3263//6255 3275//6255 3270//6255
f 3273//6256 3272//6256 3276//6256
f 3272//6257 3275//6257 3277//6257
f 3276//6258 3272//6258 3277//6258
f 3276//6259 3278//6259 3273//6259
f 3273//6260 3278//6260 3274//6260
f 3263//6261 3279//6261 3275//6261
f 3279//6262 3277//6262 3275//6262
f 3279//6263 3263//6263 3280//6263
f 3278//6264 3276//6264 3281//6264
f 3281//6265 3276//6265 3282//6265
f 3276//6266 3277//6266 3282//6266
f 3281//6267 3283//6267 3278//6267
f 3282//6268 3284//6268 3281//6268
f 3283//6269 3281//6269 3284//6269
f 3278//6270 3283//6270 3285//6270
f 3278//6271 3285//6271 3274//6271
f 3283//6272 3286//6272 3285//6272
f 3284//6273 3287//6273 3283//6273
f 3283//6274 3287//6274 3286//6274
f 3274//6275 3285//6275 3288//6275
f 3285//6276 3289//6276 3288//6276
f 3285//6277 3286//6277 3289//6277
f 3274//6278 3288//6278 3290//6278
f 3274//6279 3290//6279 3269//6279
f 3290//6280 3288//6280 3291//6280
f 3288//6281 3289//6281 3291//6281
f 3269//6282 3290//6282 3292//6282
f 3290//6283 3291//6283 3292//6283
f 3269//6284 3292//6284 3293//6284
f 3268//6285 3269//6285 3293//6285
f 3264//6286 3268//6286 3293//6286
f 3292//6287 3291//6287 3294//6287
f 3289//6288 3294//6288 3291//6288
f 3293//6289 3292//6289 3295//6289
f 3294//6290 3295//6290 3292//6290
f 3264//6291 3293//6291 3296//6291
f 3293//6292 3295//6292 3296//6292
f 3297//6293 3295//6293 3294//6293
f 3289//6294 3298//6294 3294//6294
f 3298//6295 3297//6295 3294//6295
f 3298//6296 3289//6296 3299//6296
f 3286//6297 3299//6297 3289//6297
f 3297//6298 3298//6298 3300//6298
f 3297//6299 3301//6299 3295//6299
f 3296//6300 3295//6300 3302//6300
f 3301//6301 3302//6301 3295//6301
f 3303//6302 3301//6302 3297//6302
f 3303//6303 3302//6303 3301//6303
f 3304//6304 3297//6304 3300//6304
f 3304//6305 3303//6305 3297//6305
f 3298//6306 3305//6306 3300//6306
f 3304//6307 3300//6307 3305//6307
f 3298//6308 3306//6308 3305//6308
f 3298//6309 3299//6309 3306//6309
f 3304//6310 3305//6310 3307//6310
f 3305//6311 3306//6311 3308//6311
f 3307//6312 3305//6312 3308//6312
f 3306//6313 3299//6313 3309//6313
f 3308//6314 3306//6314 3310//6314
f 3306//6315 3309//6315 3310//6315
f 3308//6316 3310//6316 3117//6316
f 3308//6317 3117//6317 3120//6317
f 3117//6318 3310//6318 3311//6318
f 3310//6319 3309//6319 3311//6319
f 3312//6320 3117//6320 3311//6320
f 3119//6321 3117//6321 3312//6321
f 3313//6322 3311//6322 3309//6322
f 3312//6323 3311//6323 3313//6323
f 3314//6324 3308//6324 3120//6324
f 3307//6325 3308//6325 3314//6325
f 3314//6326 3120//6326 3315//6326
f 3315//6327 3120//6327 3114//6327
f 3312//6328 3316//6328 3119//6328
f 3315//6329 3317//6329 3314//6329
f 3313//6330 3318//6330 3312//6330
f 3312//6331 3318//6331 3316//6331
f 3314//6332 3317//6332 3319//6332
f 3314//6333 3319//6333 3307//6333
f 3315//6334 3320//6334 3317//6334
f 3319//6335 3317//6335 3321//6335
f 3321//6336 3317//6336 3320//6336
f 3322//6337 3307//6337 3319//6337
f 3321//6338 3323//6338 3319//6338
f 3319//6339 3323//6339 3322//6339
f 3321//6340 3324//6340 3323//6340
f 3325//6341 3322//6341 3323//6341
f 3325//6342 3323//6342 3324//6342
f 3326//6343 3324//6343 3321//6343
f 3321//6344 3320//6344 3326//6344
f 3327//6345 3307//6345 3322//6345
f 3328//6346 3320//6346 3315//6346
f 3315//6347 3114//6347 3328//6347
f 3328//6348 3114//6348 3329//6348
f 3110//6349 3329//6349 3114//6349
f 3329//6350 3110//6350 3106//6350
f 3328//6351 3329//6351 3330//6351
f 3330//6352 3320//6352 3328//6352
f 3106//6353 3331//6353 3329//6353
f 3330//6354 3329//6354 3331//6354
f 3106//6355 3332//6355 3331//6355
f 3106//6356 3105//6356 3332//6356
f 3330//6357 3331//6357 3333//6357
f 3330//6358 3334//6358 3320//6358
f 3333//6359 3334//6359 3330//6359
f 3326//6360 3320//6360 3334//6360
f 3331//6361 3335//6361 3333//6361
f 3331//6362 3332//6362 3335//6362
f 3336//6363 3332//6363 3105//6363
f 3335//6364 3332//6364 3336//6364
f 3336//6365 3105//6365 3104//6365
f 3335//6366 3337//6366 3333//6366
f 3333//6367 3337//6367 3334//6367
f 3336//6368 3338//6368 3335//6368
f 3104//6369 3339//6369 3336//6369
f 3336//6370 3339//6370 3338//6370
f 3340//6371 3334//6371 3337//6371
f 3326//6372 3334//6372 3340//6372
f 3335//6373 3341//6373 3337//6373
f 3335//6374 3338//6374 3341//6374
f 3340//6375 3337//6375 3342//6375
f 3337//6376 3341//6376 3342//6376
f 3343//6377 3341//6377 3338//6377
f 3338//6378 3339//6378 3343//6378
f 3344//6379 3342//6379 3341//6379
f 3343//6380 3344//6380 3341//6380
f 3342//6381 3345//6381 3340//6381
f 3346//6382 3342//6382 3344//6382
f 3342//6383 3346//6383 3345//6383
f 3344//6384 3347//6384 3346//6384
f 3347//6385 3344//6385 3343//6385
f 3340//6386 3345//6386 3348//6386
f 3340//6387 3348//6387 3326//6387
f 3349//6388 3345//6388 3346//6388
f 3350//6389 3348//6389 3345//6389
f 3350//6390 3345//6390 3349//6390
f 3326//6391 3348//6391 3351//6391
f 3326//6392 3351//6392 3324//6392
f 3352//6393 3348//6393 3350//6393
f 3352//6394 3351//6394 3348//6394
f 3349//6395 3353//6395 3350//6395
f 3350//6396 3353//6396 3352//6396
f 3354//6397 3324//6397 3351//6397
f 3354//6398 3351//6398 3352//6398
f 3325//6399 3324//6399 3354//6399
f 3352//6400 3353//6400 3355//6400
f 3352//6401 3355//6401 3354//6401
f 3354//6402 3356//6402 3325//6402
f 3354//6403 3355//6403 3356//6403
f 3325//6404 3356//6404 3357//6404
f 3325//6405 3357//6405 3358//6405
f 3358//6406 3322//6406 3325//6406
f 3322//6407 3358//6407 3327//6407
f 3358//6408 3357//6408 3359//6408
f 3360//6409 3357//6409 3356//6409
f 3359//6410 3357//6410 3360//6410
f 3355//6411 3361//6411 3356//6411
f 3356//6412 3361//6412 3360//6412
f 3327//6413 3358//6413 3362//6413
f 3358//6414 3359//6414 3362//6414
f 3327//6415 3362//6415 3363//6415
f 3362//6416 3359//6416 3364//6416
f 3364//6417 3363//6417 3362//6417
f 3365//6418 3359//6418 3360//6418
f 3366//6419 3364//6419 3359//6419
f 3367//6420 3365//6420 3360//6420
f 3360//6421 3361//6421 3367//6421
f 3368//6422 3359//6422 3365//6422
f 3368//6423 3366//6423 3359//6423
f 3369//6424 3365//6424 3367//6424
f 3368//6425 3365//6425 3370//6425
f 3365//6426 3369//6426 3370//6426
f 3367//6427 3361//6427 3371//6427
f 3367//6428 3371//6428 3369//6428
f 3368//6429 3372//6429 3366//6429
f 3370//6430 3373//6430 3368//6430
f 3372//6431 3368//6431 3373//6431
f 3370//6432 3369//6432 3374//6432
f 3373//6433 3370//6433 3374//6433
f 3375//6434 3366//6434 3372//6434
f 3372//6435 3373//6435 3376//6435
f 3366//6436 3375//6436 3377//6436
f 3366//6437 3377//6437 3364//6437
f 3378//6438 3364//6438 3377//6438
f 3364//6439 3378//6439 3363//6439
f 3377//6440 3379//6440 3378//6440
f 3380//6441 3363//6441 3378//6441
f 3378//6442 3379//6442 3380//6442
f 3379//6443 3377//6443 3381//6443
f 3381//6444 3377//6444 3375//6444
f 3375//6445 3372//6445 3382//6445
f 3382//6446 3372//6446 3376//6446
f 3375//6447 3382//6447 3383//6447
f 3381//6448 3375//6448 3384//6448
f 3384//6449 3375//6449 3383//6449
f 3383//6450 3382//6450 3385//6450
f 3384//6451 3383//6451 3385//6451
f 3382//6452 3376//6452 3386//6452
f 3386//6453 3385//6453 3382//6453
f 3385//6454 3387//6454 3384//6454
f 3388//6455 3381//6455 3384//6455
f 3388//6456 3384//6456 3387//6456
f 3381//6457 3388//6457 3389//6457
f 3389//6458 3379//6458 3381//6458
f 3390//6459 3379//6459 3389//6459
f 3379//6460 3390//6460 3380//6460
f 3391//6461 3389//6461 3388//6461
f 3392//6462 3388//6462 3387//6462
f 3391//6463 3388//6463 3392//6463
f 3389//6464 3393//6464 3390//6464
f 3393//6465 3389//6465 3391//6465
f 3391//6466 3394//6466 3393//6466
f 3394//6467 3391//6467 3392//6467
f 3390//6468 3393//6468 3395//6468
f 3380//6469 3390//6469 3396//6469
f 3395//6470 3396//6470 3390//6470
f 3396//6471 3397//6471 3380//6471
f 3397//6472 3363//6472 3380//6472
f 3303//6473 3396//6473 3395//6473
f 3303//6474 3397//6474 3396//6474
f 3393//6475 3398//6475 3395//6475
f 3393//6476 3394//6476 3398//6476
f 3395//6477 3399//6477 3303//6477
f 3395//6478 3398//6478 3399//6478
f 3397//6479 3303//6479 3304//6479
f 3303//6480 3399//6480 3302//6480
f 3304//6481 3400//6481 3397//6481
f 3397//6482 3400//6482 3363//6482
f 3307//6483 3400//6483 3304//6483
f 3363//6484 3400//6484 3327//6484
f 3307//6485 3327//6485 3400//6485
f 3401//6486 3302//6486 3399//6486
f 3296//6487 3302//6487 3401//6487
f 3264//6488 3296//6488 3401//6488
f 3402//6489 3399//6489 3398//6489
f 3401//6490 3399//6490 3402//6490
f 3402//6491 3398//6491 3394//6491
f 3402//6492 3403//6492 3401//6492
f 3394//6493 3403//6493 3402//6493
f 3401//6494 3404//6494 3264//6494
f 3264//6495 3404//6495 3258//6495
f 3405//6496 3404//6496 3401//6496
f 3405//6497 3401//6497 3403//6497
f 3258//6498 3404//6498 3406//6498
f 3405//6499 3406//6499 3404//6499
f 3406//6500 3407//6500 3258//6500
f 3251//6501 3258//6501 3407//6501
f 3255//6502 3251//6502 3407//6502
f 3406//6503 3408//6503 3407//6503
f 3408//6504 3255//6504 3407//6504
f 3408//6505 3406//6505 3405//6505
f 3409//6506 3405//6506 3403//6506
f 3408//6507 3410//6507 3255//6507
f 3405//6508 3409//6508 3411//6508
f 3408//6509 3405//6509 3412//6509
f 3405//6510 3411//6510 3412//6510
f 3409//6511 3403//6511 3413//6511
f 3413//6512 3411//6512 3409//6512
f 3413//6513 3403//6513 3414//6513
f 3394//6514 3414//6514 3403//6514
f 3415//6515 3411//6515 3413//6515
f 3414//6516 3415//6516 3413//6516
f 3414//6517 3394//6517 3392//6517
f 3411//6518 3415//6518 3416//6518
f 3417//6519 3415//6519 3414//6519
f 3411//6520 3416//6520 3418//6520
f 3418//6521 3412//6521 3411//6521
f 3415//6522 3419//6522 3416//6522
f 3415//6523 3417//6523 3419//6523
f 3420//6524 3418//6524 3416//6524
f 3420//6525 3416//6525 3419//6525
f 3420//6526 2950//6526 3418//6526
f 3421//6527 3412//6527 3418//6527
f 3421//6528 3418//6528 2950//6528
f 2952//6529 3421//6529 2950//6529
f 3422//6530 3412//6530 3421//6530
f 3422//6531 3421//6531 2952//6531
f 3408//6532 3412//6532 3422//6532
f 2948//6533 2950//6533 3420//6533
f 3422//6534 3423//6534 3408//6534
f 3423//6535 3422//6535 2952//6535
f 3410//6536 3408//6536 3423//6536
f 2952//6537 2954//6537 3423//6537
f 3410//6538 3423//6538 3424//6538
f 2954//6539 3424//6539 3423//6539
f 3424//6540 3255//6540 3410//6540
f 2954//6541 2976//6541 3424//6541
f 2994//6542 3255//6542 3424//6542
f 2994//6543 3424//6543 2976//6543
f 2948//6544 3420//6544 3425//6544
f 3419//6545 3425//6545 3420//6545
f 3426//6546 3425//6546 3419//6546
f 3419//6547 3417//6547 3426//6547
f 3425//6548 3427//6548 2948//6548
f 2948//6549 3427//6549 3428//6549
f 2946//6550 2948//6550 3428//6550
f 3427//6551 3425//6551 3429//6551
f 3429//6552 3425//6552 3426//6552
f 2947//6553 2946//6553 3428//6553
f 3428//6554 3427//6554 3430//6554
f 2947//6555 3428//6555 3430//6555
f 3427//6556 3429//6556 3431//6556
f 3430//6557 3427//6557 3431//6557
f 2947//6558 3430//6558 3432//6558
f 3433//6559 2947//6559 3432//6559
f 3430//6560 3434//6560 3432//6560
f 3434//6561 3433//6561 3432//6561
f 3435//6562 2947//6562 3433//6562
f 3433//6563 3434//6563 3435//6563
f 3435//6564 2945//6564 2947//6564
f 3429//6565 3436//6565 3431//6565
f 3431//6566 3437//6566 3430//6566
f 3437//6567 3434//6567 3430//6567
f 3436//6568 3429//6568 3438//6568
f 3429//6569 3426//6569 3438//6569
f 3439//6570 3431//6570 3436//6570
f 3436//6571 3438//6571 3439//6571
f 3440//6572 3437//6572 3431//6572
f 3439//6573 3440//6573 3431//6573
f 3437//6574 3441//6574 3434//6574
f 3437//6575 3440//6575 3441//6575
f 3434//6576 3441//6576 3442//6576
f 3440//6577 3443//6577 3441//6577
f 3443//6578 3442//6578 3441//6578
f 3444//6579 3434//6579 3442//6579
f 3435//6580 3434//6580 3444//6580
f 3445//6581 3442//6581 3443//6581
f 3440//6582 3445//6582 3443//6582
f 3444//6583 3442//6583 3446//6583
f 3446//6584 3442//6584 3445//6584
f 3446//6585 3447//6585 3444//6585
f 3435//6586 3444//6586 3448//6586
f 3444//6587 3447//6587 3448//6587
f 3448//6588 3449//6588 3435//6588
f 3448//6589 3450//6589 3449//6589
f 3447//6590 3450//6590 3448//6590
f 3451//6591 3435//6591 3449//6591
f 3451//6592 3449//6592 3450//6592
f 2945//6593 3435//6593 3451//6593
f 3451//6594 3452//6594 2945//6594
f 3452//6595 2938//6595 2945//6595
f 3452//6596 3451//6596 3453//6596
f 3450//6597 3453//6597 3451//6597
f 2938//6598 3452//6598 3453//6598
f 3447//6599 3454//6599 3450//6599
f 3450//6600 3455//6600 3453//6600
f 3454//6601 3455//6601 3450//6601
f 3456//6602 3453//6602 3455//6602
f 2938//6603 3453//6603 3456//6603
f 3455//6604 3454//6604 3457//6604
f 3455//6605 3458//6605 3456//6605
f 3457//6606 3458//6606 3455//6606
f 3459//6607 3456//6607 3458//6607
f 3460//6608 2938//6608 3456//6608
f 3456//6609 3459//6609 3460//6609
f 3461//6610 2938//6610 3460//6610
f 3461//6611 2930//6611 2938//6611
f 3461//6612 2919//6612 2930//6612
f 3461//6613 2913//6613 2919//6613
f 3462//6614 2913//6614 3461//6614
f 3462//6615 3461//6615 3460//6615
f 3462//6616 2912//6616 2913//6616
f 3459//6617 3463//6617 3460//6617
f 3460//6618 3463//6618 3462//6618
f 3464//6619 2912//6619 3462//6619
f 2906//6620 2912//6620 3464//6620
f 3462//6621 3463//6621 3465//6621
f 3462//6622 3465//6622 3464//6622
f 3464//6623 3466//6623 2906//6623
f 3464//6624 3465//6624 3466//6624
f 2904//6625 2906//6625 3466//6625
f 2904//6626 3466//6626 2907//6626
f 3467//6627 3465//6627 3463//6627
f 3466//6628 3465//6628 3467//6628
f 3467//6629 3463//6629 3468//6629
f 3468//6630 3463//6630 3459//6630
f 3467//6631 3469//6631 3466//6631
f 3468//6632 3469//6632 3467//6632
f 2907//6633 3466//6633 3470//6633
f 3470//6634 3466//6634 3469//6634
f 3459//6635 3471//6635 3468//6635
f 3468//6636 3471//6636 3469//6636
f 3459//6637 3458//6637 3471//6637
f 3472//6638 3471//6638 3458//6638
f 3457//6639 3472//6639 3458//6639
f 3473//6640 3469//6640 3471//6640
f 3473//6641 3471//6641 3472//6641
f 3474//6642 3472//6642 3457//6642
f 3474//6643 3473//6643 3472//6643
f 3473//6644 3475//6644 3469//6644
f 3475//6645 3473//6645 3474//6645
f 3476//6646 3469//6646 3475//6646
f 3470//6647 3469//6647 3476//6647
f 3476//6648 3475//6648 2734//6648
f 2734//6649 2733//6649 3476//6649
f 3475//6650 2735//6650 2734//6650
f 3474//6651 2735//6651 3475//6651
f 3476//6652 2733//6652 3477//6652
f 3476//6653 3477//6653 3470//6653
f 2732//6654 3477//6654 2733//6654
f 3470//6655 3477//6655 2907//6655
f 2732//6656 2898//6656 3477//6656
f 2907//6657 3477//6657 2898//6657
f 2735//6658 3474//6658 3478//6658
f 3478//6659 3474//6659 3479//6659
f 3474//6660 3457//6660 3479//6660
f 3480//6661 2735//6661 3478//6661
f 3479//6662 3457//6662 3481//6662
f 3457//6663 3454//6663 3481//6663
f 3479//6664 3482//6664 3478//6664
f 3478//6665 3482//6665 3480//6665
f 3479//6666 3481//6666 3482//6666
f 3454//6667 3483//6667 3481//6667
f 3483//6668 3482//6668 3481//6668
f 3447//6669 3483//6669 3454//6669
f 3484//6670 2735//6670 3480//6670
f 2735//6671 3484//6671 2726//6671
f 2725//6672 2726//6672 3484//6672
f 3480//6673 3485//6673 3484//6673
f 2725//6674 3484//6674 3485//6674
f 3480//6675 3482//6675 3485//6675
f 3486//6676 3483//6676 3447//6676
f 3486//6677 3447//6677 3446//6677
f 3487//6678 3482//6678 3483//6678
f 3486//6679 3487//6679 3483//6679
f 3485//6680 3482//6680 3488//6680
f 3486//6681 3446//6681 3489//6681
f 3490//6682 3488//6682 3482//6682
f 3487//6683 3490//6683 3482//6683
f 3491//6684 3487//6684 3486//6684
f 3491//6685 3486//6685 3489//6685
f 3446//6686 3445//6686 3489//6686
f 3487//6687 3491//6687 3492//6687
f 3493//6688 3490//6688 3487//6688
f 3487//6689 3492//6689 3493//6689
f 3494//6690 3492//6690 3491//6690
f 3494//6691 3491//6691 3489//6691
f 3495//6692 3492//6692 3494//6692
f 3493//6693 3492//6693 3495//6693
f 3496//6694 3494//6694 3489//6694
f 3489//6695 3445//6695 3496//6695
f 3497//6696 3494//6696 3496//6696
f 3494//6697 3497//6697 3495//6697
f 3445//6698 3498//6698 3496//6698
f 3497//6699 3496//6699 3498//6699
f 3445//6700 3499//6700 3498//6700
f 3440//6701 3499//6701 3445//6701
f 3497//6702 3498//6702 3500//6702
f 3501//6703 3499//6703 3440//6703
f 3495//6704 3497//6704 185//6704
f 185//6705 3497//6705 3500//6705
f 3495//6706 185//6706 176//6706
f 3498//6707 3499//6707 3502//6707
f 3498//6708 3502//6708 3500//6708
f 3500//6709 3503//6709 185//6709
f 3500//6710 3502//6710 3503//6710
f 179//6711 185//6711 3503//6711
f 179//6712 3503//6712 3504//6712
f 3504//6713 3503//6713 3502//6713
f 179//6714 3504//6714 182//6714
f 3499//6715 3505//6715 3502//6715
f 3504//6716 3502//6716 3505//6716
f 3505//6717 3499//6717 3501//6717
f 3504//6718 3506//6718 182//6718
f 183//6719 182//6719 3506//6719
f 3505//6720 3507//6720 3504//6720
f 3507//6721 3506//6721 3504//6721
f 3508//6722 183//6722 3506//6722
f 3507//6723 3508//6723 3506//6723
f 187//6724 183//6724 3508//6724
f 3507//6725 3505//6725 3509//6725
f 3509//6726 3505//6726 3501//6726
f 3508//6727 3510//6727 187//6727
f 187//6728 3510//6728 191//6728
f 3507//6729 3511//6729 3508//6729
f 3511//6730 3510//6730 3508//6730
f 3507//6731 3512//6731 3511//6731
f 3512//6732 3507//6732 3509//6732
f 3511//6733 3513//6733 3510//6733
f 3511//6734 3512//6734 3513//6734
f 191//6735 3510//6735 3514//6735
f 3514//6736 3510//6736 3513//6736
f 3513//6737 3512//6737 3515//6737
f 3514//6738 3513//6738 3515//6738
f 3512//6739 3509//6739 3516//6739
f 3515//6740 3512//6740 3516//6740
f 3516//6741 3509//6741 3517//6741
f 3518//6742 3517//6742 3509//6742
f 3509//6743 3501//6743 3518//6743
f 3519//6744 3516//6744 3517//6744
f 3516//6745 3520//6745 3515//6745
f 3519//6746 3520//6746 3516//6746
f 3520//6747 3521//6747 3515//6747
f 3521//6748 3514//6748 3515//6748
f 3520//6749 3519//6749 3522//6749
f 3521//6750 3520//6750 3523//6750
f 3523//6751 3514//6751 3521//6751
f 3520//6752 3522//6752 3523//6752
f 3519//6753 3517//6753 3524//6753
f 3522//6754 3519//6754 3524//6754
f 3517//6755 3518//6755 3524//6755
f 3524//6756 3525//6756 3522//6756
f 3526//6757 3524//6757 3518//6757
f 3526//6758 3525//6758 3524//6758
f 3527//6759 3526//6759 3518//6759
f 3518//6760 3439//6760 3527//6760
f 3526//6761 3527//6761 3439//6761
f 3518//6762 3501//6762 3439//6762
f 3440//6763 3439//6763 3501//6763
f 3526//6764 3439//6764 3528//6764
f 3528//6765 3439//6765 3438//6765
f 3526//6766 3528//6766 3529//6766
f 3528//6767 3438//6767 3529//6767
f 3529//6768 3525//6768 3526//6768
f 3426//6769 3529//6769 3438//6769
f 3522//6770 3525//6770 3530//6770
f 3525//6771 3529//6771 3530//6771
f 3529//6772 3426//6772 3531//6772
f 3531//6773 3426//6773 3417//6773
f 3417//6774 3414//6774 3531//6774
f 3414//6775 3392//6775 3531//6775
f 3529//6776 3531//6776 3532//6776
f 3532//6777 3531//6777 3392//6777
f 3392//6778 3533//6778 3532//6778
f 3532//6779 3533//6779 3529//6779
f 3392//6780 3387//6780 3533//6780
f 3534//6781 3529//6781 3533//6781
f 3534//6782 3530//6782 3529//6782
f 3535//6783 3533//6783 3387//6783
f 3536//6784 3534//6784 3533//6784
f 3530//6785 3534//6785 3536//6785
f 3533//6786 3535//6786 3536//6786
f 3385//6787 3535//6787 3387//6787
f 3530//6788 3536//6788 3537//6788
f 3537//6789 3536//6789 3535//6789
f 3385//6790 3538//6790 3535//6790
f 3538//6791 3537//6791 3535//6791
f 3385//6792 3386//6792 3538//6792
f 3539//6793 3530//6793 3537//6793
f 3539//6794 3522//6794 3530//6794
f 3523//6795 3522//6795 3539//6795
f 3540//6796 3539//6796 3537//6796
f 3541//6797 3537//6797 3538//6797
f 3540//6798 3537//6798 3541//6798
f 3538//6799 3386//6799 3542//6799
f 3538//6800 3542//6800 3541//6800
f 3541//6801 3543//6801 3540//6801
f 3539//6802 3540//6802 3544//6802
f 3544//6803 3523//6803 3539//6803
f 3545//6804 3541//6804 3542//6804
f 3543//6805 3541//6805 3545//6805
f 3542//6806 3386//6806 3546//6806
f 3546//6807 3545//6807 3542//6807
f 3547//6808 3543//6808 3545//6808
f 3540//6809 3543//6809 3547//6809
f 3545//6810 3546//6810 3548//6810
f 3547//6811 3545//6811 3548//6811
f 3546//6812 3386//6812 3549//6812
f 3549//6813 3386//6813 3376//6813
f 3546//6814 3549//6814 3550//6814
f 3548//6815 3546//6815 3550//6815
f 3376//6816 3551//6816 3549//6816
f 3550//6817 3549//6817 3551//6817
f 3376//6818 3373//6818 3551//6818
f 3374//6819 3551//6819 3373//6819
f 3374//6820 3550//6820 3551//6820
f 3374//6821 3552//6821 3550//6821
f 3553//6822 3548//6822 3550//6822
f 3552//6823 3553//6823 3550//6823
f 3548//6824 3553//6824 3554//6824
f 3554//6825 3553//6825 3555//6825
f 3553//6826 3552//6826 3555//6826
f 3554//6827 3556//6827 3548//6827
f 3556//6828 3554//6828 3555//6828
f 3374//6829 3557//6829 3552//6829
f 3374//6830 3369//6830 3557//6830
f 3552//6831 3558//6831 3555//6831
f 3552//6832 3557//6832 3559//6832
f 3552//6833 3559//6833 3558//6833
f 3369//6834 3560//6834 3557//6834
f 3369//6835 3371//6835 3560//6835
f 3561//6836 3559//6836 3557//6836
f 3561//6837 3558//6837 3559//6837
f 3557//6838 3560//6838 3562//6838
f 3557//6839 3562//6839 3561//6839
f 3563//6840 3560//6840 3371//6840
f 3562//6841 3560//6841 3563//6841
f 3371//6842 3564//6842 3563//6842
f 3561//6843 3562//6843 3565//6843
f 3561//6844 3565//6844 3558//6844
f 3563//6845 3566//6845 3562//6845
f 3567//6846 3565//6846 3562//6846
f 3562//6847 3566//6847 3567//6847
f 3568//6848 3566//6848 3563//6848
f 3568//6849 3563//6849 3564//6849
f 3567//6850 3566//6850 3569//6850
f 3570//6851 3566//6851 3568//6851
f 3570//6852 3569//6852 3566//6852
f 3567//6853 3571//6853 3565//6853
f 3558//6854 3565//6854 3571//6854
f 3567//6855 3569//6855 3572//6855
f 3572//6856 3571//6856 3567//6856
f 3573//6857 3569//6857 3570//6857
f 3573//6858 3572//6858 3569//6858
f 3568//6859 3574//6859 3570//6859
f 3570//6860 3575//6860 3573//6860
f 3570//6861 3574//6861 3575//6861
f 3568//6862 3576//6862 3574//6862
f 3564//6863 3576//6863 3568//6863
f 3577//6864 3575//6864 3574//6864
f 3578//6865 3572//6865 3573//6865
f 3573//6866 3575//6866 3579//6866
f 3573//6867 3579//6867 3578//6867
f 3580//6868 3579//6868 3575//6868
f 3580//6869 3575//6869 3577//6869
f 3577//6870 3574//6870 3581//6870
f 3581//6871 3574//6871 3576//6871
f 3582//6872 3580//6872 3577//6872
f 3583//6873 3577//6873 3581//6873
f 3582//6874 3577//6874 3583//6874
f 3583//6875 3581//6875 3584//6875
f 3584//6876 3581//6876 3576//6876
f 3585//6877 3582//6877 3583//6877
f 3584//6878 3586//6878 3583//6878
f 3585//6879 3583//6879 3586//6879
f 3587//6880 3580//6880 3582//6880
f 3585//6881 3587//6881 3582//6881
f 3588//6882 3580//6882 3587//6882
f 3580//6883 3588//6883 3579//6883
f 3589//6884 3587//6884 3585//6884
f 3588//6885 3587//6885 3590//6885
f 3589//6886 3590//6886 3587//6886
f 3579//6887 3588//6887 3591//6887
f 3578//6888 3579//6888 3591//6888
f 3591//6889 3588//6889 3592//6889
f 3590//6890 3592//6890 3588//6890
f 3578//6891 3591//6891 3593//6891
f 3578//6892 3593//6892 3572//6892
f 3592//6893 3594//6893 3591//6893
f 3593//6894 3591//6894 3594//6894
f 3595//6895 3592//6895 3590//6895
f 3596//6896 3572//6896 3593//6896
f 3596//6897 3571//6897 3572//6897
f 3597//6898 3596//6898 3593//6898
f 3598//6899 3571//6899 3596//6899
f 3571//6900 3598//6900 3558//6900
f 3596//6901 3599//6901 3598//6901
f 3599//6902 3596//6902 3597//6902
f 3600//6903 3558//6903 3598//6903
f 3598//6904 3599//6904 3601//6904
f 3598//6905 3601//6905 3600//6905
f 3602//6906 3558//6906 3600//6906
f 3600//6907 3601//6907 3602//6907
f 3602//6908 3555//6908 3558//6908
f 3556//6909 3555//6909 3602//6909
f 3599//6910 3597//6910 3603//6910
f 3603//6911 3601//6911 3599//6911
f 3597//6912 3593//6912 3604//6912
f 3594//6913 3604//6913 3593//6913
f 3603//6914 3597//6914 3605//6914
f 3606//6915 3597//6915 3604//6915
f 3606//6916 3605//6916 3597//6916
f 3607//6917 3604//6917 3594//6917
f 3607//6918 3606//6918 3604//6918
f 3594//6919 3608//6919 3607//6919
f 3609//6920 3606//6920 3607//6920
f 3610//6921 3608//6921 3594//6921
f 3610//6922 3594//6922 3592//6922
f 3607//6923 3608//6923 3611//6923
f 3607//6924 3611//6924 3609//6924
f 3610//6925 3592//6925 3595//6925
f 3612//6926 3608//6926 3610//6926
f 3610//6927 3595//6927 3612//6927
f 3611//6928 3608//6928 3612//6928
f 3595//6929 3613//6929 3612//6929
f 3614//6930 3611//6930 3612//6930
f 3612//6931 3613//6931 3614//6931
f 3615//6932 3609//6932 3611//6932
f 3616//6933 3611//6933 3614//6933
f 3616//6934 3615//6934 3611//6934
f 3617//6935 3609//6935 3615//6935
f 3617//6936 3615//6936 3616//6936
f 3617//6937 3618//6937 3609//6937
f 3619//6938 3614//6938 3613//6938
f 3619//6939 3616//6939 3614//6939
f 3617//6940 3616//6940 3620//6940
f 3620//6941 3618//6941 3617//6941
f 3621//6942 3620//6942 3616//6942
f 3622//6943 3621//6943 3616//6943
f 3622//6944 3616//6944 3619//6944
f 3620//6945 3621//6945 3623//6945
f 3622//6946 3624//6946 3621//6946
f 3621//6947 3624//6947 3623//6947
f 3620//6948 3623//6948 3625//6948
f 3620//6949 3625//6949 3618//6949
f 869//6950 3623//6950 3624//6950
f 3626//6951 3623//6951 869//6951
f 3626//6952 3625//6952 3623//6952
f 3626//6953 869//6953 867//6953
f 3618//6954 3625//6954 3627//6954
f 3626//6955 867//6955 3628//6955
f 3626//6956 3628//6956 3625//6956
f 867//6957 868//6957 3628//6957
f 3625//6958 3629//6958 3627//6958
f 3625//6959 3628//6959 3629//6959
f 3627//6960 3630//6960 3618//6960
f 3627//6961 3629//6961 3630//6961
f 3628//6962 3631//6962 3629//6962
f 3628//6963 868//6963 3631//6963
f 3629//6964 3631//6964 3632//6964
f 3631//6965 868//6965 3633//6965
f 3631//6966 3633//6966 3632//6966
f 3618//6967 3630//6967 3634//6967
f 3618//6968 3634//6968 3609//6968
f 3609//6969 3634//6969 3606//6969
f 3606//6970 3634//6970 3635//6970
f 3635//6971 3634//6971 3630//6971
f 3635//6972 3605//6972 3606//6972
f 3635//6973 3636//6973 3605//6973
f 3630//6974 3636//6974 3635//6974
f 3637//6975 3605//6975 3636//6975
f 3603//6976 3605//6976 3637//6976
f 3630//6977 3638//6977 3636//6977
f 3637//6978 3636//6978 3638//6978
f 3637//6979 3639//6979 3603//6979
f 3603//6980 3639//6980 3601//6980
f 3637//6981 3640//6981 3639//6981
f 3638//6982 3640//6982 3637//6982
f 3601//6983 3639//6983 3641//6983
f 3642//6984 3638//6984 3630//6984
f 3641//6985 3643//6985 3601//6985
f 3641//6986 3639//6986 3644//6986
f 3644//6987 3639//6987 3640//6987
f 3644//6988 3643//6988 3641//6988
f 3642//6989 3630//6989 3645//6989
f 3645//6990 3630//6990 3629//6990
f 3632//6991 3645//6991 3629//6991
f 3642//6992 3645//6992 3646//6992
f 3645//6993 3632//6993 3646//6993
f 3646//6994 3638//6994 3642//6994
f 3647//6995 3646//6995 3632//6995
f 3632//6996 3648//6996 3647//6996
f 3632//6997 3633//6997 3648//6997
f 3649//6998 3646//6998 3647//6998
f 3647//6999 3648//6999 3649//6999
f 3650//7000 3638//7000 3646//7000
f 3649//7001 3650//7001 3646//7001
f 3650//7002 3651//7002 3638//7002
f 3638//7003 3651//7003 3640//7003
f 3633//7004 3652//7004 3648//7004
f 3648//7005 3652//7005 3649//7005
f 3653//7006 3640//7006 3651//7006
f 3644//7007 3640//7007 3653//7007
f 3654//7008 3651//7008 3650//7008
f 3655//7009 3650//7009 3649//7009
f 3655//7010 3654//7010 3650//7010
f 3654//7011 3656//7011 3651//7011
f 3653//7012 3651//7012 3656//7012
f 3657//7013 3656//7013 3654//7013
f 3656//7014 3657//7014 3658//7014
f 3656//7015 3658//7015 3653//7015
f 3654//7016 3659//7016 3657//7016
f 3659//7017 3654//7017 3655//7017
f 3658//7018 3657//7018 3660//7018
f 3657//7019 3659//7019 3660//7019
f 3658//7020 3661//7020 3653//7020
f 3658//7021 3660//7021 3661//7021
f 3653//7022 3662//7022 3644//7022
f 3659//7023 3655//7023 3663//7023
f 3663//7024 3660//7024 3659//7024
f 3653//7025 3661//7025 3664//7025
f 3653//7026 3664//7026 3662//7026
f 3644//7027 3662//7027 3643//7027
f 3665//7028 3660//7028 3663//7028
f 3666//7029 3664//7029 3661//7029
f 3667//7030 3660//7030 3665//7030
f 3668//7031 3661//7031 3660//7031
f 3666//7032 3661//7032 3668//7032
f 3667//7033 3668//7033 3660//7033
f 3663//7034 3669//7034 3665//7034
f 3665//7035 3669//7035 3667//7035
f 3670//7036 3664//7036 3666//7036
f 3670//7037 3671//7037 3664//7037
f 3662//7038 3664//7038 3671//7038
f 3670//7039 3666//7039 3672//7039
f 3670//7040 3672//7040 3671//7040
f 3662//7041 3671//7041 3673//7041
f 3673//7042 3643//7042 3662//7042
f 3673//7043 3671//7043 3674//7043
f 3675//7044 3643//7044 3673//7044
f 3673//7045 3674//7045 3675//7045
f 3671//7046 3676//7046 3674//7046
f 3671//7047 3672//7047 3676//7047
f 3675//7048 3677//7048 3643//7048
f 3601//7049 3643//7049 3677//7049
f 3677//7050 3602//7050 3601//7050
f 3677//7051 3556//7051 3602//7051
f 3677//7052 3675//7052 3556//7052
f 3556//7053 3675//7053 3674//7053
f 3556//7054 3674//7054 3678//7054
f 3676//7055 3678//7055 3674//7055
f 3556//7056 3678//7056 3679//7056
f 3548//7057 3556//7057 3679//7057
f 3548//7058 3679//7058 3680//7058
f 3679//7059 3678//7059 3681//7059
f 3681//7060 3680//7060 3679//7060
f 3678//7061 3676//7061 3681//7061
f 3547//7062 3548//7062 3680//7062
f 3681//7063 3547//7063 3680//7063
f 3681//7064 3676//7064 3682//7064
f 3681//7065 3682//7065 3547//7065
f 3683//7066 3682//7066 3676//7066
f 3684//7067 3547//7067 3682//7067
f 3683//7068 3684//7068 3682//7068
f 3540//7069 3547//7069 3684//7069
f 3684//7070 3544//7070 3540//7070
f 3544//7071 3684//7071 3683//7071
f 3683//7072 3676//7072 3672//7072
f 3544//7073 3683//7073 3523//7073
f 3672//7074 3685//7074 3683//7074
f 3523//7075 3683//7075 3685//7075
f 3672//7076 3686//7076 3685//7076
f 3672//7077 3666//7077 3686//7077
f 3685//7078 3687//7078 3523//7078
f 3687//7079 3685//7079 3686//7079
f 3686//7080 3666//7080 3688//7080
f 3687//7081 3686//7081 3688//7081
f 3666//7082 3668//7082 3688//7082
f 3523//7083 3687//7083 3689//7083
f 3689//7084 3514//7084 3523//7084
f 3687//7085 3688//7085 3690//7085
f 3689//7086 3687//7086 3690//7086
f 3691//7087 3688//7087 3668//7087
f 3690//7088 3688//7088 3691//7088
f 3691//7089 3668//7089 3667//7089
f 3690//7090 3692//7090 3689//7090
f 3691//7091 3692//7091 3690//7091
f 3693//7092 3514//7092 3689//7092
f 3692//7093 3694//7093 3689//7093
f 3694//7094 3693//7094 3689//7094
f 3514//7095 3693//7095 3695//7095
f 3695//7096 3693//7096 3694//7096
f 191//7097 3514//7097 3695//7097
f 3695//7098 192//7098 191//7098
f 3694//7099 192//7099 3695//7099
f 192//7100 3694//7100 196//7100
f 196//7101 3694//7101 3692//7101
f 196//7102 3692//7102 3691//7102
f 3691//7103 3696//7103 196//7103
f 199//7104 196//7104 3696//7104
f 3696//7105 205//7105 199//7105
f 3697//7106 3696//7106 3691//7106
f 3697//7107 3691//7107 3667//7107
f 3698//7108 205//7108 3696//7108
f 3697//7109 3698//7109 3696//7109
f 3667//7110 3699//7110 3697//7110
f 3699//7111 3698//7111 3697//7111
f 3699//7112 3667//7112 3669//7112
f 3698//7113 3700//7113 205//7113
f 3698//7114 3699//7114 3701//7114
f 3698//7115 3701//7115 3700//7115
f 3701//7116 3699//7116 3669//7116
f 205//7117 3700//7117 221//7117
f 3700//7118 3701//7118 3702//7118
f 3700//7119 3702//7119 221//7119
f 3669//7120 3703//7120 3701//7120
f 3701//7121 3703//7121 3702//7121
f 3704//7122 3703//7122 3669//7122
f 221//7123 3702//7123 3705//7123
f 3702//7124 3703//7124 3705//7124
f 221//7125 3705//7125 3706//7125
f 222//7126 221//7126 3706//7126
f 3706//7127 3705//7127 222//7127
f 3707//7128 222//7128 3705//7128
f 233//7129 222//7129 3707//7129
f 3708//7130 3705//7130 3703//7130
f 3708//7131 3703//7131 3704//7131
f 3709//7132 3707//7132 3705//7132
f 3709//7133 3705//7133 3708//7133
f 3707//7134 3710//7134 233//7134
f 3710//7135 3707//7135 3709//7135
f 3710//7136 239//7136 233//7136
f 505//7137 239//7137 3710//7137
f 3709//7138 3711//7138 3710//7138
f 3710//7139 3711//7139 505//7139
f 3708//7140 3712//7140 3709//7140
f 3709//7141 3712//7141 3711//7141
f 3708//7142 3704//7142 3712//7142
f 3711//7143 3713//7143 505//7143
f 3712//7144 3713//7144 3711//7144
f 3712//7145 3704//7145 3714//7145
f 505//7146 3713//7146 3715//7146
f 505//7147 3715//7147 3716//7147
f 504//7148 505//7148 3716//7148
f 504//7149 3716//7149 3717//7149
f 3715//7150 3717//7150 3716//7150
f 3717//7151 506//7151 504//7151
f 3714//7152 3704//7152 3718//7152
f 3714//7153 3719//7153 3712//7153
f 3718//7154 3719//7154 3714//7154
f 3712//7155 3719//7155 3720//7155
f 3712//7156 3720//7156 3713//7156
f 3721//7157 3713//7157 3720//7157
f 3713//7158 3721//7158 3715//7158
f 3722//7159 3720//7159 3719//7159
f 3721//7160 3720//7160 3722//7160
f 3722//7161 3719//7161 3723//7161
f 3718//7162 3723//7162 3719//7162
f 3718//7163 3649//7163 3723//7163
f 3718//7164 3655//7164 3649//7164
f 3723//7165 3649//7165 3652//7165
f 3722//7166 3723//7166 3652//7166
f 3724//7167 3655//7167 3718//7167
f 3718//7168 3704//7168 3724//7168
f 3724//7169 3663//7169 3655//7169
f 3704//7170 3669//7170 3724//7170
f 3669//7171 3663//7171 3724//7171
f 3652//7172 3725//7172 3722//7172
f 3722//7173 3725//7173 3721//7173
f 3726//7174 3725//7174 3652//7174
f 859//7175 3721//7175 3725//7175
f 859//7176 3725//7176 3726//7176
f 3726//7177 3652//7177 3633//7177
f 855//7178 859//7178 3726//7178
f 3721//7179 859//7179 857//7179
f 855//7180 3726//7180 3727//7180
f 3726//7181 3633//7181 3727//7181
f 3727//7182 860//7182 855//7182
f 868//7183 3727//7183 3633//7183
f 868//7184 860//7184 3727//7184
f 857//7185 3728//7185 3721//7185
f 3715//7186 3721//7186 3728//7186
f 857//7187 3715//7187 3728//7187
f 3715//7188 857//7188 3729//7188
f 3729//7189 857//7189 854//7189
f 3729//7190 3717//7190 3715//7190
f 3729//7191 854//7191 851//7191
f 3717//7192 3729//7192 3730//7192
f 3730//7193 3729//7193 851//7193
f 506//7194 3717//7194 3730//7194
f 506//7195 3730//7195 3731//7195
f 508//7196 506//7196 3731//7196
f 508//7197 3731//7197 515//7197
f 3731//7198 3730//7198 3732//7198
f 515//7199 3731//7199 3732//7199
f 851//7200 3732//7200 3730//7200
f 515//7201 3732//7201 535//7201
f 851//7202 3733//7202 3732//7202
f 3733//7203 535//7203 3732//7203
f 837//7204 3733//7204 851//7204
f 545//7205 535//7205 3733//7205
f 837//7206 545//7206 3733//7206
f 3734//7207 3735//7207 3736//7207
f 3734//7208 3736//7208 155//7208
f 3736//7209 3737//7209 155//7209
f 3737//7210 3736//7210 3735//7210
f 155//7211 3737//7211 153//7211
f 154//7212 153//7212 3737//7212
f 155//7213 3738//7213 3734//7213
f 155//7214 2643//7214 3738//7214
f 2642//7215 3738//7215 2643//7215
f 154//7216 3737//7216 3739//7216
f 3737//7217 3735//7217 3739//7217
f 3739//7218 3740//7218 154//7218
f 163//7219 154//7219 3740//7219
f 164//7220 163//7220 3740//7220
f 3741//7221 3738//7221 2642//7221
f 164//7222 3740//7222 3742//7222
f 3739//7223 3743//7223 3740//7223
f 3742//7224 3740//7224 3743//7224
f 3742//7225 173//7225 164//7225
f 3739//7226 3744//7226 3743//7226
f 3744//7227 3739//7227 3735//7227
f 3743//7228 3745//7228 3742//7228
f 3743//7229 3744//7229 3746//7229
f 3746//7230 3745//7230 3743//7230
f 3744//7231 3735//7231 3747//7231
f 3744//7232 3747//7232 3746//7232
f 3748//7233 3747//7233 3735//7233
f 3748//7234 3735//7234 3734//7234
f 3742//7235 3745//7235 3749//7235
f 3742//7236 3749//7236 173//7236
f 3734//7237 3750//7237 3748//7237
f 3734//7238 3738//7238 3750//7238
f 3741//7239 3750//7239 3738//7239
f 3748//7240 3750//7240 3751//7240
f 3741//7241 3751//7241 3750//7241
f 3748//7242 3751//7242 3752//7242
f 3752//7243 3747//7243 3748//7243
f 3753//7244 3751//7244 3741//7244
f 3752//7245 3754//7245 3747//7245
f 3746//7246 3747//7246 3754//7246
f 3752//7247 3751//7247 3755//7247
f 3753//7248 3755//7248 3751//7248
f 3752//7249 3755//7249 3754//7249
f 3746//7250 3754//7250 3756//7250
f 3756//7251 3745//7251 3746//7251
f 3756//7252 3754//7252 3757//7252
f 3754//7253 3755//7253 3757//7253
f 3745//7254 3756//7254 3758//7254
f 3758//7255 3749//7255 3745//7255
f 3759//7256 3758//7256 3756//7256
f 3756//7257 3757//7257 3759//7257
f 3760//7258 3749//7258 3758//7258
f 3758//7259 3759//7259 3760//7259
f 3749//7260 3760//7260 173//7260
f 3761//7261 173//7261 3760//7261
f 3761//7262 3760//7262 3759//7262
f 173//7263 3761//7263 175//7263
f 3759//7264 3757//7264 3762//7264
f 3759//7265 3762//7265 3763//7265
f 3757//7266 3764//7266 3762//7266
f 3763//7267 3762//7267 3764//7267
f 3759//7268 3765//7268 3761//7268
f 3759//7269 3763//7269 3765//7269
f 3766//7270 3761//7270 3765//7270
f 3766//7271 175//7271 3761//7271
f 3763//7272 3767//7272 3765//7272
f 3765//7273 3767//7273 3766//7273
f 3768//7274 175//7274 3766//7274
f 3769//7275 3766//7275 3767//7275
f 3768//7276 3766//7276 3769//7276
f 3770//7277 175//7277 3768//7277
f 3769//7278 3770//7278 3768//7278
f 3771//7279 175//7279 3770//7279
f 175//7280 3771//7280 174//7280
f 176//7281 174//7281 3771//7281
f 3771//7282 3772//7282 176//7282
f 3770//7283 3772//7283 3771//7283
f 176//7284 3772//7284 3495//7284
f 3772//7285 3493//7285 3495//7285
f 3772//7286 3770//7286 3493//7286
f 3770//7287 3769//7287 3493//7287
f 3490//7288 3493//7288 3769//7288
f 3488//7289 3490//7289 3769//7289
f 3769//7290 3773//7290 3488//7290
f 3485//7291 3488//7291 3773//7291
f 3773//7292 3769//7292 3774//7292
f 3767//7293 3774//7293 3769//7293
f 3485//7294 3773//7294 3775//7294
f 3775//7295 2725//7295 3485//7295
f 3773//7296 3774//7296 3776//7296
f 3773//7297 3776//7297 3775//7297
f 3777//7298 2725//7298 3775//7298
f 3776//7299 3777//7299 3775//7299
f 2722//7300 2725//7300 3777//7300
f 3777//7301 2723//7301 2722//7301
f 2723//7302 3777//7302 3776//7302
f 3767//7303 3778//7303 3774//7303
f 3767//7304 3763//7304 3778//7304
f 3779//7305 3776//7305 3774//7305
f 3774//7306 3778//7306 3779//7306
f 3780//7307 3778//7307 3763//7307
f 3780//7308 3779//7308 3778//7308
f 3764//7309 3780//7309 3763//7309
f 3781//7310 3776//7310 3779//7310
f 3776//7311 3782//7311 2723//7311
f 3776//7312 3781//7312 3782//7312
f 3779//7313 3783//7313 3781//7313
f 3783//7314 3779//7314 3780//7314
f 3781//7315 3783//7315 3782//7315
f 2723//7316 3782//7316 3784//7316
f 2723//7317 3784//7317 2711//7317
f 3782//7318 3785//7318 3784//7318
f 3784//7319 3785//7319 2711//7319
f 3786//7320 3782//7320 3783//7320
f 3785//7321 3782//7321 3786//7321
f 3787//7322 3783//7322 3780//7322
f 3786//7323 3783//7323 3787//7323
f 3787//7324 3780//7324 3764//7324
f 3788//7325 3785//7325 3786//7325
f 3787//7326 3788//7326 3786//7326
f 3789//7327 2711//7327 3785//7327
f 2701//7328 2711//7328 3789//7328
f 3790//7329 3787//7329 3764//7329
f 3788//7330 3787//7330 3790//7330
f 3790//7331 3764//7331 3757//7331
f 3757//7332 3755//7332 3790//7332
f 3789//7333 3785//7333 3791//7333
f 3788//7334 3791//7334 3785//7334
f 3792//7335 2701//7335 3789//7335
f 3789//7336 3791//7336 3792//7336
f 3792//7337 2665//7337 2701//7337
f 3792//7338 3793//7338 2665//7338
f 3791//7339 3793//7339 3792//7339
f 2654//7340 2665//7340 3793//7340
f 3794//7341 3791//7341 3788//7341
f 3790//7342 3794//7342 3788//7342
f 3790//7343 3755//7343 3794//7343
f 3794//7344 3795//7344 3791//7344
f 3791//7345 3795//7345 3793//7345
f 3794//7346 3755//7346 3796//7346
f 3795//7347 3794//7347 3796//7347
f 3796//7348 3755//7348 3753//7348
f 3797//7349 3795//7349 3796//7349
f 3797//7350 3796//7350 3753//7350
f 3793//7351 3795//7351 3797//7351
f 3741//7352 3797//7352 3753//7352
f 3793//7353 3797//7353 3798//7353
f 3741//7354 3798//7354 3797//7354
f 3793//7355 3798//7355 2654//7355
f 2642//7356 3798//7356 3741//7356
f 2654//7357 3798//7357 2642//7357
f 3799//7358 3800//7358 3801//7358
f 3799//7359 3802//7359 3800//7359
f 3799//7360 3801//7360 3803//7360
f 3804//7361 3799//7361 3803//7361
f 3802//7362 3799//7362 3804//7362
f 3803//7363 3801//7363 3805//7363
f 3801//7364 3800//7364 3806//7364
f 3803//7365 3807//7365 3804//7365
f 3807//7366 3803//7366 3805//7366
f 3807//7367 3808//7367 3804//7367
f 3806//7368 3800//7368 3809//7368
f 3809//7369 3800//7369 3802//7369
f 3810//7370 3801//7370 3806//7370
f 3801//7371 3810//7371 3805//7371
f 3808//7372 3807//7372 3811//7372
f 3812//7373 3807//7373 3805//7373
f 3812//7374 3811//7374 3807//7374
f 3805//7375 3810//7375 3813//7375
f 3814//7376 3812//7376 3805//7376
f 3814//7377 3805//7377 3813//7377
f 3813//7378 3810//7378 3815//7378
f 3815//7379 3810//7379 3806//7379
f 3816//7380 3815//7380 3806//7380
f 3816//7381 3817//7381 3815//7381
f 3806//7382 3817//7382 3816//7382
f 3806//7383 3809//7383 3818//7383
f 3806//7384 3818//7384 3817//7384
f 3818//7385 3809//7385 3819//7385
f 3802//7386 3819//7386 3809//7386
f 3813//7387 3815//7387 3820//7387
f 3817//7388 3820//7388 3815//7388
f 3819//7389 3802//7389 3821//7389
f 3819//7390 3822//7390 3818//7390
f 3819//7391 3821//7391 3822//7391
f 3821//7392 3802//7392 3823//7392
f 3802//7393 3804//7393 3823//7393
f 3824//7394 3821//7394 3823//7394
f 3825//7395 3823//7395 3804//7395
f 3808//7396 3825//7396 3804//7396
f 3825//7397 3826//7397 3823//7397
f 3826//7398 3824//7398 3823//7398
f 3808//7399 3827//7399 3825//7399
f 3808//7400 3811//7400 3827//7400
f 3825//7401 3827//7401 3828//7401
f 3828//7402 3826//7402 3825//7402
f 3827//7403 3811//7403 3829//7403
f 3827//7404 3830//7404 3828//7404
f 3827//7405 3829//7405 3830//7405
f 3831//7406 3829//7406 3811//7406
f 3812//7407 3831//7407 3811//7407
f 3832//7408 3830//7408 3829//7408
f 3833//7409 3826//7409 3828//7409
f 3834//7410 3832//7410 3829//7410
f 3831//7411 3834//7411 3829//7411
f 3835//7412 3828//7412 3830//7412
f 3835//7413 3833//7413 3828//7413
f 3836//7414 3830//7414 3832//7414
f 3835//7415 3830//7415 3836//7415
f 3837//7416 3832//7416 3834//7416
f 3834//7417 3831//7417 3837//7417
f 3838//7418 3836//7418 3832//7418
f 3837//7419 3839//7419 3832//7419
f 3839//7420 3838//7420 3832//7420
f 3837//7421 3831//7421 3840//7421
f 3837//7422 3840//7422 3839//7422
f 3839//7423 3840//7423 3841//7423
f 3842//7424 3838//7424 3839//7424
f 3838//7425 3842//7425 3836//7425
f 3839//7426 3841//7426 3842//7426
f 3843//7427 3841//7427 3840//7427
f 3841//7428 3843//7428 3842//7428
f 3836//7429 3842//7429 3844//7429
f 3842//7430 3843//7430 3844//7430
f 3844//7431 3835//7431 3836//7431
f 3843//7432 3840//7432 3845//7432
f 3845//7433 3840//7433 3831//7433
f 3843//7434 3846//7434 3844//7434
f 3845//7435 3846//7435 3843//7435
f 3831//7436 3847//7436 3845//7436
f 3844//7437 3846//7437 3848//7437
f 3848//7438 3835//7438 3844//7438
f 3849//7439 3846//7439 3845//7439
f 3845//7440 3847//7440 3849//7440
f 3831//7441 3812//7441 3847//7441
f 3846//7442 3849//7442 3850//7442
f 3851//7443 3848//7443 3846//7443
f 3851//7444 3846//7444 3850//7444
f 3852//7445 3849//7445 3847//7445
f 3852//7446 3850//7446 3849//7446
f 3812//7447 3853//7447 3847//7447
f 3847//7448 3853//7448 3852//7448
f 3854//7449 3850//7449 3852//7449
f 3853//7450 3854//7450 3852//7450
f 3850//7451 3855//7451 3851//7451
f 3856//7452 3853//7452 3812//7452
f 3853//7453 3856//7453 3854//7453
f 3856//7454 3812//7454 3857//7454
f 3857//7455 3812//7455 3814//7455
f 3855//7456 3850//7456 3858//7456
f 3858//7457 3850//7457 3854//7457
f 3855//7458 3859//7458 3851//7458
f 3859//7459 3848//7459 3851//7459
f 3857//7460 3814//7460 3860//7460
f 3857//7461 3860//7461 3856//7461
f 3856//7462 3860//7462 3861//7462
f 3856//7463 3861//7463 3854//7463
f 3814//7464 3862//7464 3860//7464
f 3861//7465 3860//7465 3862//7465
f 3863//7466 3862//7466 3814//7466
f 3863//7467 3814//7467 3813//7467
f 3861//7468 3862//7468 3864//7468
f 3813//7469 3865//7469 3863//7469
f 3865//7470 3862//7470 3863//7470
f 3866//7471 3865//7471 3813//7471
f 3862//7472 3865//7472 3867//7472
f 3866//7473 3867//7473 3865//7473
f 3862//7474 3868//7474 3864//7474
f 3862//7475 3867//7475 3868//7475
f 3820//7476 3866//7476 3813//7476
f 3866//7477 3869//7477 3867//7477
f 3868//7478 3867//7478 3869//7478
f 3866//7479 3820//7479 3870//7479
f 3870//7480 3869//7480 3866//7480
f 3871//7481 3864//7481 3868//7481
f 3871//7482 3861//7482 3864//7482
f 3872//7483 3871//7483 3868//7483
f 3869//7484 3873//7484 3868//7484
f 3868//7485 3873//7485 3872//7485
f 3870//7486 3874//7486 3869//7486
f 3875//7487 3869//7487 3874//7487
f 3873//7488 3869//7488 3875//7488
f 3870//7489 3875//7489 3874//7489
f 3873//7490 3876//7490 3872//7490
f 3872//7491 3876//7491 3871//7491
f 3876//7492 3873//7492 3877//7492
f 3875//7493 3877//7493 3873//7493
f 3878//7494 3875//7494 3870//7494
f 3877//7495 3879//7495 3876//7495
f 3880//7496 3877//7496 3875//7496
f 3880//7497 3879//7497 3877//7497
f 3880//7498 3875//7498 3881//7498
f 3878//7499 3881//7499 3875//7499
f 3879//7500 3880//7500 3882//7500
f 3881//7501 3882//7501 3880//7501
f 3883//7502 3881//7502 3878//7502
f 3883//7503 3882//7503 3881//7503
f 3870//7504 3883//7504 3878//7504
f 3884//7505 3876//7505 3879//7505
f 3884//7506 3871//7506 3876//7506
f 3885//7507 3879//7507 3882//7507
f 3884//7508 3879//7508 3885//7508
f 3882//7509 3886//7509 3885//7509
f 3882//7510 3883//7510 3886//7510
f 3885//7511 3887//7511 3884//7511
f 3887//7512 3885//7512 3886//7512
f 3884//7513 3888//7513 3871//7513
f 3886//7514 3889//7514 3887//7514
f 3883//7515 3889//7515 3886//7515
f 3890//7516 3884//7516 3887//7516
f 3890//7517 3888//7517 3884//7517
f 3887//7518 3891//7518 3890//7518
f 3891//7519 3887//7519 3889//7519
f 3890//7520 3892//7520 3888//7520
f 3871//7521 3888//7521 3892//7521
f 3891//7522 3893//7522 3890//7522
f 3892//7523 3890//7523 3893//7523
f 3892//7524 3894//7524 3871//7524
f 3871//7525 3894//7525 3861//7525
f 3894//7526 3854//7526 3861//7526
f 3854//7527 3894//7527 3895//7527
f 3895//7528 3894//7528 3892//7528
f 3892//7529 3893//7529 3896//7529
f 3896//7530 3895//7530 3892//7530
f 3895//7531 3858//7531 3854//7531
f 3896//7532 3893//7532 3897//7532
f 3891//7533 3897//7533 3893//7533
f 3896//7534 3898//7534 3895//7534
f 3896//7535 3897//7535 3898//7535
f 3895//7536 3899//7536 3858//7536
f 3899//7537 3895//7537 3898//7537
f 3898//7538 3897//7538 3900//7538
f 3900//7539 3899//7539 3898//7539
f 3897//7540 3891//7540 3901//7540
f 3897//7541 3901//7541 3900//7541
f 3858//7542 3899//7542 3902//7542
f 3900//7543 3903//7543 3899//7543
f 3903//7544 3902//7544 3899//7544
f 3904//7545 3858//7545 3902//7545
f 3904//7546 3855//7546 3858//7546
f 3904//7547 3859//7547 3855//7547
f 3905//7548 3904//7548 3902//7548
f 3903//7549 3905//7549 3902//7549
f 3904//7550 3906//7550 3859//7550
f 3904//7551 3905//7551 3906//7551
f 3907//7552 3905//7552 3903//7552
f 3900//7553 3907//7553 3903//7553
f 3906//7554 3905//7554 3908//7554
f 3908//7555 3905//7555 3907//7555
f 3859//7556 3906//7556 3909//7556
f 3848//7557 3859//7557 3909//7557
f 3906//7558 3908//7558 3910//7558
f 3908//7559 3907//7559 3910//7559
f 3909//7560 3906//7560 3910//7560
f 3907//7561 3900//7561 3911//7561
f 3911//7562 3910//7562 3907//7562
f 3909//7563 3835//7563 3848//7563
f 3901//7564 3911//7564 3900//7564
f 3909//7565 3910//7565 3912//7565
f 3835//7566 3909//7566 3912//7566
f 3912//7567 3913//7567 3835//7567
f 3835//7568 3913//7568 3914//7568
f 3915//7569 3913//7569 3912//7569
f 3914//7570 3913//7570 3915//7570
f 3833//7571 3835//7571 3914//7571
f 3910//7572 3916//7572 3912//7572
f 3912//7573 3916//7573 3915//7573
f 3916//7574 3910//7574 3917//7574
f 3910//7575 3911//7575 3917//7575
f 3917//7576 3911//7576 3918//7576
f 3911//7577 3901//7577 3918//7577
f 3901//7578 3919//7578 3918//7578
f 3918//7579 3919//7579 3917//7579
f 3901//7580 3920//7580 3919//7580
f 3921//7581 3917//7581 3919//7581
f 3919//7582 3920//7582 3921//7582
f 3901//7583 3922//7583 3920//7583
f 3891//7584 3922//7584 3901//7584
f 3922//7585 3891//7585 3889//7585
f 3922//7586 3923//7586 3920//7586
f 3889//7587 3924//7587 3922//7587
f 3925//7588 3923//7588 3922//7588
f 3925//7589 3922//7589 3924//7589
f 3926//7590 3924//7590 3889//7590
f 3925//7591 3927//7591 3923//7591
f 3927//7592 3920//7592 3923//7592
f 3889//7593 3883//7593 3926//7593
f 3927//7594 3928//7594 3920//7594
f 3929//7595 3925//7595 3924//7595
f 3930//7596 3927//7596 3925//7596
f 3929//7597 3930//7597 3925//7597
f 3926//7598 3931//7598 3924//7598
f 3924//7599 3931//7599 3929//7599
f 3927//7600 3932//7600 3928//7600
f 3932//7601 3927//7601 3930//7601
f 3920//7602 3928//7602 3933//7602
f 3932//7603 3933//7603 3928//7603
f 3920//7604 3933//7604 3934//7604
f 3934//7605 3921//7605 3920//7605
f 3935//7606 3934//7606 3933//7606
f 3921//7607 3934//7607 3936//7607
f 3935//7608 3936//7608 3934//7608
f 3921//7609 3936//7609 3917//7609
f 3933//7610 3937//7610 3935//7610
f 3932//7611 3937//7611 3933//7611
f 3936//7612 3935//7612 3938//7612
f 3917//7613 3936//7613 3939//7613
f 3939//7614 3936//7614 3938//7614
f 3939//7615 3940//7615 3917//7615
f 3938//7616 3940//7616 3939//7616
f 3940//7617 3941//7617 3917//7617
f 3917//7618 3941//7618 3942//7618
f 3941//7619 3940//7619 3943//7619
f 3943//7620 3942//7620 3941//7620
f 3942//7621 3916//7621 3917//7621
f 3944//7622 3943//7622 3940//7622
f 3942//7623 3943//7623 3944//7623
f 3916//7624 3942//7624 3945//7624
f 3915//7625 3916//7625 3945//7625
f 3946//7626 3945//7626 3942//7626
f 3942//7627 3944//7627 3946//7627
f 3947//7628 3915//7628 3945//7628
f 3947//7629 3945//7629 3946//7629
f 3946//7630 3944//7630 3948//7630
f 3948//7631 3947//7631 3946//7631
f 3940//7632 3949//7632 3944//7632
f 3949//7633 3940//7633 3938//7633
f 3948//7634 3944//7634 3950//7634
f 3944//7635 3949//7635 3950//7635
f 3951//7636 3947//7636 3948//7636
f 3950//7637 3952//7637 3948//7637
f 3952//7638 3951//7638 3948//7638
f 3953//7639 3950//7639 3949//7639
f 3952//7640 3950//7640 3953//7640
f 3954//7641 3953//7641 3949//7641
f 3953//7642 3955//7642 3952//7642
f 3955//7643 3953//7643 3954//7643
f 3956//7644 3951//7644 3952//7644
f 3957//7645 3956//7645 3952//7645
f 3958//7646 3952//7646 3955//7646
f 3958//7647 3957//7647 3952//7647
f 3955//7648 3959//7648 3958//7648
f 3959//7649 3955//7649 3954//7649
f 3958//7650 3960//7650 3957//7650
f 3961//7651 3958//7651 3959//7651
f 3960//7652 3958//7652 3961//7652
f 3962//7653 3957//7653 3960//7653
f 3962//7654 3960//7654 3961//7654
f 1288//7655 3956//7655 3957//7655
f 1288//7656 3951//7656 3956//7656
f 3957//7657 3963//7657 1288//7657
f 3962//7658 3963//7658 3957//7658
f 1288//7659 1286//7659 3951//7659
f 1288//7660 3963//7660 3964//7660
f 3964//7661 3963//7661 3962//7661
f 1288//7662 3964//7662 1287//7662
f 3964//7663 1290//7663 1287//7663
f 1286//7664 3965//7664 3951//7664
f 3964//7665 3966//7665 1290//7665
f 3962//7666 3966//7666 3964//7666
f 1293//7667 1290//7667 3966//7667
f 3962//7668 3967//7668 3966//7668
f 1293//7669 3966//7669 3967//7669
f 3961//7670 3967//7670 3962//7670
f 3951//7671 3965//7671 3947//7671
f 1279//7672 3965//7672 1286//7672
f 3965//7673 3968//7673 3947//7673
f 3968//7674 3915//7674 3947//7674
f 1279//7675 3969//7675 3965//7675
f 3969//7676 3968//7676 3965//7676
f 3915//7677 3968//7677 3970//7677
f 3969//7678 3970//7678 3968//7678
f 3915//7679 3970//7679 3914//7679
f 3969//7680 1279//7680 3971//7680
f 3971//7681 3970//7681 3969//7681
f 3914//7682 3970//7682 3972//7682
f 3971//7683 3972//7683 3970//7683
f 3972//7684 3833//7684 3914//7684
f 3973//7685 3971//7685 1279//7685
f 1278//7686 3973//7686 1279//7686
f 3974//7687 3972//7687 3971//7687
f 3974//7688 3833//7688 3972//7688
f 3973//7689 1278//7689 1275//7689
f 3971//7690 3975//7690 3974//7690
f 3973//7691 3975//7691 3971//7691
f 3976//7692 3833//7692 3974//7692
f 3826//7693 3833//7693 3976//7693
f 3974//7694 3975//7694 3977//7694
f 3974//7695 3977//7695 3976//7695
f 3978//7696 3975//7696 3973//7696
f 3975//7697 3978//7697 3977//7697
f 3973//7698 1275//7698 3978//7698
f 3976//7699 3979//7699 3826//7699
f 3826//7700 3979//7700 3824//7700
f 3980//7701 3979//7701 3976//7701
f 3981//7702 3824//7702 3979//7702
f 3981//7703 3979//7703 3980//7703
f 3980//7704 3976//7704 3982//7704
f 3982//7705 3976//7705 3977//7705
f 3980//7706 3982//7706 3981//7706
f 3978//7707 3983//7707 3977//7707
f 3977//7708 3983//7708 3982//7708
f 3978//7709 3984//7709 3983//7709
f 3978//7710 1275//7710 3984//7710
f 3985//7711 3982//7711 3983//7711
f 3983//7712 3984//7712 3985//7712
f 3986//7713 3984//7713 1275//7713
f 3984//7714 3986//7714 3985//7714
f 1270//7715 3986//7715 1275//7715
f 2588//7716 3986//7716 1270//7716
f 3985//7717 3986//7717 3987//7717
f 2588//7718 3987//7718 3986//7718
f 3985//7719 3987//7719 3988//7719
f 3989//7720 3982//7720 3985//7720
f 3988//7721 3989//7721 3985//7721
f 3988//7722 3987//7722 3990//7722
f 3988//7723 3990//7723 3989//7723
f 3991//7724 3987//7724 2588//7724
f 3991//7725 3990//7725 3987//7725
f 2583//7726 3991//7726 2588//7726
f 3989//7727 3992//7727 3982//7727
f 3992//7728 3981//7728 3982//7728
f 3989//7729 3990//7729 3993//7729
f 3994//7730 3992//7730 3989//7730
f 3993//7731 3994//7731 3989//7731
f 3993//7732 3990//7732 3995//7732
f 3990//7733 3991//7733 3995//7733
f 3993//7734 3996//7734 3994//7734
f 3994//7735 3997//7735 3992//7735
f 3997//7736 3994//7736 3996//7736
f 3998//7737 3981//7737 3992//7737
f 3998//7738 3992//7738 3997//7738
f 3981//7739 3998//7739 3999//7739
f 3999//7740 3824//7740 3981//7740
f 4000//7741 3998//7741 3997//7741
f 3997//7742 3996//7742 4000//7742
f 3999//7743 3998//7743 4001//7743
f 3998//7744 4000//7744 4001//7744
f 3999//7745 4002//7745 3824//7745
f 4001//7746 4002//7746 3999//7746
f 3821//7747 3824//7747 4002//7747
f 4003//7748 3821//7748 4002//7748
f 4003//7749 3822//7749 3821//7749
f 4002//7750 4001//7750 4004//7750
f 4004//7751 4003//7751 4002//7751
f 4005//7752 4004//7752 4001//7752
f 4003//7753 4004//7753 4006//7753
f 4003//7754 4006//7754 3822//7754
f 4007//7755 4006//7755 4004//7755
f 4007//7756 4004//7756 4005//7756
f 4008//7757 3822//7757 4006//7757
f 4006//7758 4007//7758 4008//7758
f 4001//7759 4000//7759 4009//7759
f 4001//7760 4009//7760 4005//7760
f 4000//7761 4010//7761 4009//7761
f 4000//7762 3996//7762 4010//7762
f 4011//7763 4007//7763 4005//7763
f 4012//7764 4007//7764 4011//7764
f 4012//7765 4008//7765 4007//7765
f 4013//7766 4011//7766 4005//7766
f 4013//7767 4012//7767 4011//7767
f 4014//7768 4005//7768 4009//7768
f 4013//7769 4005//7769 4014//7769
f 4009//7770 4015//7770 4014//7770
f 4009//7771 4010//7771 4015//7771
f 4016//7772 4013//7772 4014//7772
f 4010//7773 4017//7773 4015//7773
f 3996//7774 4017//7774 4010//7774
f 4018//7775 4014//7775 4015//7775
f 4016//7776 4014//7776 4018//7776
f 4015//7777 4017//7777 4018//7777
f 4016//7778 4019//7778 4013//7778
f 4019//7779 4012//7779 4013//7779
f 4016//7780 4018//7780 4020//7780
f 4016//7781 4020//7781 4019//7781
f 4021//7782 4018//7782 4017//7782
f 4018//7783 4021//7783 4020//7783
f 3996//7784 4022//7784 4017//7784
f 3993//7785 4022//7785 3996//7785
f 3993//7786 3995//7786 4022//7786
f 3995//7787 4023//7787 4022//7787
f 3995//7788 3991//7788 4023//7788
f 4024//7789 4017//7789 4022//7789
f 4024//7790 4022//7790 4023//7790
f 4025//7791 4017//7791 4024//7791
f 4021//7792 4017//7792 4025//7792
f 4023//7793 4026//7793 4024//7793
f 4024//7794 4026//7794 4025//7794
f 3991//7795 4027//7795 4023//7795
f 4023//7796 4027//7796 4026//7796
f 3991//7797 4028//7797 4027//7797
f 2583//7798 4028//7798 3991//7798
f 2583//7799 2580//7799 4028//7799
f 4028//7800 2580//7800 4029//7800
f 4029//7801 4027//7801 4028//7801
f 2580//7802 2576//7802 4029//7802
f 4027//7803 4029//7803 4030//7803
f 4027//7804 4030//7804 4026//7804
f 4029//7805 2576//7805 4031//7805
f 4031//7806 4030//7806 4029//7806
f 2563//7807 4031//7807 2576//7807
f 4026//7808 4030//7808 4032//7808
f 4031//7809 4032//7809 4030//7809
f 4033//7810 4031//7810 2563//7810
f 4034//7811 4033//7811 2563//7811
f 2554//7812 4034//7812 2563//7812
f 4033//7813 4035//7813 4031//7813
f 4035//7814 4032//7814 4031//7814
f 4034//7815 4036//7815 4033//7815
f 4034//7816 2554//7816 4036//7816
f 4033//7817 4036//7817 4035//7817
f 4036//7818 2554//7818 4037//7818
f 2554//7819 2549//7819 4037//7819
f 4037//7820 2549//7820 4038//7820
f 4036//7821 4037//7821 4038//7821
f 2432//7822 4038//7822 2549//7822
f 4035//7823 4036//7823 4039//7823
f 2432//7824 4040//7824 4038//7824
f 4036//7825 4038//7825 4041//7825
f 4038//7826 4040//7826 4041//7826
f 4042//7827 4039//7827 4036//7827
f 4036//7828 4041//7828 4042//7828
f 4039//7829 4043//7829 4035//7829
f 2432//7830 4044//7830 4040//7830
f 4041//7831 4040//7831 4045//7831
f 4042//7832 4041//7832 4045//7832
f 4045//7833 4040//7833 4044//7833
f 2419//7834 4044//7834 2432//7834
f 4045//7835 4046//7835 4042//7835
f 4039//7836 4042//7836 4047//7836
f 4047//7837 4042//7837 4046//7837
f 4047//7838 4043//7838 4039//7838
f 2419//7839 4048//7839 4044//7839
f 2419//7840 2416//7840 4048//7840
f 4044//7841 4049//7841 4045//7841
f 4049//7842 4046//7842 4045//7842
f 4044//7843 4048//7843 4049//7843
f 4048//7844 2416//7844 4050//7844
f 4048//7845 4050//7845 4049//7845
f 4050//7846 2416//7846 2415//7846
f 4050//7847 4051//7847 4049//7847
f 4051//7848 4050//7848 2415//7848
f 4049//7849 4052//7849 4046//7849
f 4049//7850 4051//7850 4053//7850
f 4053//7851 4052//7851 4049//7851
f 4054//7852 4051//7852 2415//7852
f 4053//7853 4051//7853 4054//7853
f 4055//7854 4053//7854 4054//7854
f 4052//7855 4053//7855 4055//7855
f 4054//7856 4056//7856 4055//7856
f 4055//7857 4056//7857 4052//7857
f 4052//7858 4057//7858 4046//7858
f 4046//7859 4057//7859 4047//7859
f 4047//7860 4057//7860 4058//7860
f 4043//7861 4047//7861 4058//7861
f 4057//7862 4052//7862 4059//7862
f 4043//7863 4058//7863 4060//7863
f 4057//7864 4060//7864 4058//7864
f 4052//7865 4061//7865 4059//7865
f 4056//7866 4061//7866 4052//7866
f 4062//7867 4057//7867 4059//7867
f 4059//7868 4061//7868 4062//7868
f 4057//7869 4062//7869 4060//7869
f 4061//7870 4063//7870 4062//7870
f 4062//7871 4063//7871 4060//7871
f 4064//7872 4061//7872 4056//7872
f 4043//7873 4060//7873 4065//7873
f 4061//7874 4064//7874 4066//7874
f 4061//7875 4066//7875 4063//7875
f 4066//7876 4064//7876 4067//7876
f 4056//7877 4068//7877 4064//7877
f 4067//7878 4069//7878 4066//7878
f 4069//7879 4070//7879 4066//7879
f 4063//7880 4066//7880 4070//7880
f 4069//7881 4067//7881 4071//7881
f 4067//7882 4064//7882 4071//7882
f 4071//7883 4072//7883 4069//7883
f 4070//7884 4069//7884 4072//7884
f 4070//7885 4072//7885 4073//7885
f 4063//7886 4070//7886 4074//7886
f 4075//7887 4074//7887 4070//7887
f 4073//7888 4075//7888 4070//7888
f 4063//7889 4074//7889 4076//7889
f 4077//7890 4074//7890 4075//7890
f 4077//7891 4076//7891 4074//7891
f 4076//7892 4078//7892 4063//7892
f 4060//7893 4063//7893 4078//7893
f 4078//7894 4076//7894 4020//7894
f 4079//7895 4060//7895 4078//7895
f 4078//7896 4020//7896 4079//7896
f 4079//7897 4065//7897 4060//7897
f 4079//7898 4020//7898 4021//7898
f 4021//7899 4065//7899 4079//7899
f 4019//7900 4020//7900 4076//7900
f 4019//7901 4076//7901 4077//7901
f 4025//7902 4065//7902 4021//7902
f 4080//7903 4065//7903 4025//7903
f 4080//7904 4025//7904 4026//7904
f 4026//7905 4081//7905 4080//7905
f 4080//7906 4081//7906 4065//7906
f 4026//7907 4032//7907 4081//7907
f 4082//7908 4065//7908 4081//7908
f 4082//7909 4081//7909 4032//7909
f 4065//7910 4082//7910 4043//7910
f 4032//7911 4035//7911 4082//7911
f 4082//7912 4035//7912 4043//7912
f 4077//7913 4083//7913 4019//7913
f 4075//7914 4083//7914 4077//7914
f 4083//7915 4084//7915 4019//7915
f 4085//7916 4083//7916 4075//7916
f 4083//7917 4085//7917 4084//7917
f 4019//7918 4084//7918 4012//7918
f 4073//7919 4085//7919 4075//7919
f 4086//7920 4012//7920 4084//7920
f 4008//7921 4012//7921 4086//7921
f 4084//7922 4087//7922 4086//7922
f 4086//7923 4087//7923 4008//7923
f 4008//7924 4087//7924 4088//7924
f 4084//7925 4089//7925 4087//7925
f 4088//7926 4087//7926 4089//7926
f 4090//7927 4089//7927 4084//7927
f 4085//7928 4090//7928 4084//7928
f 4090//7929 4091//7929 4089//7929
f 4089//7930 4091//7930 4092//7930
f 4092//7931 4088//7931 4089//7931
f 4091//7932 4090//7932 4093//7932
f 4094//7933 4092//7933 4091//7933
f 4091//7934 4093//7934 4094//7934
f 4095//7935 4090//7935 4085//7935
f 4093//7936 4090//7936 4095//7936
f 4095//7937 4085//7937 4096//7937
f 4097//7938 4094//7938 4093//7938
f 4098//7939 4092//7939 4094//7939
f 4098//7940 4094//7940 4097//7940
f 4099//7941 4092//7941 4098//7941
f 4099//7942 4088//7942 4092//7942
f 4100//7943 4093//7943 4095//7943
f 4101//7944 4099//7944 4098//7944
f 4100//7945 4102//7945 4093//7945
f 4102//7946 4097//7946 4093//7946
f 4100//7947 4095//7947 4103//7947
f 4095//7948 4096//7948 4103//7948
f 4100//7949 4104//7949 4102//7949
f 4105//7950 4098//7950 4097//7950
f 4098//7951 4105//7951 4101//7951
f 4106//7952 4097//7952 4102//7952
f 4107//7953 4105//7953 4097//7953
f 4106//7954 4107//7954 4097//7954
f 4101//7955 4105//7955 4108//7955
f 4108//7956 4105//7956 4107//7956
f 4106//7957 4109//7957 4107//7957
f 4107//7958 4109//7958 4108//7958
f 4106//7959 4102//7959 4110//7959
f 4110//7960 4102//7960 4104//7960
f 4110//7961 4111//7961 4106//7961
f 4111//7962 4110//7962 3929//7962
f 4111//7963 3931//7963 4106//7963
f 4111//7964 3929//7964 3931//7964
f 4106//7965 3931//7965 4109//7965
f 3929//7966 4110//7966 3930//7966
f 3930//7967 4110//7967 4104//7967
f 3931//7968 4112//7968 4109//7968
f 4112//7969 4108//7969 4109//7969
f 3931//7970 3926//7970 4112//7970
f 4112//7971 3926//7971 4113//7971
f 4113//7972 3926//7972 3883//7972
f 4114//7973 4108//7973 4112//7973
f 4113//7974 4114//7974 4112//7974
f 4108//7975 4114//7975 4115//7975
f 4116//7976 4114//7976 4113//7976
f 4116//7977 4115//7977 4114//7977
f 3883//7978 4117//7978 4113//7978
f 4117//7979 4116//7979 4113//7979
f 4117//7980 3883//7980 4118//7980
f 3870//7981 4118//7981 3883//7981
f 3870//7982 3820//7982 4118//7982
f 4118//7983 4119//7983 4117//7983
f 4119//7984 4118//7984 3820//7984
f 4117//7985 4119//7985 4116//7985
f 3817//7986 4119//7986 3820//7986
f 4119//7987 4120//7987 4116//7987
f 3817//7988 4121//7988 4119//7988
f 4120//7989 4119//7989 4121//7989
f 4120//7990 4121//7990 3817//7990
f 4120//7991 4122//7991 4116//7991
f 4122//7992 4115//7992 4116//7992
f 3817//7993 4123//7993 4120//7993
f 4120//7994 4123//7994 4122//7994
f 3817//7995 4124//7995 4123//7995
f 3818//7996 4124//7996 3817//7996
f 4123//7997 4125//7997 4122//7997
f 4122//7998 4125//7998 4115//7998
f 4125//7999 4123//7999 4124//7999
f 4126//8000 4124//8000 3818//8000
f 4124//8001 4126//8001 4125//8001
f 3818//8002 3822//8002 4126//8002
f 4125//8003 4127//8003 4115//8003
f 4127//8004 4125//8004 4126//8004
f 4128//8005 4115//8005 4127//8005
f 4108//8006 4115//8006 4128//8006
f 4108//8007 4128//8007 4101//8007
f 4101//8008 4128//8008 4129//8008
f 4127//8009 4129//8009 4128//8009
f 4129//8010 4099//8010 4101//8010
f 4130//8011 4127//8011 4126//8011
f 4129//8012 4127//8012 4130//8012
f 4131//8013 4099//8013 4129//8013
f 4131//8014 4129//8014 4130//8014
f 4131//8015 4088//8015 4099//8015
f 4130//8016 4126//8016 4132//8016
f 4131//8017 4130//8017 4132//8017
f 4131//8018 4132//8018 4088//8018
f 4132//8019 4126//8019 3822//8019
f 4088//8020 4132//8020 4008//8020
f 4132//8021 3822//8021 4008//8021
f 4133//8022 4134//8022 3938//8022
f 4133//8023 3938//8023 3935//8023
f 3935//8024 4135//8024 4133//8024
f 4135//8025 3935//8025 3937//8025
f 4136//8026 3938//8026 4134//8026
f 4133//8027 4137//8027 4134//8027
f 4136//8028 4138//8028 3938//8028
f 3949//8029 3938//8029 4138//8029
f 4136//8030 4134//8030 4139//8030
f 4136//8031 4139//8031 4138//8031
f 3949//8032 4138//8032 4140//8032
f 3949//8033 4140//8033 3954//8033
f 4138//8034 4139//8034 4141//8034
f 4141//8035 4140//8035 4138//8035
f 4134//8036 4142//8036 4139//8036
f 4137//8037 4142//8037 4134//8037
f 4139//8038 4142//8038 4143//8038
f 4143//8039 4141//8039 4139//8039
f 3954//8040 4140//8040 4144//8040
f 4140//8041 4141//8041 4144//8041
f 4144//8042 4145//8042 3954//8042
f 3954//8043 4145//8043 3959//8043
f 4146//8044 4144//8044 4141//8044
f 4147//8045 4145//8045 4144//8045
f 4147//8046 4144//8046 4146//8046
f 4148//8047 3959//8047 4145//8047
f 4147//8048 4148//8048 4145//8048
f 3959//8049 4148//8049 3961//8049
f 4148//8050 4149//8050 3961//8050
f 3961//8051 4149//8051 3967//8051
f 4148//8052 4150//8052 4149//8052
f 4150//8053 3967//8053 4149//8053
f 4147//8054 4151//8054 4148//8054
f 4151//8055 4150//8055 4148//8055
f 4147//8056 4146//8056 4152//8056
f 4152//8057 4146//8057 4141//8057
f 4153//8058 4151//8058 4147//8058
f 4147//8059 4152//8059 4153//8059
f 4154//8060 3967//8060 4150//8060
f 4154//8061 1293//8061 3967//8061
f 4141//8062 4155//8062 4152//8062
f 4156//8063 1293//8063 4154//8063
f 1293//8064 4156//8064 362//8064
f 352//8065 362//8065 4156//8065
f 352//8066 4156//8066 348//8066
f 4154//8067 348//8067 4156//8067
f 4154//8068 349//8068 348//8068
f 4150//8069 349//8069 4154//8069
f 4141//8070 4143//8070 4155//8070
f 4150//8071 4157//8071 349//8071
f 4157//8072 4150//8072 4151//8072
f 4157//8073 1667//8073 349//8073
f 350//8074 349//8074 1667//8074
f 4157//8075 4151//8075 4158//8075
f 4151//8076 4153//8076 4158//8076
f 1667//8077 4157//8077 4159//8077
f 4157//8078 4158//8078 4159//8078
f 1667//8079 4159//8079 1671//8079
f 1671//8080 4159//8080 4160//8080
f 4160//8081 1798//8081 1671//8081
f 4159//8082 4158//8082 4161//8082
f 4159//8083 4161//8083 4160//8083
f 4158//8084 4153//8084 4161//8084
f 1942//8085 1798//8085 4160//8085
f 4162//8086 4160//8086 4161//8086
f 4162//8087 4161//8087 4153//8087
f 4160//8088 4163//8088 1942//8088
f 4160//8089 4162//8089 4163//8089
f 1942//8090 4163//8090 4164//8090
f 4164//8091 1947//8091 1942//8091
f 4164//8092 1954//8092 1947//8092
f 4165//8093 1954//8093 4164//8093
f 1954//8094 4165//8094 1959//8094
f 4166//8095 4164//8095 4163//8095
f 4162//8096 4166//8096 4163//8096
f 4164//8097 4166//8097 4165//8097
f 4166//8098 1959//8098 4165//8098
f 4153//8099 4166//8099 4162//8099
f 4166//8100 1964//8100 1959//8100
f 4167//8101 1964//8101 4166//8101
f 4166//8102 4153//8102 4167//8102
f 1966//8103 1964//8103 4167//8103
f 4167//8104 4153//8104 4168//8104
f 4152//8105 4168//8105 4153//8105
f 4169//8106 1966//8106 4167//8106
f 4168//8107 4169//8107 4167//8107
f 4168//8108 4152//8108 4155//8108
f 4168//8109 4155//8109 4169//8109
f 4170//8110 4169//8110 4155//8110
f 1966//8111 4169//8111 4171//8111
f 4170//8112 4171//8112 4169//8112
f 4171//8113 1971//8113 1966//8113
f 4155//8114 4172//8114 4170//8114
f 4143//8115 4172//8115 4155//8115
f 4172//8116 4173//8116 4170//8116
f 4170//8117 4173//8117 4171//8117
f 4143//8118 4174//8118 4172//8118
f 4173//8119 4172//8119 4174//8119
f 4174//8120 4143//8120 4142//8120
f 4175//8121 1971//8121 4171//8121
f 4174//8122 4142//8122 4176//8122
f 1978//8123 1971//8123 4175//8123
f 4176//8124 4142//8124 4137//8124
f 4177//8125 4174//8125 4176//8125
f 4174//8126 4177//8126 4173//8126
f 4137//8127 4178//8127 4176//8127
f 4176//8128 4178//8128 4177//8128
f 4177//8129 4179//8129 4173//8129
f 4173//8130 4179//8130 4171//8130
f 4177//8131 4178//8131 4180//8131
f 4177//8132 4180//8132 4179//8132
f 4181//8133 4171//8133 4179//8133
f 4175//8134 4171//8134 4181//8134
f 4180//8135 4181//8135 4179//8135
f 4181//8136 4182//8136 4175//8136
f 4182//8137 1978//8137 4175//8137
f 4181//8138 4183//8138 4182//8138
f 4183//8139 4181//8139 4180//8139
f 4184//8140 1978//8140 4182//8140
f 4182//8141 4183//8141 4184//8141
f 4185//8142 4183//8142 4180//8142
f 4183//8143 4185//8143 4186//8143
f 4186//8144 4184//8144 4183//8144
f 4187//8145 4185//8145 4180//8145
f 4185//8146 4188//8146 4186//8146
f 4185//8147 4187//8147 4188//8147
f 4180//8148 4189//8148 4187//8148
f 4178//8149 4189//8149 4180//8149
f 4190//8150 4187//8150 4189//8150
f 4190//8151 4188//8151 4187//8151
f 4189//8152 4178//8152 4191//8152
f 4137//8153 4191//8153 4178//8153
f 4189//8154 4192//8154 4190//8154
f 4191//8155 4192//8155 4189//8155
f 4193//8156 4191//8156 4137//8156
f 4193//8157 4137//8157 4133//8157
f 4191//8158 4194//8158 4192//8158
f 4193//8159 4194//8159 4191//8159
f 4133//8160 4135//8160 4193//8160
f 4194//8161 4193//8161 4135//8161
f 4194//8162 4135//8162 4195//8162
f 4194//8163 4195//8163 4192//8163
f 4192//8164 4196//8164 4190//8164
f 4192//8165 4195//8165 4196//8165
f 4196//8166 2127//8166 4190//8166
f 2127//8167 4188//8167 4190//8167
f 2127//8168 4196//8168 4197//8168
f 4195//8169 4197//8169 4196//8169
f 2124//8170 2127//8170 4197//8170
f 4188//8171 2127//8171 2123//8171
f 2124//8172 4197//8172 2126//8172
f 4197//8173 4195//8173 2126//8173
f 4198//8174 4188//8174 2123//8174
f 4186//8175 4188//8175 4198//8175
f 4198//8176 2123//8176 2115//8176
f 4198//8177 4184//8177 4186//8177
f 2115//8178 4199//8178 4198//8178
f 4198//8179 4199//8179 4184//8179
f 4195//8180 4200//8180 2126//8180
f 4200//8181 4201//8181 2126//8181
f 2126//8182 4201//8182 2130//8182
f 4201//8183 4202//8183 2130//8183
f 4200//8184 4202//8184 4201//8184
f 2144//8185 2130//8185 4202//8185
f 2144//8186 4202//8186 2152//8186
f 4200//8187 4203//8187 4202//8187
f 4203//8188 4200//8188 4195//8188
f 4203//8189 2152//8189 4202//8189
f 4195//8190 4204//8190 4203//8190
f 4204//8191 4195//8191 4135//8191
f 4205//8192 2152//8192 4203//8192
f 4205//8193 4203//8193 4204//8193
f 4205//8194 4206//8194 2152//8194
f 2152//8195 4206//8195 2147//8195
f 4135//8196 4207//8196 4204//8196
f 4205//8197 4204//8197 4207//8197
f 4135//8198 3937//8198 4207//8198
f 3932//8199 4207//8199 3937//8199
f 4207//8200 3932//8200 4205//8200
f 3932//8201 4206//8201 4205//8201
f 3932//8202 3930//8202 4206//8202
f 2148//8203 2147//8203 4206//8203
f 4208//8204 4206//8204 3930//8204
f 4206//8205 4208//8205 2148//8205
f 4208//8206 3930//8206 4104//8206
f 4104//8207 4209//8207 4208//8207
f 4209//8208 2148//8208 4208//8208
f 4209//8209 4104//8209 4100//8209
f 4100//8210 4103//8210 4209//8210
f 4210//8211 2148//8211 4209//8211
f 4210//8212 4209//8212 4103//8212
f 4210//8213 4211//8213 2148//8213
f 4211//8214 2149//8214 2148//8214
f 4210//8215 4103//8215 4212//8215
f 4210//8216 4212//8216 4211//8216
f 4103//8217 4096//8217 4212//8217
f 2149//8218 4211//8218 4213//8218
f 4211//8219 4212//8219 4213//8219
f 4213//8220 4214//8220 2149//8220
f 2150//8221 2149//8221 4214//8221
f 4214//8222 2162//8222 2150//8222
f 4213//8223 4212//8223 4215//8223
f 4213//8224 4216//8224 4214//8224
f 4213//8225 4215//8225 4216//8225
f 4217//8226 4215//8226 4212//8226
f 4217//8227 4216//8227 4215//8227
f 4096//8228 4217//8228 4212//8228
f 4214//8229 4216//8229 4218//8229
f 4214//8230 4218//8230 2162//8230
f 4218//8231 4216//8231 4219//8231
f 4219//8232 4216//8232 4217//8232
f 4218//8233 4220//8233 2162//8233
f 4220//8234 2170//8234 2162//8234
f 4220//8235 4221//8235 2170//8235
f 4221//8236 2167//8236 2170//8236
f 4220//8237 4218//8237 4222//8237
f 4222//8238 4221//8238 4220//8238
f 4218//8239 4223//8239 4222//8239
f 4218//8240 4219//8240 4223//8240
f 4221//8241 4222//8241 4224//8241
f 4224//8242 4222//8242 4223//8242
f 4221//8243 4225//8243 2167//8243
f 4226//8244 4221//8244 4224//8244
f 4221//8245 4226//8245 4225//8245
f 4224//8246 4223//8246 4227//8246
f 4219//8247 4228//8247 4223//8247
f 4227//8248 4223//8248 4228//8248
f 4227//8249 4229//8249 4224//8249
f 4224//8250 4229//8250 4226//8250
f 4228//8251 4230//8251 4227//8251
f 4229//8252 4227//8252 4230//8252
f 4228//8253 4219//8253 4231//8253
f 4231//8254 4230//8254 4228//8254
f 4232//8255 4231//8255 4219//8255
f 4217//8256 4232//8256 4219//8256
f 4233//8257 4231//8257 4232//8257
f 4232//8258 4217//8258 4233//8258
f 4233//8259 4234//8259 4231//8259
f 4233//8260 4217//8260 4235//8260
f 4236//8261 4231//8261 4234//8261
f 4231//8262 4236//8262 4230//8262
f 4234//8263 4233//8263 4237//8263
f 4235//8264 4237//8264 4233//8264
f 4235//8265 4217//8265 4238//8265
f 4217//8266 4096//8266 4238//8266
f 4096//8267 4085//8267 4238//8267
f 4238//8268 4085//8268 4073//8268
f 4238//8269 4239//8269 4235//8269
f 4073//8270 4239//8270 4238//8270
f 4239//8271 4240//8271 4235//8271
f 4239//8272 4073//8272 4240//8272
f 4240//8273 4237//8273 4235//8273
f 4240//8274 4073//8274 4072//8274
f 4240//8275 4072//8275 4071//8275
f 4071//8276 4241//8276 4240//8276
f 4240//8277 4241//8277 4242//8277
f 4240//8278 4242//8278 4237//8278
f 4071//8279 4243//8279 4241//8279
f 4242//8280 4241//8280 4243//8280
f 4244//8281 4243//8281 4071//8281
f 4245//8282 4242//8282 4243//8282
f 4242//8283 4245//8283 4237//8283
f 4244//8284 4246//8284 4243//8284
f 4071//8285 4247//8285 4244//8285
f 4244//8286 4247//8286 4246//8286
f 4064//8287 4247//8287 4071//8287
f 4246//8288 4248//8288 4243//8288
f 4245//8289 4243//8289 4248//8289
f 4064//8290 4068//8290 4247//8290
f 4249//8291 4246//8291 4247//8291
f 4246//8292 4249//8292 4248//8292
f 4247//8293 4250//8293 4249//8293
f 4248//8294 4251//8294 4245//8294
f 4252//8295 4250//8295 4247//8295
f 4068//8296 4252//8296 4247//8296
f 4250//8297 4253//8297 4249//8297
f 4248//8298 4249//8298 4253//8298
f 4252//8299 4253//8299 4250//8299
f 2379//8300 4251//8300 4248//8300
f 4248//8301 4253//8301 2379//8301
f 4254//8302 4245//8302 4251//8302
f 4254//8303 4251//8303 2379//8303
f 4254//8304 4237//8304 4245//8304
f 4253//8305 2378//8305 2379//8305
f 2378//8306 4253//8306 4255//8306
f 4255//8307 2377//8307 2378//8307
f 4252//8308 4256//8308 4253//8308
f 4255//8309 4253//8309 4256//8309
f 2377//8310 4255//8310 4257//8310
f 4255//8311 4256//8311 4257//8311
f 2379//8312 4258//8312 4254//8312
f 4256//8313 4252//8313 4259//8313
f 4259//8314 4252//8314 4068//8314
f 4260//8315 4257//8315 4256//8315
f 4068//8316 4261//8316 4259//8316
f 4068//8317 4056//8317 4261//8317
f 4261//8318 4056//8318 4054//8318
f 4259//8319 4261//8319 4262//8319
f 4261//8320 4054//8320 4262//8320
f 4256//8321 4259//8321 4263//8321
f 4256//8322 4263//8322 4260//8322
f 4262//8323 4263//8323 4259//8323
f 4054//8324 4264//8324 4262//8324
f 4264//8325 4263//8325 4262//8325
f 4054//8326 2415//8326 4264//8326
f 4265//8327 4263//8327 4264//8327
f 4265//8328 4264//8328 2415//8328
f 4260//8329 4263//8329 4265//8329
f 4265//8330 2415//8330 2404//8330
f 4265//8331 2404//8331 2393//8331
f 4265//8332 4266//8332 4260//8332
f 4260//8333 4266//8333 4257//8333
f 2377//8334 4257//8334 4266//8334
f 4267//8335 4265//8335 2393//8335
f 4266//8336 4265//8336 4267//8336
f 4267//8337 2393//8337 2383//8337
f 2377//8338 4266//8338 4268//8338
f 4267//8339 4268//8339 4266//8339
f 2383//8340 4268//8340 4267//8340
f 2374//8341 2377//8341 4268//8341
f 2383//8342 2374//8342 4268//8342
f 4269//8343 4270//8343 384//8343
f 4270//8344 382//8344 384//8344
f 4270//8345 1393//8345 382//8345
f 4270//8346 4271//8346 1393//8346
f 4271//8347 4270//8347 4269//8347
f 1393//8348 4271//8348 1396//8348
f 4269//8349 384//8349 4272//8349
f 4272//8350 384//8350 4273//8350
f 4273//8351 384//8351 381//8351
f 381//8352 394//8352 4273//8352
f 4273//8353 394//8353 4274//8353
f 4274//8354 4272//8354 4273//8354
f 394//8355 408//8355 4274//8355
f 4272//8356 4275//8356 4269//8356
f 4275//8357 4272//8357 4274//8357
f 4269//8358 4275//8358 4276//8358
f 4269//8359 4276//8359 4271//8359
f 4274//8360 4277//8360 4275//8360
f 4274//8361 408//8361 4277//8361
f 4275//8362 4277//8362 4276//8362
f 4271//8363 4278//8363 1396//8363
f 1379//8364 1396//8364 4278//8364
f 1378//8365 1379//8365 4278//8365
f 4271//8366 4279//8366 4278//8366
f 1378//8367 4278//8367 4279//8367
f 4280//8368 4271//8368 4276//8368
f 4280//8369 4279//8369 4271//8369
f 4281//8370 4276//8370 4277//8370
f 4276//8371 4282//8371 4280//8371
f 4282//8372 4276//8372 4281//8372
f 4279//8373 4280//8373 4283//8373
f 4282//8374 4284//8374 4280//8374
f 4284//8375 4283//8375 4280//8375
f 4285//8376 4284//8376 4282//8376
f 4281//8377 4285//8377 4282//8377
f 4284//8378 4286//8378 4283//8378
f 4283//8379 4287//8379 4279//8379
f 4287//8380 4283//8380 4286//8380
f 4279//8381 4287//8381 1378//8381
f 4288//8382 4286//8382 4284//8382
f 4285//8383 4288//8383 4284//8383
f 4287//8384 4286//8384 4289//8384
f 4288//8385 4289//8385 4286//8385
f 1378//8386 4287//8386 4290//8386
f 4290//8387 4287//8387 4289//8387
f 1378//8388 4290//8388 1376//8388
f 4291//8389 4288//8389 4285//8389
f 4281//8390 4292//8390 4285//8390
f 4291//8391 4285//8391 4293//8391
f 4292//8392 4293//8392 4285//8392
f 4281//8393 4294//8393 4292//8393
f 4294//8394 4293//8394 4292//8394
f 4291//8395 4295//8395 4288//8395
f 4293//8396 4295//8396 4291//8396
f 4288//8397 4295//8397 4296//8397
f 4296//8398 4289//8398 4288//8398
f 4293//8399 4297//8399 4295//8399
f 4296//8400 4295//8400 4297//8400
f 4294//8401 4298//8401 4293//8401
f 4293//8402 4298//8402 4299//8402
f 4299//8403 4297//8403 4293//8403
f 4300//8404 4298//8404 4294//8404
f 4300//8405 4299//8405 4298//8405
f 4300//8406 4294//8406 4301//8406
f 4301//8407 4299//8407 4300//8407
f 4302//8408 4294//8408 4281//8408
f 4281//8409 4277//8409 4302//8409
f 4302//8410 4277//8410 408//8410
f 4294//8411 4302//8411 4303//8411
f 4303//8412 4302//8412 408//8412
f 4304//8413 4294//8413 4303//8413
f 4304//8414 4301//8414 4294//8414
f 4303//8415 408//8415 4305//8415
f 4303//8416 4305//8416 4304//8416
f 403//8417 4305//8417 408//8417
f 405//8418 4305//8418 403//8418
f 4304//8419 4305//8419 405//8419
f 4304//8420 405//8420 440//8420
f 440//8421 4301//8421 4304//8421
f 440//8422 4306//8422 4301//8422
f 4307//8423 4301//8423 4306//8423
f 4307//8424 4299//8424 4301//8424
f 440//8425 4308//8425 4306//8425
f 439//8426 4308//8426 440//8426
f 439//8427 438//8427 4308//8427
f 4308//8428 4309//8428 4306//8428
f 4309//8429 4307//8429 4306//8429
f 4310//8430 4308//8430 438//8430
f 4310//8431 4309//8431 4308//8431
f 4310//8432 438//8432 447//8432
f 4309//8433 4311//8433 4307//8433
f 4310//8434 4311//8434 4309//8434
f 447//8435 4312//8435 4310//8435
f 4310//8436 4312//8436 4311//8436
f 4313//8437 4312//8437 447//8437
f 4311//8438 4312//8438 4313//8438
f 4313//8439 447//8439 4314//8439
f 4314//8440 447//8440 446//8440
f 4314//8441 446//8441 449//8441
f 4314//8442 4315//8442 4313//8442
f 449//8443 4316//8443 4314//8443
f 4314//8444 4316//8444 4315//8444
f 449//8445 1176//8445 4316//8445
f 1178//8446 4316//8446 1176//8446
f 4313//8447 4317//8447 4311//8447
f 4313//8448 4315//8448 4317//8448
f 4311//8449 4317//8449 4318//8449
f 4318//8450 4307//8450 4311//8450
f 4319//8451 4316//8451 1178//8451
f 4319//8452 4315//8452 4316//8452
f 4320//8453 4307//8453 4318//8453
f 4299//8454 4307//8454 4320//8454
f 4318//8455 4317//8455 4321//8455
f 4318//8456 4321//8456 4320//8456
f 4320//8457 4322//8457 4299//8457
f 4320//8458 4321//8458 4322//8458
f 4299//8459 4322//8459 4297//8459
f 4323//8460 4317//8460 4315//8460
f 4323//8461 4321//8461 4317//8461
f 4324//8462 4322//8462 4321//8462
f 4324//8463 4321//8463 4323//8463
f 4325//8464 4297//8464 4322//8464
f 4325//8465 4322//8465 4324//8465
f 4296//8466 4297//8466 4325//8466
f 4323//8467 4315//8467 4326//8467
f 4326//8468 4315//8468 4319//8468
f 4325//8469 4327//8469 4296//8469
f 4296//8470 4327//8470 4289//8470
f 4324//8471 4328//8471 4325//8471
f 4325//8472 4328//8472 4327//8472
f 4323//8473 4329//8473 4324//8473
f 4324//8474 4329//8474 4328//8474
f 4326//8475 4330//8475 4323//8475
f 4323//8476 4330//8476 4329//8476
f 4326//8477 4331//8477 4330//8477
f 4319//8478 4331//8478 4326//8478
f 4332//8479 4329//8479 4330//8479
f 4332//8480 4328//8480 4329//8480
f 4333//8481 4330//8481 4331//8481
f 4332//8482 4330//8482 4333//8482
f 4319//8483 4334//8483 4331//8483
f 4333//8484 4331//8484 4334//8484
f 1178//8485 4334//8485 4319//8485
f 4335//8486 4327//8486 4328//8486
f 4335//8487 4328//8487 4332//8487
f 4289//8488 4327//8488 4335//8488
f 4335//8489 4336//8489 4289//8489
f 4332//8490 4336//8490 4335//8490
f 4290//8491 4289//8491 4336//8491
f 4332//8492 4337//8492 4336//8492
f 4333//8493 4337//8493 4332//8493
f 4336//8494 4338//8494 4290//8494
f 4338//8495 4336//8495 4337//8495
f 1376//8496 4290//8496 4338//8496
f 4333//8497 4339//8497 4337//8497
f 4338//8498 4337//8498 4339//8498
f 1376//8499 4338//8499 4340//8499
f 4339//8500 4340//8500 4338//8500
f 4340//8501 4341//8501 1376//8501
f 1372//8502 1376//8502 4341//8502
f 4342//8503 4340//8503 4339//8503
f 4341//8504 4340//8504 4342//8504
f 4343//8505 4339//8505 4333//8505
f 4339//8506 4343//8506 4342//8506
f 4333//8507 4334//8507 4343//8507
f 4344//8508 4341//8508 4342//8508
f 1372//8509 4341//8509 4344//8509
f 4342//8510 4343//8510 4345//8510
f 4343//8511 4334//8511 4346//8511
f 4343//8512 4346//8512 4345//8512
f 1178//8513 4346//8513 4334//8513
f 1178//8514 1179//8514 4346//8514
f 4345//8515 4346//8515 1179//8515
f 4345//8516 1179//8516 1180//8516
f 4342//8517 4345//8517 4347//8517
f 4342//8518 4347//8518 4344//8518
f 4345//8519 1180//8519 4348//8519
f 4347//8520 4345//8520 4348//8520
f 1186//8521 4348//8521 1180//8521
f 4348//8522 4349//8522 4347//8522
f 4349//8523 4348//8523 1186//8523
f 4344//8524 4347//8524 4349//8524
f 4344//8525 4350//8525 1372//8525
f 4350//8526 4344//8526 4349//8526
f 1372//8527 4350//8527 1361//8527
f 1186//8528 4351//8528 4349//8528
f 4350//8529 4349//8529 4351//8529
f 4352//8530 4351//8530 1186//8530
f 4352//8531 1186//8531 1191//8531
f 4353//8532 4350//8532 4351//8532
f 4351//8533 4352//8533 4353//8533
f 4350//8534 4354//8534 1361//8534
f 1350//8535 1361//8535 4354//8535
f 4353//8536 4355//8536 4350//8536
f 4350//8537 4355//8537 4354//8537
f 4356//8538 4353//8538 4352//8538
f 4355//8539 4353//8539 4356//8539
f 1191//8540 4356//8540 4352//8540
f 4357//8541 4354//8541 4355//8541
f 1350//8542 4354//8542 4357//8542
f 4356//8543 4358//8543 4355//8543
f 4355//8544 4358//8544 4357//8544
f 4358//8545 4356//8545 4359//8545
f 4359//8546 4356//8546 1191//8546
f 4357//8547 4358//8547 4359//8547
f 1191//8548 4360//8548 4359//8548
f 4360//8549 1191//8549 1192//8549
f 1199//8550 4360//8550 1192//8550
f 1199//8551 4361//8551 4360//8551
f 4361//8552 4359//8552 4360//8552
f 4361//8553 1199//8553 1227//8553
f 4357//8554 4359//8554 4362//8554
f 4362//8555 4359//8555 4361//8555
f 4357//8556 4363//8556 1350//8556
f 4362//8557 4363//8557 4357//8557
f 1345//8558 1350//8558 4363//8558
f 4363//8559 1339//8559 1345//8559
f 4364//8560 4363//8560 4362//8560
f 4363//8561 4364//8561 1339//8561
f 4362//8562 4361//8562 4364//8562
f 1339//8563 4364//8563 1227//8563
f 4361//8564 1227//8564 4364//8564
f 872//8565 4365//8565 882//8565
f 872//8566 882//8566 873//8566
f 4366//8567 882//8567 4365//8567
f 4367//8568 4365//8568 872//8568
f 4365//8569 4367//8569 3622//8569
f 3622//8570 4366//8570 4365//8570
f 3622//8571 4367//8571 3624//8571
f 3619//8572 4366//8572 3622//8572
f 872//8573 4368//8573 4367//8573
f 4367//8574 4368//8574 3624//8574
f 864//8575 4368//8575 872//8575
f 4368//8576 869//8576 3624//8576
f 869//8577 4368//8577 864//8577
f 3619//8578 4369//8578 4366//8578
f 3619//8579 4370//8579 4369//8579
f 4366//8580 4369//8580 4371//8580
f 4371//8581 4369//8581 4370//8581
f 3613//8582 4370//8582 3619//8582
f 4371//8583 4372//8583 4366//8583
f 4366//8584 4372//8584 882//8584
f 884//8585 882//8585 4372//8585
f 884//8586 4372//8586 4373//8586
f 4373//8587 885//8587 884//8587
f 4372//8588 4371//8588 4374//8588
f 4373//8589 4372//8589 4374//8589
f 4375//8590 885//8590 4373//8590
f 4373//8591 4374//8591 4375//8591
f 4375//8592 889//8592 885//8592
f 4375//8593 895//8593 889//8593
f 4375//8594 4374//8594 4376//8594
f 4375//8595 4376//8595 895//8595
f 4374//8596 4371//8596 4376//8596
f 4370//8597 4377//8597 4371//8597
f 4376//8598 4371//8598 4377//8598
f 4378//8599 4377//8599 4370//8599
f 3613//8600 4378//8600 4370//8600
f 895//8601 4376//8601 4379//8601
f 4379//8602 897//8602 895//8602
f 4380//8603 897//8603 4379//8603
f 4380//8604 904//8604 897//8604
f 4379//8605 4376//8605 4381//8605
f 4379//8606 4381//8606 4380//8606
f 4382//8607 4381//8607 4376//8607
f 4376//8608 4377//8608 4382//8608
f 4382//8609 4377//8609 4383//8609
f 4378//8610 4383//8610 4377//8610
f 4384//8611 4381//8611 4382//8611
f 4382//8612 4383//8612 4384//8612
f 4380//8613 4381//8613 4385//8613
f 4384//8614 4385//8614 4381//8614
f 4380//8615 4386//8615 904//8615
f 4386//8616 898//8616 904//8616
f 4386//8617 903//8617 898//8617
f 920//8618 903//8618 4386//8618
f 4387//8619 4386//8619 4380//8619
f 4386//8620 4387//8620 920//8620
f 4380//8621 4385//8621 4387//8621
f 4387//8622 4385//8622 4388//8622
f 4384//8623 4388//8623 4385//8623
f 920//8624 4387//8624 4389//8624
f 4387//8625 4388//8625 4389//8625
f 920//8626 4389//8626 4390//8626
f 920//8627 4390//8627 922//8627
f 4389//8628 4388//8628 4391//8628
f 4389//8629 4391//8629 4390//8629
f 4392//8630 4388//8630 4384//8630
f 4392//8631 4391//8631 4388//8631
f 922//8632 4390//8632 4393//8632
f 922//8633 4393//8633 923//8633
f 4390//8634 4391//8634 4394//8634
f 4390//8635 4394//8635 4393//8635
f 4395//8636 4391//8636 4392//8636
f 4396//8637 923//8637 4393//8637
f 4396//8638 925//8638 923//8638
f 4393//8639 4394//8639 4397//8639
f 4397//8640 4396//8640 4393//8640
f 4398//8641 4394//8641 4391//8641
f 4398//8642 4391//8642 4395//8642
f 4398//8643 4399//8643 4394//8643
f 4394//8644 4399//8644 4397//8644
f 4400//8645 4398//8645 4395//8645
f 4400//8646 4395//8646 4401//8646
f 4401//8647 4395//8647 4392//8647
f 4402//8648 4398//8648 4400//8648
f 4399//8649 4398//8649 4402//8649
f 3586//8650 4402//8650 4400//8650
f 3586//8651 4400//8651 4401//8651
f 4402//8652 4403//8652 4399//8652
f 4403//8653 4402//8653 3586//8653
f 3586//8654 4404//8654 4403//8654
f 3586//8655 4401//8655 3585//8655
f 3584//8656 4404//8656 3586//8656
f 3585//8657 4401//8657 4405//8657
f 3585//8658 4405//8658 3589//8658
f 4406//8659 4404//8659 3584//8659
f 4403//8660 4404//8660 4406//8660
f 3584//8661 3576//8661 4406//8661
f 3589//8662 4405//8662 4407//8662
f 4408//8663 4405//8663 4401//8663
f 4408//8664 4407//8664 4405//8664
f 4401//8665 4392//8665 4408//8665
f 4384//8666 4408//8666 4392//8666
f 4407//8667 3590//8667 3589//8667
f 4408//8668 4384//8668 4409//8668
f 4409//8669 4407//8669 4408//8669
f 4409//8670 4384//8670 4383//8670
f 4409//8671 4383//8671 4378//8671
f 4378//8672 4407//8672 4409//8672
f 4410//8673 3590//8673 4407//8673
f 4410//8674 4407//8674 4378//8674
f 4410//8675 3595//8675 3590//8675
f 4410//8676 4378//8676 3613//8676
f 4410//8677 3613//8677 3595//8677
f 3576//8678 4411//8678 4412//8678
f 3564//8679 4411//8679 3576//8679
f 4406//8680 3576//8680 4412//8680
f 4412//8681 4411//8681 4413//8681
f 4406//8682 4412//8682 4413//8682
f 4414//8683 4411//8683 3564//8683
f 4413//8684 4411//8684 4414//8684
f 4406//8685 4413//8685 4415//8685
f 4416//8686 4406//8686 4415//8686
f 4403//8687 4406//8687 4416//8687
f 4399//8688 4403//8688 4416//8688
f 3564//8689 4417//8689 4414//8689
f 4417//8690 3564//8690 3371//8690
f 4417//8691 3371//8691 3361//8691
f 4418//8692 4417//8692 3361//8692
f 4414//8693 4417//8693 4418//8693
f 3355//8694 4418//8694 3361//8694
f 4419//8695 4418//8695 3355//8695
f 4418//8696 4419//8696 4414//8696
f 3355//8697 3353//8697 4419//8697
f 4420//8698 4414//8698 4419//8698
f 4413//8699 4414//8699 4420//8699
f 4419//8700 3353//8700 4421//8700
f 4420//8701 4419//8701 4421//8701
f 4420//8702 4421//8702 4413//8702
f 3349//8703 4421//8703 3353//8703
f 4415//8704 4413//8704 4421//8704
f 3349//8705 4422//8705 4421//8705
f 3346//8706 4422//8706 3349//8706
f 4423//8707 4415//8707 4421//8707
f 4421//8708 4422//8708 4423//8708
f 3346//8709 3347//8709 4422//8709
f 4416//8710 4415//8710 4423//8710
f 4422//8711 4424//8711 4423//8711
f 4423//8712 4424//8712 4416//8712
f 4424//8713 4422//8713 3347//8713
f 3347//8714 4425//8714 4424//8714
f 3343//8715 4425//8715 3347//8715
f 4426//8716 4416//8716 4424//8716
f 4427//8717 4426//8717 4424//8717
f 4427//8718 4424//8718 4425//8718
f 4428//8719 4416//8719 4426//8719
f 4399//8720 4416//8720 4428//8720
f 4397//8721 4399//8721 4428//8721
f 4429//8722 4428//8722 4426//8722
f 4397//8723 4428//8723 4429//8723
f 4429//8724 4426//8724 4427//8724
f 4397//8725 4429//8725 4427//8725
f 4427//8726 4396//8726 4397//8726
f 4427//8727 4430//8727 4396//8727
f 4430//8728 4427//8728 4425//8728
f 4430//8729 925//8729 4396//8729
f 4431//8730 925//8730 4430//8730
f 4431//8731 927//8731 925//8731
f 4430//8732 4425//8732 4432//8732
f 4431//8733 4430//8733 4432//8733
f 4433//8734 927//8734 4431//8734
f 4431//8735 4432//8735 4433//8735
f 4433//8736 928//8736 927//8736
f 4434//8737 4432//8737 4425//8737
f 4434//8738 4433//8738 4432//8738
f 4425//8739 3343//8739 4434//8739
f 4434//8740 3343//8740 3339//8740
f 4433//8741 4434//8741 4435//8741
f 3339//8742 4435//8742 4434//8742
f 4436//8743 928//8743 4433//8743
f 4433//8744 4435//8744 4436//8744
f 928//8745 4436//8745 934//8745
f 4437//8746 934//8746 4436//8746
f 4436//8747 4435//8747 4437//8747
f 3083//8748 934//8748 4437//8748
f 4438//8749 4435//8749 3339//8749
f 4438//8750 4437//8750 4435//8750
f 4438//8751 3339//8751 3104//8751
f 4439//8752 3083//8752 4437//8752
f 4439//8753 4437//8753 4438//8753
f 3085//8754 3083//8754 4439//8754
f 4438//8755 3104//8755 4440//8755
f 4440//8756 4439//8756 4438//8756
f 3085//8757 4439//8757 4440//8757
f 4440//8758 3104//8758 3098//8758
f 4440//8759 3098//8759 3085//8759
f 4441//8760 4442//8760 4443//8760
f 4444//8761 4443//8761 4442//8761
f 4441//8762 4443//8762 4445//8762
f 4444//8763 4446//8763 4443//8763
f 4445//8764 4443//8764 4446//8764
f 4445//8765 4446//8765 2607//8765
f 2607//8766 2602//8766 4445//8766
f 2607//8767 4446//8767 2612//8767
f 4445//8768 2602//8768 4447//8768
f 4445//8769 4447//8769 4441//8769
f 2602//8770 2604//8770 4447//8770
f 4448//8771 2612//8771 4446//8771
f 4448//8772 4446//8772 4444//8772
f 4449//8773 2612//8773 4448//8773
f 4449//8774 2611//8774 2612//8774
f 2614//8775 2611//8775 4449//8775
f 4448//8776 4450//8776 4449//8776
f 4444//8777 4450//8777 4448//8777
f 4449//8778 4451//8778 2614//8778
f 4449//8779 4450//8779 4451//8779
f 2614//8780 4451//8780 4452//8780
f 2614//8781 4452//8781 2619//8781
f 4453//8782 4451//8782 4450//8782
f 4453//8783 4452//8783 4451//8783
f 4444//8784 4454//8784 4450//8784
f 4455//8785 2619//8785 4452//8785
f 2621//8786 2619//8786 4455//8786
f 4455//8787 2658//8787 2621//8787
f 4455//8788 4452//8788 4456//8788
f 4456//8789 2658//8789 4455//8789
f 4456//8790 4452//8790 4453//8790
f 4456//8791 4457//8791 2658//8791
f 4453//8792 4457//8792 4456//8792
f 2658//8793 4457//8793 2678//8793
f 4453//8794 4450//8794 4458//8794
f 4458//8795 4457//8795 4453//8795
f 4458//8796 4450//8796 4454//8796
f 2678//8797 4457//8797 4459//8797
f 4458//8798 4459//8798 4457//8798
f 2678//8799 4459//8799 2676//8799
f 4458//8800 4454//8800 4460//8800
f 4460//8801 4459//8801 4458//8801
f 2676//8802 4459//8802 4461//8802
f 4460//8803 4461//8803 4459//8803
f 2676//8804 4461//8804 2800//8804
f 4462//8805 2800//8805 4461//8805
f 4462//8806 4461//8806 4460//8806
f 2803//8807 2800//8807 4462//8807
f 4460//8808 4463//8808 4462//8808
f 4462//8809 4463//8809 2803//8809
f 4460//8810 4454//8810 4463//8810
f 2820//8811 2803//8811 4463//8811
f 4464//8812 4463//8812 4454//8812
f 2820//8813 4463//8813 4464//8813
f 4464//8814 4454//8814 4444//8814
f 4444//8815 4442//8815 4464//8815
f 4464//8816 4442//8816 2820//8816
f 2820//8817 4442//8817 4465//8817
f 2820//8818 4465//8818 2819//8818
f 2824//8819 2819//8819 4465//8819
f 4466//8820 4465//8820 4442//8820
f 2824//8821 4465//8821 4466//8821
f 4466//8822 4442//8822 4441//8822
f 4466//8823 4467//8823 2824//8823
f 4441//8824 4468//8824 4466//8824
f 4466//8825 4468//8825 4467//8825
f 4441//8826 4447//8826 4468//8826
f 4447//8827 4469//8827 4468//8827
f 4467//8828 4468//8828 4469//8828
f 4447//8829 2604//8829 4469//8829
f 2604//8830 2603//8830 4469//8830
f 4470//8831 4467//8831 4469//8831
f 4470//8832 4469//8832 2603//8832
f 2824//8833 4467//8833 4471//8833
f 2824//8834 4471//8834 2823//8834
f 2823//8835 4471//8835 2825//8835
f 4467//8836 4472//8836 4471//8836
f 4472//8837 4467//8837 4470//8837
f 4473//8838 2825//8838 4471//8838
f 4471//8839 4472//8839 4473//8839
f 1439//8840 2825//8840 4473//8840
f 4473//8841 4474//8841 1439//8841
f 4474//8842 4473//8842 4472//8842
f 1439//8843 4474//8843 1427//8843
f 1427//8844 4474//8844 4475//8844
f 4475//8845 4474//8845 4472//8845
f 4475//8846 1411//8846 1427//8846
f 4470//8847 4476//8847 4472//8847
f 4475//8848 4472//8848 4476//8848
f 4476//8849 4470//8849 2603//8849
f 4477//8850 1411//8850 4475//8850
f 4476//8851 4477//8851 4475//8851
f 4477//8852 4476//8852 2603//8852
f 1412//8853 1411//8853 4477//8853
f 4477//8854 2603//8854 1412//8854
f 4199//8855 4478//8855 4184//8855
f 4479//8856 4184//8856 4478//8856
f 4479//8857 1978//8857 4184//8857
f 4479//8858 4478//8858 4480//8858
f 1978//8859 4479//8859 4481//8859
f 4481//8860 4479//8860 4480//8860
f 1978//8861 4481//8861 1976//8861
f 4480//8862 4478//8862 4482//8862
f 4482//8863 4481//8863 4480//8863
f 4478//8864 4199//8864 4483//8864
f 4478//8865 4483//8865 4482//8865
f 1976//8866 4481//8866 4484//8866
f 1976//8867 4484//8867 1982//8867
f 4482//8868 4485//8868 4481//8868
f 4484//8869 4481//8869 4485//8869
f 4482//8870 4483//8870 4486//8870
f 4487//8871 1982//8871 4484//8871
f 4487//8872 4484//8872 4485//8872
f 4482//8873 4488//8873 4485//8873
f 4486//8874 4488//8874 4482//8874
f 4485//8875 4488//8875 4489//8875
f 4486//8876 4490//8876 4488//8876
f 4489//8877 4488//8877 4490//8877
f 4485//8878 4489//8878 4491//8878
f 4485//8879 4491//8879 4487//8879
f 4490//8880 4492//8880 4489//8880
f 4490//8881 4493//8881 4492//8881
f 4490//8882 4486//8882 4493//8882
f 4489//8883 4492//8883 4494//8883
f 4491//8884 4489//8884 4494//8884
f 4494//8885 4492//8885 4495//8885
f 4492//8886 4493//8886 4495//8886
f 4494//8887 4496//8887 4491//8887
f 4491//8888 4496//8888 4487//8888
f 4495//8889 4497//8889 4494//8889
f 4496//8890 4494//8890 4497//8890
f 4495//8891 4493//8891 4498//8891
f 4487//8892 4496//8892 4499//8892
f 4497//8893 4499//8893 4496//8893
f 4500//8894 4497//8894 4495//8894
f 4495//8895 4498//8895 4500//8895
f 4497//8896 4501//8896 4499//8896
f 4497//8897 4500//8897 4501//8897
f 4487//8898 4499//8898 4502//8898
f 4487//8899 4502//8899 4503//8899
f 4503//8900 1982//8900 4487//8900
f 4502//8901 4499//8901 4504//8901
f 4504//8902 4499//8902 4501//8902
f 4504//8903 4503//8903 4502//8903
f 4503//8904 1981//8904 1982//8904
f 4500//8905 4505//8905 4501//8905
f 4504//8906 4501//8906 4505//8906
f 4503//8907 4506//8907 1981//8907
f 1979//8908 1981//8908 4506//8908
f 4503//8909 4507//8909 4506//8909
f 4507//8910 4503//8910 4504//8910
f 4508//8911 4504//8911 4505//8911
f 4500//8912 4509//8912 4505//8912
f 4505//8913 4510//8913 4508//8913
f 4505//8914 4509//8914 4510//8914
f 4508//8915 4510//8915 4511//8915
f 4504//8916 4508//8916 4511//8916
f 4507//8917 4504//8917 4512//8917
f 4504//8918 4511//8918 4512//8918
f 4507//8919 4512//8919 4513//8919
f 4512//8920 4511//8920 4513//8920
f 4510//8921 4509//8921 4514//8921
f 4515//8922 4509//8922 4500//8922
f 4510//8923 4516//8923 4511//8923
f 4514//8924 4516//8924 4510//8924
f 4500//8925 4498//8925 4515//8925
f 4517//8926 4514//8926 4509//8926
f 4514//8927 4517//8927 4516//8927
f 4511//8928 4516//8928 4518//8928
f 4516//8929 4517//8929 4518//8929
f 4511//8930 4518//8930 4513//8930
f 4517//8931 4509//8931 4519//8931
f 4515//8932 4519//8932 4509//8932
f 4517//8933 4520//8933 4518//8933
f 4517//8934 4519//8934 4521//8934
f 4517//8935 4521//8935 4520//8935
f 4519//8936 4515//8936 4521//8936
f 4518//8937 4520//8937 4522//8937
f 4522//8938 4513//8938 4518//8938
f 4521//8939 4522//8939 4520//8939
f 4498//8940 4523//8940 4515//8940
f 4498//8941 4493//8941 4523//8941
f 4524//8942 4521//8942 4515//8942
f 4515//8943 4523//8943 4524//8943
f 4525//8944 4523//8944 4493//8944
f 4486//8945 4525//8945 4493//8945
f 4524//8946 4523//8946 4526//8946
f 4527//8947 4523//8947 4525//8947
f 4525//8948 4486//8948 4527//8948
f 4527//8949 4526//8949 4523//8949
f 4486//8950 4528//8950 4527//8950
f 4526//8951 4527//8951 4528//8951
f 4528//8952 4524//8952 4526//8952
f 4483//8953 4528//8953 4486//8953
f 4521//8954 4524//8954 4529//8954
f 4528//8955 4529//8955 4524//8955
f 4529//8956 4530//8956 4521//8956
f 4528//8957 4530//8957 4529//8957
f 4530//8958 4522//8958 4521//8958
f 4531//8959 4528//8959 4483//8959
f 4528//8960 4531//8960 4530//8960
f 4483//8961 4199//8961 4531//8961
f 4531//8962 4199//8962 4532//8962
f 4530//8963 4531//8963 4532//8963
f 2115//8964 4532//8964 4199//8964
f 2115//8965 2114//8965 4532//8965
f 2117//8966 4532//8966 2114//8966
f 2117//8967 4530//8967 4532//8967
f 2117//8968 4522//8968 4530//8968
f 4533//8969 4522//8969 2117//8969
f 2104//8970 4533//8970 2117//8970
f 4533//8971 4513//8971 4522//8971
f 4534//8972 4533//8972 2104//8972
f 4533//8973 4535//8973 4513//8973
f 4534//8974 4535//8974 4533//8974
f 4534//8975 4513//8975 4535//8975
f 2104//8976 2101//8976 4534//8976
f 4507//8977 4513//8977 4534//8977
f 4536//8978 4534//8978 2101//8978
f 4534//8979 4536//8979 4507//8979
f 4507//8980 4536//8980 4506//8980
f 2101//8981 2100//8981 4536//8981
f 4537//8982 4506//8982 4536//8982
f 4536//8983 2100//8983 4537//8983
f 1979//8984 4506//8984 4537//8984
f 4538//8985 1979//8985 4537//8985
f 4538//8986 1983//8986 1979//8986
f 4539//8987 4537//8987 2100//8987
f 4537//8988 4539//8988 4538//8988
f 4540//8989 4539//8989 2100//8989
f 2093//8990 4540//8990 2100//8990
f 2098//8991 4540//8991 2093//8991
f 4541//8992 4539//8992 4540//8992
f 4541//8993 4540//8993 2098//8993
f 4542//8994 4538//8994 4539//8994
f 4541//8995 4542//8995 4539//8995
f 4543//8996 1983//8996 4538//8996
f 4538//8997 4542//8997 4543//8997
f 1983//8998 4543//8998 1987//8998
f 4544//8999 4542//8999 4541//8999
f 4544//9000 4543//9000 4542//9000
f 4545//9001 4541//9001 2098//9001
f 1987//9002 4543//9002 4546//9002
f 4544//9003 4546//9003 4543//9003
f 4541//9004 4545//9004 4547//9004
f 4544//9005 4541//9005 4547//9005
f 4545//9006 2098//9006 4548//9006
f 2096//9007 4548//9007 2098//9007
f 4549//9008 4545//9008 4548//9008
f 4547//9009 4545//9009 4549//9009
f 4548//9010 2096//9010 4550//9010
f 4550//9011 4549//9011 4548//9011
f 4547//9012 4551//9012 4544//9012
f 4552//9013 4546//9013 4544//9013
f 4551//9014 4552//9014 4544//9014
f 4552//9015 4553//9015 4546//9015
f 1987//9016 4546//9016 4553//9016
f 4552//9017 4551//9017 4554//9017
f 4547//9018 4555//9018 4551//9018
f 4554//9019 4551//9019 4555//9019
f 4554//9020 4556//9020 4552//9020
f 4552//9021 4556//9021 4553//9021
f 4555//9022 4557//9022 4554//9022
f 4557//9023 4556//9023 4554//9023
f 4555//9024 4547//9024 4558//9024
f 4549//9025 4558//9025 4547//9025
f 4555//9026 4559//9026 4557//9026
f 4555//9027 4558//9027 4559//9027
f 4558//9028 4549//9028 4560//9028
f 4550//9029 4560//9029 4549//9029
f 4560//9030 4561//9030 4558//9030
f 4560//9031 4550//9031 4561//9031
f 4558//9032 4561//9032 4559//9032
f 4556//9033 4557//9033 4562//9033
f 4559//9034 4562//9034 4557//9034
f 4561//9035 4550//9035 4563//9035
f 4563//9036 4550//9036 4564//9036
f 4550//9037 2096//9037 4564//9037
f 4565//9038 4561//9038 4563//9038
f 4565//9039 4563//9039 4564//9039
f 4566//9040 4564//9040 2096//9040
f 4565//9041 4564//9041 4566//9041
f 2095//9042 4566//9042 2096//9042
f 2097//9043 4566//9043 2095//9043
f 4559//9044 4561//9044 4567//9044
f 4565//9045 4567//9045 4561//9045
f 4559//9046 4567//9046 4568//9046
f 4568//9047 4562//9047 4559//9047
f 4568//9048 4567//9048 4569//9048
f 4570//9049 4566//9049 2097//9049
f 4570//9050 4565//9050 4566//9050
f 4571//9051 4570//9051 2097//9051
f 4570//9052 4572//9052 4565//9052
f 4571//9053 2097//9053 4573//9053
f 4574//9054 4570//9054 4571//9054
f 4570//9055 4574//9055 4572//9055
f 4574//9056 4571//9056 4573//9056
f 4573//9057 2097//9057 2036//9057
f 4565//9058 4572//9058 4575//9058
f 4575//9059 4567//9059 4565//9059
f 4575//9060 4572//9060 4574//9060
f 4575//9061 4569//9061 4567//9061
f 4575//9062 4576//9062 4569//9062
f 4569//9063 4576//9063 4568//9063
f 4574//9064 4576//9064 4575//9064
f 4576//9065 4577//9065 4568//9065
f 4568//9066 4577//9066 4562//9066
f 4576//9067 4578//9067 4577//9067
f 4576//9068 4574//9068 4579//9068
f 4576//9069 4579//9069 4578//9069
f 4577//9070 4578//9070 4580//9070
f 4579//9071 4580//9071 4578//9071
f 4581//9072 4562//9072 4577//9072
f 4580//9073 4581//9073 4577//9073
f 4582//9074 4562//9074 4581//9074
f 4582//9075 4556//9075 4562//9075
f 4556//9076 4582//9076 4553//9076
f 4582//9077 4581//9077 4583//9077
f 4583//9078 4553//9078 4582//9078
f 4580//9079 4584//9079 4581//9079
f 4581//9080 4584//9080 4583//9080
f 4585//9081 4553//9081 4583//9081
f 4585//9082 4583//9082 4584//9082
f 4585//9083 1987//9083 4553//9083
f 1986//9084 1987//9084 4585//9084
f 4586//9085 4585//9085 4584//9085
f 4584//9086 4580//9086 4586//9086
f 4587//9087 1986//9087 4585//9087
f 4586//9088 4587//9088 4585//9088
f 4588//9089 1986//9089 4587//9089
f 4588//9090 1995//9090 1986//9090
f 4587//9091 4586//9091 4589//9091
f 4587//9092 4589//9092 4588//9092
f 4588//9093 4590//9093 1995//9093
f 4588//9094 4589//9094 4590//9094
f 2036//9095 1995//9095 4590//9095
f 2036//9096 4590//9096 4573//9096
f 4589//9097 4573//9097 4590//9097
f 4589//9098 4591//9098 4573//9098
f 4589//9099 4586//9099 4591//9099
f 4574//9100 4573//9100 4591//9100
f 4591//9101 4586//9101 4592//9101
f 4591//9102 4592//9102 4574//9102
f 4586//9103 4580//9103 4592//9103
f 4574//9104 4592//9104 4579//9104
f 4580//9105 4579//9105 4592//9105
f 4593//9106 4594//9106 4595//9106
f 4594//9107 4596//9107 4595//9107
f 4594//9108 4593//9108 4597//9108
f 4596//9109 4594//9109 4598//9109
f 4594//9110 4597//9110 4598//9110
f 4597//9111 4593//9111 4599//9111
f 4597//9112 4600//9112 4598//9112
f 4600//9113 4601//9113 4598//9113
f 4602//9114 4600//9114 4597//9114
f 4602//9115 4597//9115 4599//9115
f 4601//9116 4600//9116 4603//9116
f 4603//9117 4600//9117 4602//9117
f 4604//9118 4598//9118 4601//9118
f 4601//9119 4603//9119 4604//9119
f 4596//9120 4598//9120 4604//9120
f 4603//9121 4602//9121 4605//9121
f 4606//9122 4596//9122 4604//9122
f 4604//9123 4603//9123 4607//9123
f 4604//9124 4608//9124 4606//9124
f 4608//9125 4604//9125 4607//9125
f 4603//9126 4609//9126 4607//9126
f 4605//9127 4609//9127 4603//9127
f 4607//9128 4610//9128 4608//9128
f 4611//9129 4605//9129 4602//9129
f 4602//9130 4599//9130 4611//9130
f 4607//9131 4609//9131 4612//9131
f 4612//9132 4610//9132 4607//9132
f 4609//9133 4605//9133 4613//9133
f 4612//9134 4609//9134 4613//9134
f 4614//9135 4605//9135 4611//9135
f 4614//9136 4613//9136 4605//9136
f 4610//9137 4615//9137 4608//9137
f 4615//9138 4606//9138 4608//9138
f 4616//9139 4615//9139 4610//9139
f 4616//9140 4610//9140 4612//9140
f 4617//9141 4606//9141 4615//9141
f 4616//9142 4618//9142 4615//9142
f 4617//9143 4615//9143 4618//9143
f 4617//9144 4619//9144 4606//9144
f 4619//9145 4596//9145 4606//9145
f 4620//9146 4619//9146 4617//9146
f 4619//9147 4621//9147 4596//9147
f 4619//9148 4620//9148 4621//9148
f 4595//9149 4596//9149 4621//9149
f 4617//9150 4618//9150 4622//9150
f 4620//9151 4617//9151 4622//9151
f 4623//9152 4618//9152 4616//9152
f 4618//9153 4623//9153 4622//9153
f 4624//9154 4595//9154 4621//9154
f 4624//9155 4621//9155 4620//9155
f 4624//9156 4625//9156 4595//9156
f 4625//9157 4626//9157 4595//9157
f 4624//9158 4627//9158 4625//9158
f 4593//9159 4595//9159 4626//9159
f 4624//9160 4620//9160 4628//9160
f 4627//9161 4624//9161 4628//9161
f 4627//9162 4629//9162 4625//9162
f 4629//9163 4626//9163 4625//9163
f 4628//9164 4629//9164 4627//9164
f 4626//9165 4630//9165 4593//9165
f 4599//9166 4593//9166 4630//9166
f 4631//9167 4628//9167 4620//9167
f 4620//9168 4622//9168 4631//9168
f 4630//9169 4626//9169 4632//9169
f 4630//9170 4633//9170 4599//9170
f 4632//9171 4633//9171 4630//9171
f 4633//9172 4634//9172 4599//9172
f 4634//9173 4635//9173 4599//9173
f 4635//9174 4611//9174 4599//9174
f 4636//9175 4634//9175 4633//9175
f 4634//9176 4636//9176 4635//9176
f 4637//9177 4611//9177 4635//9177
f 4633//9178 4638//9178 4636//9178
f 4637//9179 4614//9179 4611//9179
f 4633//9180 4632//9180 4639//9180
f 4639//9181 4638//9181 4633//9181
f 4640//9182 4632//9182 4626//9182
f 4626//9183 4629//9183 4640//9183
f 4640//9184 4641//9184 4632//9184
f 4640//9185 4629//9185 4642//9185
f 4640//9186 4642//9186 4641//9186
f 4629//9187 4643//9187 4642//9187
f 4629//9188 4628//9188 4643//9188
f 4632//9189 4641//9189 4644//9189
f 4644//9190 4639//9190 4632//9190
f 4641//9191 4642//9191 4645//9191
f 4645//9192 4644//9192 4641//9192
f 4642//9193 4646//9193 4645//9193
f 4643//9194 4646//9194 4642//9194
f 4644//9195 4645//9195 4647//9195
f 4644//9196 4647//9196 4639//9196
f 4648//9197 4645//9197 4646//9197
f 4648//9198 4647//9198 4645//9198
f 4649//9199 4646//9199 4643//9199
f 4643//9200 4628//9200 4650//9200
f 4631//9201 4650//9201 4628//9201
f 4649//9202 4643//9202 4651//9202
f 4650//9203 4652//9203 4643//9203
f 4652//9204 4651//9204 4643//9204
f 4652//9205 4650//9205 4653//9205
f 4650//9206 4631//9206 4653//9206
f 2302//9207 4651//9207 4652//9207
f 2307//9208 2302//9208 4652//9208
f 2307//9209 4652//9209 4653//9209
f 4651//9210 2302//9210 4654//9210
f 4651//9211 4654//9211 4649//9211
f 4654//9212 2302//9212 2289//9212
f 4655//9213 4654//9213 2289//9213
f 4655//9214 2289//9214 2286//9214
f 4655//9215 2286//9215 2283//9215
f 4656//9216 4654//9216 4655//9216
f 4654//9217 4656//9217 4649//9217
f 4655//9218 2283//9218 4656//9218
f 4656//9219 4646//9219 4649//9219
f 2283//9220 4657//9220 4656//9220
f 4657//9221 4646//9221 4656//9221
f 4657//9222 2283//9222 2285//9222
f 4648//9223 4646//9223 4657//9223
f 2285//9224 4648//9224 4657//9224
f 4648//9225 2285//9225 4658//9225
f 2285//9226 4659//9226 4658//9226
f 2284//9227 4659//9227 2285//9227
f 4660//9228 4648//9228 4658//9228
f 4659//9229 2284//9229 2281//9229
f 4660//9230 4661//9230 4648//9230
f 4647//9231 4648//9231 4661//9231
f 4660//9232 4662//9232 4661//9232
f 4661//9233 4662//9233 4647//9233
f 4658//9234 4663//9234 4660//9234
f 4662//9235 4660//9235 4664//9235
f 4660//9236 4663//9236 4664//9236
f 4663//9237 4662//9237 4664//9237
f 4658//9238 4665//9238 4663//9238
f 4659//9239 4665//9239 4658//9239
f 4666//9240 4662//9240 4663//9240
f 4667//9241 4663//9241 4665//9241
f 4666//9242 4663//9242 4667//9242
f 4662//9243 4666//9243 4668//9243
f 4667//9244 4668//9244 4666//9244
f 4662//9245 4668//9245 4669//9245
f 4647//9246 4662//9246 4669//9246
f 4670//9247 4668//9247 4667//9247
f 4669//9248 4668//9248 4670//9248
f 4647//9249 4669//9249 4671//9249
f 4669//9250 4670//9250 4671//9250
f 4647//9251 4671//9251 4639//9251
f 4672//9252 4639//9252 4671//9252
f 4670//9253 4672//9253 4671//9253
f 4638//9254 4639//9254 4672//9254
f 4667//9255 4673//9255 4670//9255
f 4665//9256 4674//9256 4667//9256
f 4674//9257 4673//9257 4667//9257
f 4659//9258 4674//9258 4665//9258
f 4673//9259 4675//9259 4670//9259
f 4675//9260 4672//9260 4670//9260
f 4673//9261 4674//9261 4676//9261
f 4673//9262 4676//9262 4675//9262
f 4677//9263 4674//9263 4659//9263
f 4676//9264 4674//9264 4677//9264
f 4678//9265 4672//9265 4675//9265
f 4678//9266 4675//9266 4676//9266
f 4672//9267 4679//9267 4638//9267
f 4672//9268 4678//9268 4679//9268
f 4680//9269 4638//9269 4679//9269
f 4638//9270 4680//9270 4636//9270
f 4681//9271 4680//9271 4679//9271
f 4681//9272 4679//9272 4678//9272
f 4682//9273 4636//9273 4680//9273
f 4636//9274 4682//9274 4635//9274
f 4680//9275 4681//9275 4683//9275
f 4680//9276 4683//9276 4682//9276
f 4635//9277 4682//9277 4684//9277
f 4681//9278 4685//9278 4683//9278
f 4685//9279 4681//9279 4678//9279
f 4637//9280 4635//9280 4684//9280
f 4686//9281 4684//9281 4682//9281
f 4686//9282 4637//9282 4684//9282
f 4682//9283 4683//9283 4686//9283
f 4687//9284 4686//9284 4683//9284
f 4683//9285 4685//9285 4687//9285
f 4688//9286 4637//9286 4686//9286
f 4688//9287 4689//9287 4637//9287
f 4614//9288 4637//9288 4689//9288
f 4690//9289 4688//9289 4686//9289
f 4686//9290 4687//9290 4690//9290
f 4688//9291 4691//9291 4689//9291
f 4614//9292 4689//9292 4691//9292
f 4690//9293 4691//9293 4688//9293
f 4614//9294 4691//9294 4692//9294
f 4690//9295 4687//9295 4693//9295
f 4614//9296 4692//9296 4613//9296
f 4690//9297 4694//9297 4691//9297
f 4692//9298 4691//9298 4694//9298
f 4690//9299 4693//9299 4695//9299
f 4687//9300 4696//9300 4693//9300
f 4696//9301 4695//9301 4693//9301
f 4696//9302 4687//9302 4697//9302
f 4685//9303 4697//9303 4687//9303
f 4690//9304 4698//9304 4694//9304
f 4690//9305 4695//9305 4698//9305
f 4699//9306 4692//9306 4694//9306
f 4699//9307 4694//9307 4698//9307
f 4700//9308 4692//9308 4699//9308
f 4613//9309 4692//9309 4700//9309
f 4698//9310 4701//9310 4699//9310
f 4701//9311 4698//9311 4695//9311
f 4701//9312 4702//9312 4699//9312
f 4702//9313 4701//9313 4695//9313
f 4699//9314 4703//9314 4700//9314
f 4699//9315 4702//9315 4703//9315
f 4613//9316 4700//9316 4703//9316
f 4695//9317 4703//9317 4702//9317
f 4703//9318 4695//9318 4704//9318
f 4696//9319 4704//9319 4695//9319
f 4696//9320 4705//9320 4704//9320
f 4705//9321 4703//9321 4704//9321
f 4697//9322 4705//9322 4696//9322
f 4703//9323 4705//9323 4706//9323
f 4697//9324 4706//9324 4705//9324
f 4613//9325 4703//9325 4707//9325
f 4706//9326 4707//9326 4703//9326
f 4707//9327 4708//9327 4613//9327
f 4613//9328 4708//9328 4612//9328
f 4708//9329 4707//9329 4709//9329
f 4707//9330 4706//9330 4709//9330
f 4710//9331 4612//9331 4708//9331
f 4708//9332 4709//9332 4710//9332
f 4612//9333 4710//9333 4711//9333
f 4711//9334 4616//9334 4612//9334
f 4710//9335 4709//9335 4225//9335
f 4226//9336 4710//9336 4225//9336
f 4710//9337 4226//9337 4712//9337
f 4710//9338 4712//9338 4711//9338
f 4712//9339 4226//9339 4229//9339
f 4711//9340 4712//9340 4229//9340
f 4616//9341 4711//9341 4713//9341
f 4229//9342 4714//9342 4711//9342
f 4713//9343 4711//9343 4714//9343
f 4616//9344 4713//9344 4623//9344
f 4229//9345 4715//9345 4714//9345
f 4715//9346 4713//9346 4714//9346
f 4623//9347 4713//9347 4715//9347
f 4230//9348 4715//9348 4229//9348
f 4623//9349 4715//9349 4716//9349
f 4230//9350 4716//9350 4715//9350
f 4716//9351 4717//9351 4623//9351
f 4622//9352 4623//9352 4717//9352
f 4718//9353 4716//9353 4230//9353
f 4718//9354 4717//9354 4716//9354
f 4718//9355 4230//9355 4236//9355
f 4622//9356 4717//9356 4719//9356
f 4718//9357 4719//9357 4717//9357
f 4718//9358 4720//9358 4719//9358
f 4236//9359 4720//9359 4718//9359
f 4721//9360 4720//9360 4236//9360
f 4719//9361 4720//9361 4721//9361
f 4236//9362 4234//9362 4721//9362
f 4622//9363 4719//9363 4722//9363
f 4719//9364 4721//9364 4722//9364
f 4631//9365 4622//9365 4722//9365
f 4721//9366 4234//9366 4723//9366
f 4723//9367 4722//9367 4721//9367
f 4234//9368 4237//9368 4723//9368
f 4631//9369 4722//9369 4724//9369
f 4722//9370 4723//9370 4724//9370
f 4237//9371 4725//9371 4723//9371
f 4237//9372 4254//9372 4725//9372
f 4725//9373 4254//9373 4258//9373
f 4723//9374 4725//9374 4726//9374
f 4723//9375 4726//9375 4724//9375
f 4727//9376 4725//9376 4258//9376
f 4727//9377 4726//9377 4725//9377
f 4726//9378 4728//9378 4724//9378
f 4631//9379 4724//9379 4728//9379
f 4728//9380 4726//9380 4727//9380
f 4729//9381 4631//9381 4728//9381
f 4653//9382 4631//9382 4729//9382
f 4729//9383 4728//9383 4730//9383
f 4730//9384 4653//9384 4729//9384
f 4730//9385 4728//9385 4727//9385
f 4730//9386 4731//9386 4653//9386
f 2307//9387 4653//9387 4731//9387
f 2307//9388 4731//9388 2308//9388
f 2308//9389 4731//9389 2311//9389
f 2311//9390 4731//9390 4730//9390
f 4732//9391 4730//9391 4727//9391
f 2311//9392 4730//9392 4732//9392
f 4733//9393 4732//9393 4727//9393
f 4727//9394 4258//9394 4733//9394
f 2379//9395 4733//9395 4258//9395
f 2379//9396 2319//9396 4733//9396
f 4732//9397 4733//9397 4734//9397
f 2311//9398 4732//9398 4734//9398
f 4734//9399 4733//9399 2319//9399
f 4734//9400 2313//9400 2311//9400
f 2313//9401 4734//9401 2319//9401
f 3119//9402 3316//9402 4735//9402
f 3119//9403 4735//9403 3126//9403
f 4736//9404 4735//9404 3316//9404
f 4737//9405 3126//9405 4735//9405
f 4738//9406 4735//9406 4736//9406
f 4737//9407 4735//9407 4738//9407
f 4738//9408 4736//9408 4739//9408
f 4738//9409 4739//9409 4737//9409
f 4736//9410 3316//9410 4740//9410
f 4740//9411 3316//9411 4741//9411
f 4741//9412 3316//9412 3318//9412
f 4740//9413 4742//9413 4736//9413
f 4741//9414 4743//9414 4740//9414
f 4740//9415 4743//9415 4742//9415
f 4741//9416 3318//9416 4744//9416
f 4744//9417 4743//9417 4741//9417
f 4744//9418 3318//9418 4745//9418
f 3313//9419 4745//9419 3318//9419
f 4746//9420 4736//9420 4742//9420
f 4739//9421 4736//9421 4746//9421
f 4746//9422 4742//9422 4747//9422
f 4747//9423 4742//9423 4743//9423
f 4748//9424 4745//9424 3313//9424
f 3313//9425 3309//9425 4748//9425
f 4748//9426 3309//9426 4749//9426
f 4749//9427 3309//9427 3299//9427
f 4748//9428 4750//9428 4745//9428
f 4749//9429 4750//9429 4748//9429
f 4749//9430 3299//9430 4751//9430
f 4751//9431 4750//9431 4749//9431
f 4751//9432 3299//9432 3286//9432
f 4751//9433 3286//9433 4752//9433
f 4752//9434 4750//9434 4751//9434
f 3287//9435 4752//9435 3286//9435
f 3284//9436 4752//9436 3287//9436
f 4753//9437 4745//9437 4750//9437
f 4744//9438 4745//9438 4753//9438
f 4754//9439 4750//9439 4752//9439
f 3284//9440 4754//9440 4752//9440
f 4750//9441 4754//9441 4755//9441
f 4753//9442 4750//9442 4755//9442
f 4755//9443 4754//9443 4756//9443
f 4756//9444 4754//9444 3284//9444
f 4753//9445 4755//9445 4757//9445
f 4755//9446 4756//9446 4757//9446
f 4753//9447 4758//9447 4744//9447
f 4756//9448 3284//9448 4759//9448
f 4759//9449 4757//9449 4756//9449
f 4744//9450 4758//9450 4743//9450
f 4753//9451 4757//9451 4760//9451
f 4760//9452 4758//9452 4753//9452
f 4760//9453 4757//9453 4761//9453
f 4760//9454 4762//9454 4758//9454
f 4760//9455 4761//9455 4762//9455
f 4763//9456 4761//9456 4757//9456
f 4759//9457 4763//9457 4757//9457
f 4762//9458 4761//9458 4764//9458
f 4758//9459 4765//9459 4743//9459
f 4762//9460 4766//9460 4758//9460
f 4758//9461 4766//9461 4765//9461
f 4767//9462 4766//9462 4762//9462
f 4764//9463 4767//9463 4762//9463
f 4767//9464 4768//9464 4766//9464
f 4768//9465 4767//9465 4764//9465
f 4766//9466 4769//9466 4765//9466
f 4766//9467 4768//9467 4769//9467
f 4770//9468 4743//9468 4765//9468
f 4765//9469 4769//9469 4770//9469
f 4747//9470 4743//9470 4770//9470
f 4768//9471 4771//9471 4769//9471
f 4772//9472 4770//9472 4769//9472
f 4769//9473 4771//9473 4772//9473
f 4773//9474 4770//9474 4772//9474
f 4773//9475 4747//9475 4770//9475
f 4772//9476 4774//9476 4773//9476
f 4772//9477 4771//9477 4774//9477
f 4775//9478 4747//9478 4773//9478
f 4747//9479 4775//9479 4746//9479
f 4773//9480 4774//9480 4776//9480
f 4773//9481 4776//9481 4775//9481
f 4777//9482 4774//9482 4771//9482
f 4777//9483 4776//9483 4774//9483
f 4768//9484 4778//9484 4771//9484
f 4746//9485 4775//9485 4779//9485
f 4768//9486 4780//9486 4778//9486
f 4779//9487 4739//9487 4746//9487
f 4764//9488 4780//9488 4768//9488
f 4781//9489 4771//9489 4778//9489
f 4777//9490 4771//9490 4781//9490
f 4781//9491 4778//9491 4780//9491
f 4782//9492 4739//9492 4779//9492
f 4782//9493 4737//9493 4739//9493
f 4783//9494 4779//9494 4775//9494
f 4775//9495 4776//9495 4783//9495
f 4784//9496 4779//9496 4783//9496
f 4779//9497 4784//9497 4782//9497
f 4783//9498 4776//9498 4785//9498
f 4783//9499 4785//9499 4784//9499
f 4782//9500 4784//9500 4786//9500
f 4784//9501 4785//9501 4786//9501
f 4787//9502 4737//9502 4782//9502
f 4782//9503 4788//9503 4787//9503
f 4782//9504 4786//9504 4788//9504
f 4789//9505 4737//9505 4787//9505
f 4789//9506 3126//9506 4737//9506
f 4789//9507 3124//9507 3126//9507
f 4789//9508 4787//9508 4790//9508
f 4787//9509 4788//9509 4790//9509
f 4791//9510 3124//9510 4789//9510
f 4789//9511 4790//9511 4791//9511
f 4791//9512 3122//9512 3124//9512
f 3128//9513 3122//9513 4791//9513
f 4791//9514 4792//9514 3128//9514
f 4791//9515 4790//9515 4792//9515
f 3134//9516 3128//9516 4792//9516
f 4793//9517 4790//9517 4788//9517
f 4788//9518 4786//9518 4793//9518
f 4790//9519 4794//9519 4792//9519
f 4794//9520 4790//9520 4793//9520
f 4795//9521 4793//9521 4786//9521
f 4793//9522 4796//9522 4794//9522
f 4796//9523 4793//9523 4795//9523
f 4786//9524 4797//9524 4795//9524
f 4795//9525 4797//9525 4796//9525
f 4786//9526 4785//9526 4797//9526
f 4798//9527 4792//9527 4794//9527
f 4794//9528 4796//9528 4798//9528
f 4799//9529 4792//9529 4798//9529
f 3134//9530 4792//9530 4799//9530
f 4800//9531 4798//9531 4796//9531
f 4801//9532 3134//9532 4799//9532
f 3144//9533 3134//9533 4801//9533
f 4802//9534 4799//9534 4798//9534
f 4802//9535 4798//9535 4800//9535
f 4801//9536 4799//9536 4802//9536
f 4796//9537 4803//9537 4800//9537
f 4800//9538 4803//9538 4802//9538
f 4796//9539 4797//9539 4803//9539
f 4802//9540 4804//9540 4801//9540
f 4801//9541 4804//9541 3144//9541
f 4802//9542 4803//9542 4804//9542
f 4805//9543 4803//9543 4797//9543
f 4804//9544 4803//9544 4805//9544
f 4805//9545 4797//9545 4785//9545
f 3144//9546 4804//9546 4806//9546
f 3144//9547 4806//9547 3142//9547
f 3142//9548 4806//9548 3151//9548
f 4807//9549 4806//9549 4804//9549
f 4807//9550 3151//9550 4806//9550
f 4805//9551 4808//9551 4804//9551
f 4804//9552 4808//9552 4807//9552
f 4805//9553 4785//9553 4809//9553
f 4808//9554 4805//9554 4810//9554
f 4810//9555 4805//9555 4809//9555
f 4809//9556 4785//9556 4811//9556
f 4811//9557 4785//9557 4776//9557
f 4811//9558 4776//9558 4777//9558
f 4811//9559 4812//9559 4809//9559
f 4777//9560 4813//9560 4811//9560
f 4811//9561 4813//9561 4812//9561
f 4814//9562 4809//9562 4812//9562
f 4810//9563 4809//9563 4814//9563
f 4813//9564 4814//9564 4812//9564
f 4814//9565 4815//9565 4810//9565
f 4810//9566 4815//9566 4808//9566
f 4813//9567 4816//9567 4814//9567
f 4815//9568 4814//9568 4816//9568
f 4781//9569 4813//9569 4777//9569
f 4781//9570 4817//9570 4813//9570
f 4818//9571 4813//9571 4817//9571
f 4818//9572 4816//9572 4813//9572
f 4781//9573 4819//9573 4817//9573
f 4818//9574 4817//9574 4819//9574
f 4820//9575 4819//9575 4781//9575
f 4781//9576 4780//9576 4820//9576
f 4818//9577 4819//9577 4821//9577
f 4816//9578 4818//9578 4821//9578
f 4822//9579 4819//9579 4820//9579
f 4820//9580 4780//9580 4822//9580
f 4821//9581 4819//9581 4823//9581
f 4822//9582 4823//9582 4819//9582
f 4822//9583 4780//9583 4824//9583
f 4764//9584 4824//9584 4780//9584
f 4825//9585 4823//9585 4822//9585
f 4826//9586 4824//9586 4764//9586
f 4826//9587 4764//9587 4761//9587
f 4822//9588 4824//9588 4827//9588
f 4826//9589 4827//9589 4824//9589
f 4822//9590 4827//9590 4825//9590
f 4763//9591 4826//9591 4761//9591
f 4825//9592 4828//9592 4823//9592
f 4828//9593 4821//9593 4823//9593
f 4829//9594 4826//9594 4763//9594
f 4827//9595 4826//9595 4829//9595
f 4825//9596 4827//9596 4830//9596
f 4829//9597 4830//9597 4827//9597
f 4830//9598 4831//9598 4825//9598
f 4831//9599 4828//9599 4825//9599
f 4829//9600 4832//9600 4830//9600
f 4763//9601 4832//9601 4829//9601
f 4830//9602 4833//9602 4831//9602
f 4832//9603 4833//9603 4830//9603
f 4832//9604 4763//9604 4834//9604
f 4834//9605 4763//9605 4759//9605
f 4832//9606 4835//9606 4833//9606
f 4834//9607 4835//9607 4832//9607
f 4833//9608 4836//9608 4831//9608
f 4834//9609 4759//9609 4837//9609
f 4835//9610 4838//9610 4833//9610
f 4833//9611 4838//9611 4836//9611
f 4834//9612 4839//9612 4835//9612
f 4835//9613 4839//9613 4838//9613
f 4837//9614 4840//9614 4834//9614
f 4834//9615 4840//9615 4839//9615
f 4759//9616 4841//9616 4837//9616
f 4840//9617 4837//9617 4841//9617
f 4759//9618 3284//9618 4841//9618
f 3284//9619 4842//9619 4841//9619
f 4841//9620 4842//9620 4840//9620
f 3282//9621 4842//9621 3284//9621
f 4843//9622 4842//9622 3282//9622
f 3282//9623 3277//9623 4843//9623
f 4844//9624 4840//9624 4842//9624
f 4843//9625 4844//9625 4842//9625
f 4845//9626 4840//9626 4844//9626
f 4840//9627 4845//9627 4839//9627
f 4846//9628 4844//9628 4843//9628
f 4844//9629 4846//9629 4845//9629
f 4847//9630 4843//9630 3277//9630
f 4843//9631 4847//9631 4846//9631
f 4848//9632 4847//9632 3277//9632
f 4848//9633 3277//9633 3279//9633
f 4847//9634 4848//9634 4849//9634
f 4849//9635 4846//9635 4847//9635
f 4850//9636 4848//9636 3279//9636
f 4848//9637 4850//9637 4849//9637
f 3279//9638 3280//9638 4850//9638
f 4851//9639 4846//9639 4849//9639
f 4850//9640 3280//9640 4852//9640
f 4849//9641 4850//9641 4853//9641
f 4850//9642 4852//9642 4853//9642
f 4849//9643 4853//9643 4854//9643
f 4849//9644 4854//9644 4851//9644
f 4853//9645 4852//9645 4855//9645
f 3280//9646 4856//9646 4852//9646
f 4852//9647 4856//9647 4855//9647
f 4854//9648 4853//9648 4857//9648
f 4853//9649 4855//9649 4857//9649
f 4851//9650 4854//9650 4858//9650
f 4854//9651 4857//9651 4858//9651
f 4851//9652 4858//9652 4859//9652
f 4846//9653 4851//9653 4859//9653
f 4858//9654 4857//9654 4860//9654
f 4846//9655 4859//9655 4861//9655
f 4845//9656 4846//9656 4861//9656
f 4859//9657 4858//9657 4862//9657
f 4858//9658 4860//9658 4862//9658
f 4861//9659 4859//9659 4863//9659
f 4859//9660 4862//9660 4863//9660
f 4845//9661 4861//9661 4864//9661
f 4839//9662 4845//9662 4864//9662
f 4839//9663 4864//9663 4838//9663
f 4864//9664 4861//9664 4865//9664
f 4861//9665 4863//9665 4865//9665
f 4838//9666 4864//9666 4866//9666
f 4864//9667 4865//9667 4866//9667
f 4838//9668 4866//9668 4836//9668
f 4865//9669 4863//9669 4867//9669
f 4866//9670 4865//9670 4868//9670
f 4865//9671 4867//9671 4868//9671
f 4836//9672 4866//9672 4869//9672
f 4868//9673 4869//9673 4866//9673
f 4863//9674 4862//9674 4870//9674
f 4863//9675 4870//9675 4867//9675
f 4862//9676 4871//9676 4870//9676
f 4862//9677 4860//9677 4871//9677
f 4872//9678 4867//9678 4870//9678
f 4870//9679 4871//9679 4872//9679
f 4868//9680 4867//9680 4873//9680
f 4874//9681 4873//9681 4867//9681
f 4867//9682 4872//9682 4874//9682
f 4868//9683 4873//9683 4875//9683
f 4875//9684 4869//9684 4868//9684
f 4875//9685 4873//9685 4876//9685
f 4873//9686 4874//9686 4876//9686
f 4875//9687 4876//9687 4877//9687
f 4874//9688 4877//9688 4876//9688
f 4875//9689 4878//9689 4869//9689
f 4875//9690 4877//9690 4878//9690
f 4879//9691 4872//9691 4871//9691
f 4871//9692 4880//9692 4879//9692
f 4860//9693 4880//9693 4871//9693
f 4879//9694 4881//9694 4872//9694
f 4880//9695 4881//9695 4879//9695
f 4872//9696 4881//9696 4882//9696
f 4872//9697 4882//9697 4874//9697
f 4883//9698 4877//9698 4874//9698
f 4881//9699 4884//9699 4882//9699
f 4884//9700 4881//9700 4885//9700
f 4880//9701 4885//9701 4881//9701
f 4886//9702 4882//9702 4884//9702
f 4887//9703 4874//9703 4882//9703
f 4886//9704 4887//9704 4882//9704
f 4883//9705 4874//9705 4888//9705
f 4887//9706 4888//9706 4874//9706
f 4889//9707 4883//9707 4888//9707
f 4889//9708 4877//9708 4883//9708
f 4890//9709 4888//9709 4887//9709
f 4888//9710 4890//9710 4889//9710
f 4887//9711 4886//9711 4891//9711
f 4890//9712 4887//9712 4891//9712
f 4886//9713 4884//9713 4892//9713
f 4892//9714 4884//9714 4885//9714
f 4891//9715 4886//9715 3223//9715
f 4886//9716 4892//9716 3223//9716
f 4893//9717 4891//9717 3223//9717
f 4894//9718 4890//9718 4891//9718
f 4894//9719 4891//9719 4893//9719
f 4890//9720 4894//9720 4895//9720
f 4895//9721 4889//9721 4890//9721
f 4893//9722 3223//9722 3212//9722
f 3211//9723 4893//9723 3212//9723
f 4896//9724 4893//9724 3211//9724
f 3210//9725 4896//9725 3211//9725
f 4893//9726 4897//9726 4894//9726
f 4893//9727 4896//9727 4897//9727
f 4898//9728 4895//9728 4894//9728
f 4894//9729 4897//9729 4898//9729
f 4899//9730 4897//9730 4896//9730
f 4896//9731 3210//9731 4899//9731
f 4899//9732 4900//9732 4897//9732
f 4897//9733 4900//9733 4898//9733
f 4901//9734 4899//9734 3210//9734
f 4899//9735 4901//9735 4900//9735
f 4902//9736 4901//9736 3210//9736
f 3210//9737 3200//9737 4902//9737
f 4903//9738 4902//9738 3200//9738
f 4901//9739 4902//9739 4903//9739
f 3199//9740 4903//9740 3200//9740
f 4903//9741 3199//9741 3193//9741
f 4901//9742 4903//9742 4904//9742
f 4904//9743 4900//9743 4901//9743
f 3193//9744 4905//9744 4903//9744
f 4904//9745 4903//9745 4905//9745
f 3193//9746 4906//9746 4905//9746
f 3161//9747 4906//9747 3193//9747
f 4904//9748 4905//9748 4907//9748
f 4907//9749 4905//9749 4906//9749
f 3161//9750 3159//9750 4906//9750
f 4908//9751 4906//9751 3159//9751
f 4907//9752 4906//9752 4908//9752
f 3159//9753 4909//9753 4908//9753
f 4908//9754 4910//9754 4907//9754
f 4909//9755 4910//9755 4908//9755
f 4907//9756 4911//9756 4904//9756
f 4904//9757 4911//9757 4900//9757
f 4907//9758 4912//9758 4911//9758
f 4907//9759 4910//9759 4912//9759
f 4913//9760 4911//9760 4912//9760
f 4913//9761 4912//9761 4910//9761
f 4900//9762 4911//9762 4914//9762
f 4914//9763 4911//9763 4913//9763
f 4900//9764 4914//9764 4915//9764
f 4915//9765 4898//9765 4900//9765
f 4913//9766 4916//9766 4914//9766
f 4917//9767 4898//9767 4915//9767
f 4913//9768 4910//9768 4918//9768
f 4918//9769 4916//9769 4913//9769
f 4919//9770 4915//9770 4914//9770
f 4919//9771 4917//9771 4915//9771
f 4919//9772 4914//9772 4916//9772
f 4917//9773 4920//9773 4898//9773
f 4919//9774 4920//9774 4917//9774
f 4920//9775 4921//9775 4898//9775
f 4921//9776 4895//9776 4898//9776
f 4922//9777 4920//9777 4919//9777
f 4916//9778 4922//9778 4919//9778
f 4921//9779 4920//9779 4923//9779
f 4922//9780 4923//9780 4920//9780
f 4921//9781 4924//9781 4895//9781
f 4923//9782 4924//9782 4921//9782
f 4923//9783 4922//9783 4925//9783
f 4925//9784 4922//9784 4916//9784
f 4925//9785 4916//9785 4926//9785
f 4918//9786 4926//9786 4916//9786
f 4925//9787 4927//9787 4923//9787
f 4927//9788 4924//9788 4923//9788
f 4926//9789 4928//9789 4925//9789
f 4928//9790 4926//9790 4918//9790
f 4925//9791 4928//9791 4927//9791
f 4929//9792 4928//9792 4918//9792
f 4928//9793 4929//9793 4927//9793
f 4910//9794 4929//9794 4918//9794
f 4929//9795 4910//9795 4909//9795
f 4889//9796 4895//9796 4924//9796
f 4927//9797 4929//9797 4930//9797
f 4931//9798 4929//9798 4909//9798
f 4929//9799 4931//9799 4930//9799
f 4924//9800 4927//9800 4932//9800
f 4927//9801 4930//9801 4932//9801
f 4924//9802 4933//9802 4889//9802
f 4932//9803 4933//9803 4924//9803
f 4909//9804 4934//9804 4931//9804
f 4935//9805 4932//9805 4930//9805
f 4909//9806 4936//9806 4934//9806
f 4936//9807 4909//9807 3159//9807
f 4936//9808 3159//9808 3154//9808
f 4937//9809 4931//9809 4934//9809
f 4937//9810 4930//9810 4931//9810
f 4938//9811 4934//9811 4936//9811
f 4938//9812 4937//9812 4934//9812
f 3154//9813 4939//9813 4936//9813
f 4938//9814 4936//9814 4939//9814
f 4939//9815 3154//9815 3151//9815
f 4940//9816 4939//9816 3151//9816
f 4938//9817 4939//9817 4940//9817
f 4940//9818 3151//9818 4807//9818
f 4807//9819 4941//9819 4940//9819
f 4940//9820 4941//9820 4938//9820
f 4941//9821 4807//9821 4808//9821
f 4808//9822 4815//9822 4941//9822
f 4938//9823 4941//9823 4815//9823
f 4942//9824 4937//9824 4938//9824
f 4942//9825 4938//9825 4815//9825
f 4930//9826 4937//9826 4942//9826
f 4942//9827 4815//9827 4943//9827
f 4943//9828 4815//9828 4816//9828
f 4942//9829 4944//9829 4930//9829
f 4942//9830 4943//9830 4944//9830
f 4944//9831 4935//9831 4930//9831
f 4945//9832 4943//9832 4816//9832
f 4944//9833 4943//9833 4945//9833
f 4821//9834 4945//9834 4816//9834
f 4935//9835 4944//9835 4946//9835
f 4944//9836 4945//9836 4946//9836
f 4932//9837 4935//9837 4946//9837
f 4932//9838 4946//9838 4933//9838
f 4946//9839 4945//9839 4947//9839
f 4821//9840 4947//9840 4945//9840
f 4946//9841 4947//9841 4933//9841
f 4947//9842 4821//9842 4948//9842
f 4947//9843 4948//9843 4933//9843
f 4933//9844 4948//9844 4949//9844
f 4949//9845 4889//9845 4933//9845
f 4949//9846 4950//9846 4889//9846
f 4948//9847 4950//9847 4949//9847
f 4889//9848 4950//9848 4877//9848
f 4878//9849 4877//9849 4950//9849
f 4878//9850 4950//9850 4948//9850
f 4951//9851 4948//9851 4821//9851
f 4948//9852 4951//9852 4878//9852
f 4828//9853 4951//9853 4821//9853
f 4951//9854 4952//9854 4878//9854
f 4952//9855 4951//9855 4828//9855
f 4869//9856 4878//9856 4952//9856
f 4952//9857 4828//9857 4953//9857
f 4952//9858 4953//9858 4869//9858
f 4831//9859 4953//9859 4828//9859
f 4869//9860 4953//9860 4836//9860
f 4836//9861 4953//9861 4831//9861
f 4954//9862 4955//9862 4956//9862
f 4957//9863 4955//9863 4954//9863
f 2169//9864 4954//9864 4956//9864
f 2169//9865 4958//9865 4954//9865
f 4954//9866 4958//9866 4957//9866
f 2165//9867 4958//9867 2169//9867
f 2166//9868 4958//9868 2165//9868
f 2166//9869 4957//9869 4958//9869
f 4959//9870 2169//9870 4956//9870
f 2169//9871 4959//9871 2185//9871
f 4960//9872 4957//9872 2166//9872
f 4960//9873 2166//9873 4225//9873
f 4225//9874 2166//9874 2167//9874
f 4709//9875 4960//9875 4225//9875
f 4957//9876 4960//9876 4709//9876
f 4706//9877 4957//9877 4709//9877
f 4957//9878 4706//9878 4955//9878
f 4959//9879 4961//9879 2185//9879
f 4961//9880 2190//9880 2185//9880
f 2281//9881 2190//9881 4961//9881
f 4959//9882 4962//9882 4961//9882
f 4956//9883 4962//9883 4959//9883
f 4963//9884 2281//9884 4961//9884
f 4961//9885 4962//9885 4963//9885
f 4964//9886 4962//9886 4956//9886
f 4963//9887 4962//9887 4964//9887
f 4956//9888 4955//9888 4964//9888
f 2281//9889 4963//9889 4965//9889
f 4966//9890 2281//9890 4965//9890
f 2281//9891 4966//9891 4659//9891
f 4965//9892 4963//9892 4967//9892
f 4967//9893 4963//9893 4964//9893
f 4966//9894 4965//9894 4968//9894
f 4968//9895 4659//9895 4966//9895
f 4968//9896 4965//9896 4967//9896
f 4677//9897 4659//9897 4968//9897
f 4968//9898 4967//9898 4969//9898
f 4677//9899 4968//9899 4969//9899
f 4969//9900 4970//9900 4677//9900
f 4676//9901 4677//9901 4970//9901
f 4967//9902 4971//9902 4969//9902
f 4971//9903 4970//9903 4969//9903
f 4970//9904 4678//9904 4676//9904
f 4972//9905 4971//9905 4967//9905
f 4964//9906 4972//9906 4967//9906
f 4973//9907 4970//9907 4971//9907
f 4973//9908 4678//9908 4970//9908
f 4973//9909 4971//9909 4972//9909
f 4974//9910 4678//9910 4973//9910
f 4972//9911 4974//9911 4973//9911
f 4975//9912 4678//9912 4974//9912
f 4972//9913 4976//9913 4974//9913
f 4976//9914 4972//9914 4964//9914
f 4976//9915 4975//9915 4974//9915
f 4685//9916 4678//9916 4975//9916
f 4976//9917 4964//9917 4977//9917
f 4975//9918 4976//9918 4977//9918
f 4955//9919 4977//9919 4964//9919
f 4978//9920 4685//9920 4975//9920
f 4978//9921 4975//9921 4977//9921
f 4978//9922 4697//9922 4685//9922
f 4955//9923 4979//9923 4977//9923
f 4979//9924 4978//9924 4977//9924
f 4979//9925 4697//9925 4978//9925
f 4706//9926 4979//9926 4955//9926
f 4979//9927 4706//9927 4697//9927
f 4857//9928 4855//9928 4980//9928
f 4857//9929 4980//9929 4860//9929
f 4860//9930 4980//9930 4880//9930
f 4855//9931 4981//9931 4980//9931
f 4980//9932 4981//9932 4880//9932
f 4981//9933 4855//9933 4982//9933
f 4982//9934 4855//9934 4856//9934
f 4981//9935 4983//9935 4880//9935
f 4880//9936 4983//9936 4885//9936
f 4982//9937 4984//9937 4981//9937
f 4856//9938 4984//9938 4982//9938
f 4983//9939 4981//9939 4985//9939
f 4985//9940 4981//9940 4984//9940
f 4885//9941 4983//9941 4986//9941
f 4986//9942 4983//9942 4985//9942
f 4987//9943 4885//9943 4986//9943
f 4892//9944 4885//9944 4987//9944
f 4988//9945 4986//9945 4985//9945
f 4987//9946 4986//9946 4988//9946
f 4987//9947 3239//9947 4892//9947
f 4987//9948 4988//9948 3239//9948
f 3238//9949 4892//9949 3239//9949
f 3239//9950 4988//9950 3243//9950
f 3238//9951 4989//9951 4892//9951
f 4892//9952 4989//9952 3223//9952
f 3222//9953 4989//9953 3238//9953
f 4989//9954 3220//9954 3223//9954
f 3222//9955 3220//9955 4989//9955
f 4988//9956 4990//9956 3243//9956
f 4988//9957 4985//9957 4990//9957
f 3243//9958 4990//9958 3248//9958
f 4985//9959 4984//9959 4990//9959
f 4990//9960 4984//9960 4991//9960
f 4990//9961 4991//9961 3248//9961
f 4856//9962 4991//9962 4984//9962
f 3248//9963 4991//9963 4992//9963
f 3247//9964 3248//9964 4992//9964
f 4993//9965 4991//9965 4856//9965
f 3280//9966 4993//9966 4856//9966
f 3263//9967 4993//9967 3280//9967
f 3263//9968 3261//9968 4993//9968
f 3247//9969 4992//9969 4994//9969
f 4994//9970 4992//9970 4991//9970
f 3261//9971 3247//9971 4994//9971
f 4993//9972 4994//9972 4991//9972
f 3261//9973 4994//9973 4993//9973
f 4995//9974 2368//9974 2373//9974
f 4995//9975 2373//9975 2388//9975
f 2388//9976 2483//9976 4995//9976
f 4996//9977 2368//9977 4995//9977
f 4996//9978 2367//9978 2368//9978
f 4997//9979 4995//9979 2483//9979
f 4996//9980 4995//9980 4997//9980
f 2367//9981 4996//9981 4997//9981
f 3063//9982 4997//9982 2483//9982
f 2367//9983 4997//9983 3063//9983
